series_id,period,geography,value,unit,kind,source_id,vintage,quality,method_note
receipts.alcohol_tobacco,2019-20,UK,21.717,gbp_bn,outturn,ons_psf_receipts,PSF-2026-09,sourced,"Tobacco duties (GTAO) + alcohol duties (MF6V). ONS PSF Appendix D, sum of the 12 monthly values Apr 2019 to Mar 2020."
receipts.alcohol_tobacco,2020-21,UK,21.944,gbp_bn,outturn,ons_psf_receipts,PSF-2026-09,sourced,"Tobacco duties (GTAO) + alcohol duties (MF6V). ONS PSF Appendix D, sum of the 12 monthly values Apr 2020 to Mar 2021."
receipts.alcohol_tobacco,2021-22,UK,23.37,gbp_bn,outturn,ons_psf_receipts,PSF-2026-09,sourced,"Tobacco duties (GTAO) + alcohol duties (MF6V). ONS PSF Appendix D, sum of the 12 monthly values Apr 2021 to Mar 2022."
receipts.alcohol_tobacco,2022-23,UK,21.759,gbp_bn,outturn,ons_psf_receipts,PSF-2026-09,sourced,"Tobacco duties (GTAO) + alcohol duties (MF6V). ONS PSF Appendix D, sum of the 12 monthly values Apr 2022 to Mar 2023."
receipts.alcohol_tobacco,2023-24,UK,21.484,gbp_bn,outturn,ons_psf_receipts,PSF-2026-09,sourced,"Tobacco duties (GTAO) + alcohol duties (MF6V). ONS PSF Appendix D, sum of the 12 monthly values Apr 2023 to Mar 2024."
receipts.alcohol_tobacco,2024-25,UK,20.454,gbp_bn,outturn,ons_psf_receipts,PSF-2026-09,sourced,"Tobacco duties (GTAO) + alcohol duties (MF6V). ONS PSF Appendix D, sum of the 12 monthly values Apr 2024 to Mar 2025."
receipts.alcohol_tobacco,2025-26,UK,19.9,gbp_bn,outturn,ons_psf_receipts,PSF-2026-09,sourced,"Tobacco duties (GTAO) + alcohol duties (MF6V). ONS PSF Appendix D, sum of the 12 monthly values Apr 2025 to Mar 2026."
receipts.business_rates,2019-20,UK,27.827,gbp_bn,outturn,ons_psf_receipts,PSF-2026-09,sourced,"Business rates (CUKY). ONS PSF Appendix D, sum of the 12 monthly values Apr 2019 to Mar 2020."
receipts.business_rates,2020-21,UK,15.887,gbp_bn,outturn,ons_psf_receipts,PSF-2026-09,sourced,"Business rates (CUKY). ONS PSF Appendix D, sum of the 12 monthly values Apr 2020 to Mar 2021."
receipts.business_rates,2021-22,UK,21.898,gbp_bn,outturn,ons_psf_receipts,PSF-2026-09,sourced,"Business rates (CUKY). ONS PSF Appendix D, sum of the 12 monthly values Apr 2021 to Mar 2022."
receipts.business_rates,2022-23,UK,25.768,gbp_bn,outturn,ons_psf_receipts,PSF-2026-09,sourced,"Business rates (CUKY). ONS PSF Appendix D, sum of the 12 monthly values Apr 2022 to Mar 2023."
receipts.business_rates,2023-24,UK,26.244,gbp_bn,outturn,ons_psf_receipts,PSF-2026-09,sourced,"Business rates (CUKY). ONS PSF Appendix D, sum of the 12 monthly values Apr 2023 to Mar 2024."
receipts.business_rates,2024-25,UK,28.618,gbp_bn,outturn,ons_psf_receipts,PSF-2026-09,sourced,"Business rates (CUKY). ONS PSF Appendix D, sum of the 12 monthly values Apr 2024 to Mar 2025."
receipts.business_rates,2025-26,UK,30.269,gbp_bn,outturn,ons_psf_receipts,PSF-2026-09,sourced,"Business rates (CUKY). ONS PSF Appendix D, sum of the 12 monthly values Apr 2025 to Mar 2026."
receipts.cgt,2019-20,UK,9.827,gbp_bn,outturn,ons_psf_receipts,PSF-2026-09,sourced,"Capital gains tax (MS62). ONS PSF Appendix D, sum of the 12 monthly values Apr 2019 to Mar 2020."
receipts.cgt,2020-21,UK,11.131,gbp_bn,outturn,ons_psf_receipts,PSF-2026-09,sourced,"Capital gains tax (MS62). ONS PSF Appendix D, sum of the 12 monthly values Apr 2020 to Mar 2021."
receipts.cgt,2021-22,UK,15.267,gbp_bn,outturn,ons_psf_receipts,PSF-2026-09,sourced,"Capital gains tax (MS62). ONS PSF Appendix D, sum of the 12 monthly values Apr 2021 to Mar 2022."
receipts.cgt,2022-23,UK,16.928,gbp_bn,outturn,ons_psf_receipts,PSF-2026-09,sourced,"Capital gains tax (MS62). ONS PSF Appendix D, sum of the 12 monthly values Apr 2022 to Mar 2023."
receipts.cgt,2023-24,UK,14.493,gbp_bn,outturn,ons_psf_receipts,PSF-2026-09,sourced,"Capital gains tax (MS62). ONS PSF Appendix D, sum of the 12 monthly values Apr 2023 to Mar 2024."
receipts.cgt,2024-25,UK,13.686,gbp_bn,outturn,ons_psf_receipts,PSF-2026-09,sourced,"Capital gains tax (MS62). ONS PSF Appendix D, sum of the 12 monthly values Apr 2024 to Mar 2025."
receipts.cgt,2025-26,UK,24.31,gbp_bn,outturn,ons_psf_receipts,PSF-2026-09,sourced,"Capital gains tax (MS62). ONS PSF Appendix D, sum of the 12 monthly values Apr 2025 to Mar 2026."
receipts.corp_tax,2019-20,UK,51.137,gbp_bn,outturn,ons_psf_receipts,PSF-2026-09,sourced,"Onshore corporation tax (CPSC, incl. bank surcharge, residential property developer tax and diverted profits tax) + offshore corporation tax (CPSB) minus the energy profits levy (JIS6) that ONS records within offshore CT. ONS PSF Appendix D, sum of the 12 monthly values Apr 2019 to Mar 2020."
receipts.corp_tax,2020-21,UK,55.191,gbp_bn,outturn,ons_psf_receipts,PSF-2026-09,sourced,"Onshore corporation tax (CPSC, incl. bank surcharge, residential property developer tax and diverted profits tax) + offshore corporation tax (CPSB) minus the energy profits levy (JIS6) that ONS records within offshore CT. ONS PSF Appendix D, sum of the 12 monthly values Apr 2020 to Mar 2021."
receipts.corp_tax,2021-22,UK,72.061,gbp_bn,outturn,ons_psf_receipts,PSF-2026-09,sourced,"Onshore corporation tax (CPSC, incl. bank surcharge, residential property developer tax and diverted profits tax) + offshore corporation tax (CPSB) minus the energy profits levy (JIS6) that ONS records within offshore CT. ONS PSF Appendix D, sum of the 12 monthly values Apr 2021 to Mar 2022."
receipts.corp_tax,2022-23,UK,80.66,gbp_bn,outturn,ons_psf_receipts,PSF-2026-09,sourced,"Onshore corporation tax (CPSC, incl. bank surcharge, residential property developer tax and diverted profits tax) + offshore corporation tax (CPSB) minus the energy profits levy (JIS6) that ONS records within offshore CT. ONS PSF Appendix D, sum of the 12 monthly values Apr 2022 to Mar 2023."
receipts.corp_tax,2023-24,UK,92.296,gbp_bn,outturn,ons_psf_receipts,PSF-2026-09,sourced,"Onshore corporation tax (CPSC, incl. bank surcharge, residential property developer tax and diverted profits tax) + offshore corporation tax (CPSB) minus the energy profits levy (JIS6) that ONS records within offshore CT. ONS PSF Appendix D, sum of the 12 monthly values Apr 2023 to Mar 2024."
receipts.corp_tax,2024-25,UK,95.01,gbp_bn,outturn,ons_psf_receipts,PSF-2026-09,sourced,"Onshore corporation tax (CPSC, incl. bank surcharge, residential property developer tax and diverted profits tax) + offshore corporation tax (CPSB) minus the energy profits levy (JIS6) that ONS records within offshore CT. ONS PSF Appendix D, sum of the 12 monthly values Apr 2024 to Mar 2025."
receipts.corp_tax,2025-26,UK,100.196,gbp_bn,outturn,ons_psf_receipts,PSF-2026-09,sourced,"Onshore corporation tax (CPSC, incl. bank surcharge, residential property developer tax and diverted profits tax) + offshore corporation tax (CPSB) minus the energy profits levy (JIS6) that ONS records within offshore CT. ONS PSF Appendix D, sum of the 12 monthly values Apr 2025 to Mar 2026."
receipts.council_tax,2019-20,UK,36.339,gbp_bn,outturn,ons_psf_receipts,PSF-2026-09,sourced,"Council tax (NMHM). ONS PSF Appendix D, sum of the 12 monthly values Apr 2019 to Mar 2020."
receipts.council_tax,2020-21,UK,37.58,gbp_bn,outturn,ons_psf_receipts,PSF-2026-09,sourced,"Council tax (NMHM). ONS PSF Appendix D, sum of the 12 monthly values Apr 2020 to Mar 2021."
receipts.council_tax,2021-22,UK,39.969,gbp_bn,outturn,ons_psf_receipts,PSF-2026-09,sourced,"Council tax (NMHM). ONS PSF Appendix D, sum of the 12 monthly values Apr 2021 to Mar 2022."
receipts.council_tax,2022-23,UK,41.968,gbp_bn,outturn,ons_psf_receipts,PSF-2026-09,sourced,"Council tax (NMHM). ONS PSF Appendix D, sum of the 12 monthly values Apr 2022 to Mar 2023."
receipts.council_tax,2023-24,UK,44.489,gbp_bn,outturn,ons_psf_receipts,PSF-2026-09,sourced,"Council tax (NMHM). ONS PSF Appendix D, sum of the 12 monthly values Apr 2023 to Mar 2024."
receipts.council_tax,2024-25,UK,47.417,gbp_bn,outturn,ons_psf_receipts,PSF-2026-09,sourced,"Council tax (NMHM). ONS PSF Appendix D, sum of the 12 monthly values Apr 2024 to Mar 2025."
receipts.council_tax,2025-26,UK,50.444,gbp_bn,outturn,ons_psf_receipts,PSF-2026-09,sourced,"Council tax (NMHM). ONS PSF Appendix D, sum of the 12 monthly values Apr 2025 to Mar 2026."
receipts.detail.ons_psf_receipts.alcohol_duties_beer,2019-20,UK,3.21,gbp_bn,outturn,ons_psf_receipts,PSF-2026-09,sourced,"Column 'Alcohol duties - of which beer (£ millions)' [GTAM]. ONS PSF Appendix D, sum of the 12 monthly values Apr 2019 to Mar 2020."
receipts.detail.ons_psf_receipts.alcohol_duties_beer,2020-21,UK,3.271,gbp_bn,outturn,ons_psf_receipts,PSF-2026-09,sourced,"Column 'Alcohol duties - of which beer (£ millions)' [GTAM]. ONS PSF Appendix D, sum of the 12 monthly values Apr 2020 to Mar 2021."
receipts.detail.ons_psf_receipts.alcohol_duties_beer,2021-22,UK,3.807,gbp_bn,outturn,ons_psf_receipts,PSF-2026-09,sourced,"Column 'Alcohol duties - of which beer (£ millions)' [GTAM]. ONS PSF Appendix D, sum of the 12 monthly values Apr 2021 to Mar 2022."
receipts.detail.ons_psf_receipts.alcohol_duties_beer,2022-23,UK,3.683,gbp_bn,outturn,ons_psf_receipts,PSF-2026-09,sourced,"Column 'Alcohol duties - of which beer (£ millions)' [GTAM]. ONS PSF Appendix D, sum of the 12 monthly values Apr 2022 to Mar 2023."
receipts.detail.ons_psf_receipts.alcohol_duties_beer,2023-24,UK,3.588,gbp_bn,outturn,ons_psf_receipts,PSF-2026-09,sourced,"Column 'Alcohol duties - of which beer (£ millions)' [GTAM]. ONS PSF Appendix D, sum of the 12 monthly values Apr 2023 to Mar 2024."
receipts.detail.ons_psf_receipts.alcohol_duties_beer,2024-25,UK,3.521,gbp_bn,outturn,ons_psf_receipts,PSF-2026-09,sourced,"Column 'Alcohol duties - of which beer (£ millions)' [GTAM]. ONS PSF Appendix D, sum of the 12 monthly values Apr 2024 to Mar 2025."
receipts.detail.ons_psf_receipts.alcohol_duties_beer,2025-26,UK,3.421,gbp_bn,outturn,ons_psf_receipts,PSF-2026-09,sourced,"Column 'Alcohol duties - of which beer (£ millions)' [GTAM]. ONS PSF Appendix D, sum of the 12 monthly values Apr 2025 to Mar 2026."
receipts.detail.ons_psf_receipts.alcohol_duties_domestic_wines_cider_and_perry,2019-20,UK,0.257,gbp_bn,outturn,ons_psf_receipts,PSF-2026-09,sourced,"Column 'Alcohol duties - of which domestic wines, cider and perry (£ millions)' [CUDE]. ONS PSF Appendix D, sum of the 12 monthly values Apr 2019 to Mar 2020."
receipts.detail.ons_psf_receipts.alcohol_duties_domestic_wines_cider_and_perry,2020-21,UK,0.249,gbp_bn,outturn,ons_psf_receipts,PSF-2026-09,sourced,"Column 'Alcohol duties - of which domestic wines, cider and perry (£ millions)' [CUDE]. ONS PSF Appendix D, sum of the 12 monthly values Apr 2020 to Mar 2021."
receipts.detail.ons_psf_receipts.alcohol_duties_domestic_wines_cider_and_perry,2021-22,UK,0.236,gbp_bn,outturn,ons_psf_receipts,PSF-2026-09,sourced,"Column 'Alcohol duties - of which domestic wines, cider and perry (£ millions)' [CUDE]. ONS PSF Appendix D, sum of the 12 monthly values Apr 2021 to Mar 2022."
receipts.detail.ons_psf_receipts.alcohol_duties_domestic_wines_cider_and_perry,2022-23,UK,0.242,gbp_bn,outturn,ons_psf_receipts,PSF-2026-09,sourced,"Column 'Alcohol duties - of which domestic wines, cider and perry (£ millions)' [CUDE]. ONS PSF Appendix D, sum of the 12 monthly values Apr 2022 to Mar 2023."
receipts.detail.ons_psf_receipts.alcohol_duties_domestic_wines_cider_and_perry,2023-24,UK,0.217,gbp_bn,outturn,ons_psf_receipts,PSF-2026-09,sourced,"Column 'Alcohol duties - of which domestic wines, cider and perry (£ millions)' [CUDE]. ONS PSF Appendix D, sum of the 12 monthly values Apr 2023 to Mar 2024."
receipts.detail.ons_psf_receipts.alcohol_duties_domestic_wines_cider_and_perry,2024-25,UK,0.225,gbp_bn,outturn,ons_psf_receipts,PSF-2026-09,sourced,"Column 'Alcohol duties - of which domestic wines, cider and perry (£ millions)' [CUDE]. ONS PSF Appendix D, sum of the 12 monthly values Apr 2024 to Mar 2025."
receipts.detail.ons_psf_receipts.alcohol_duties_domestic_wines_cider_and_perry,2025-26,UK,0.3,gbp_bn,outturn,ons_psf_receipts,PSF-2026-09,sourced,"Column 'Alcohol duties - of which domestic wines, cider and perry (£ millions)' [CUDE]. ONS PSF Appendix D, sum of the 12 monthly values Apr 2025 to Mar 2026."
receipts.detail.ons_psf_receipts.alcohol_duties_imported_wines,2019-20,UK,4.758,gbp_bn,outturn,ons_psf_receipts,PSF-2026-09,sourced,"Column 'Alcohol duties - of which imported wines (£ millions)' [CUDI]. ONS PSF Appendix D, sum of the 12 monthly values Apr 2019 to Mar 2020."
receipts.detail.ons_psf_receipts.alcohol_duties_imported_wines,2020-21,UK,4.477,gbp_bn,outturn,ons_psf_receipts,PSF-2026-09,sourced,"Column 'Alcohol duties - of which imported wines (£ millions)' [CUDI]. ONS PSF Appendix D, sum of the 12 monthly values Apr 2020 to Mar 2021."
receipts.detail.ons_psf_receipts.alcohol_duties_imported_wines,2021-22,UK,4.695,gbp_bn,outturn,ons_psf_receipts,PSF-2026-09,sourced,"Column 'Alcohol duties - of which imported wines (£ millions)' [CUDI]. ONS PSF Appendix D, sum of the 12 monthly values Apr 2021 to Mar 2022."
receipts.detail.ons_psf_receipts.alcohol_duties_imported_wines,2022-23,UK,4.357,gbp_bn,outturn,ons_psf_receipts,PSF-2026-09,sourced,"Column 'Alcohol duties - of which imported wines (£ millions)' [CUDI]. ONS PSF Appendix D, sum of the 12 monthly values Apr 2022 to Mar 2023."
receipts.detail.ons_psf_receipts.alcohol_duties_imported_wines,2023-24,UK,4.6,gbp_bn,outturn,ons_psf_receipts,PSF-2026-09,sourced,"Column 'Alcohol duties - of which imported wines (£ millions)' [CUDI]. ONS PSF Appendix D, sum of the 12 monthly values Apr 2023 to Mar 2024."
receipts.detail.ons_psf_receipts.alcohol_duties_imported_wines,2024-25,UK,4.685,gbp_bn,outturn,ons_psf_receipts,PSF-2026-09,sourced,"Column 'Alcohol duties - of which imported wines (£ millions)' [CUDI]. ONS PSF Appendix D, sum of the 12 monthly values Apr 2024 to Mar 2025."
receipts.detail.ons_psf_receipts.alcohol_duties_imported_wines,2025-26,UK,4.634,gbp_bn,outturn,ons_psf_receipts,PSF-2026-09,sourced,"Column 'Alcohol duties - of which imported wines (£ millions)' [CUDI]. ONS PSF Appendix D, sum of the 12 monthly values Apr 2025 to Mar 2026."
receipts.detail.ons_psf_receipts.alcohol_duties_spirits,2019-20,UK,3.799,gbp_bn,outturn,ons_psf_receipts,PSF-2026-09,sourced,"Column 'Alcohol duties - of which spirits (£ millions)' [CSAI]. ONS PSF Appendix D, sum of the 12 monthly values Apr 2019 to Mar 2020."
receipts.detail.ons_psf_receipts.alcohol_duties_spirits,2020-21,UK,4.159,gbp_bn,outturn,ons_psf_receipts,PSF-2026-09,sourced,"Column 'Alcohol duties - of which spirits (£ millions)' [CSAI]. ONS PSF Appendix D, sum of the 12 monthly values Apr 2020 to Mar 2021."
receipts.detail.ons_psf_receipts.alcohol_duties_spirits,2021-22,UK,4.441,gbp_bn,outturn,ons_psf_receipts,PSF-2026-09,sourced,"Column 'Alcohol duties - of which spirits (£ millions)' [CSAI]. ONS PSF Appendix D, sum of the 12 monthly values Apr 2021 to Mar 2022."
receipts.detail.ons_psf_receipts.alcohol_duties_spirits,2022-23,UK,4.102,gbp_bn,outturn,ons_psf_receipts,PSF-2026-09,sourced,"Column 'Alcohol duties - of which spirits (£ millions)' [CSAI]. ONS PSF Appendix D, sum of the 12 monthly values Apr 2022 to Mar 2023."
receipts.detail.ons_psf_receipts.alcohol_duties_spirits,2023-24,UK,4.11,gbp_bn,outturn,ons_psf_receipts,PSF-2026-09,sourced,"Column 'Alcohol duties - of which spirits (£ millions)' [CSAI]. ONS PSF Appendix D, sum of the 12 monthly values Apr 2023 to Mar 2024."
receipts.detail.ons_psf_receipts.alcohol_duties_spirits,2024-25,UK,4.114,gbp_bn,outturn,ons_psf_receipts,PSF-2026-09,sourced,"Column 'Alcohol duties - of which spirits (£ millions)' [CSAI]. ONS PSF Appendix D, sum of the 12 monthly values Apr 2024 to Mar 2025."
receipts.detail.ons_psf_receipts.alcohol_duties_spirits,2025-26,UK,4.077,gbp_bn,outturn,ons_psf_receipts,PSF-2026-09,sourced,"Column 'Alcohol duties - of which spirits (£ millions)' [CSAI]. ONS PSF Appendix D, sum of the 12 monthly values Apr 2025 to Mar 2026."
receipts.detail.ons_psf_receipts.alcohol_duties_total,2019-20,UK,12.024,gbp_bn,outturn,ons_psf_receipts,PSF-2026-09,sourced,"Column 'Alcohol duties - total (£ millions)' [MF6V]. ONS PSF Appendix D, sum of the 12 monthly values Apr 2019 to Mar 2020."
receipts.detail.ons_psf_receipts.alcohol_duties_total,2020-21,UK,12.156,gbp_bn,outturn,ons_psf_receipts,PSF-2026-09,sourced,"Column 'Alcohol duties - total (£ millions)' [MF6V]. ONS PSF Appendix D, sum of the 12 monthly values Apr 2020 to Mar 2021."
receipts.detail.ons_psf_receipts.alcohol_duties_total,2021-22,UK,13.179,gbp_bn,outturn,ons_psf_receipts,PSF-2026-09,sourced,"Column 'Alcohol duties - total (£ millions)' [MF6V]. ONS PSF Appendix D, sum of the 12 monthly values Apr 2021 to Mar 2022."
receipts.detail.ons_psf_receipts.alcohol_duties_total,2022-23,UK,12.384,gbp_bn,outturn,ons_psf_receipts,PSF-2026-09,sourced,"Column 'Alcohol duties - total (£ millions)' [MF6V]. ONS PSF Appendix D, sum of the 12 monthly values Apr 2022 to Mar 2023."
receipts.detail.ons_psf_receipts.alcohol_duties_total,2023-24,UK,12.515,gbp_bn,outturn,ons_psf_receipts,PSF-2026-09,sourced,"Column 'Alcohol duties - total (£ millions)' [MF6V]. ONS PSF Appendix D, sum of the 12 monthly values Apr 2023 to Mar 2024."
receipts.detail.ons_psf_receipts.alcohol_duties_total,2024-25,UK,12.545,gbp_bn,outturn,ons_psf_receipts,PSF-2026-09,sourced,"Column 'Alcohol duties - total (£ millions)' [MF6V]. ONS PSF Appendix D, sum of the 12 monthly values Apr 2024 to Mar 2025."
receipts.detail.ons_psf_receipts.alcohol_duties_total,2025-26,UK,12.432,gbp_bn,outturn,ons_psf_receipts,PSF-2026-09,sourced,"Column 'Alcohol duties - total (£ millions)' [MF6V]. ONS PSF Appendix D, sum of the 12 monthly values Apr 2025 to Mar 2026."
receipts.detail.ons_psf_receipts.bank_levy,2019-20,UK,2.523,gbp_bn,outturn,ons_psf_receipts,PSF-2026-09,sourced,"Column 'Bank levy (£ millions)' [KIH3]. ONS PSF Appendix D, sum of the 12 monthly values Apr 2019 to Mar 2020."
receipts.detail.ons_psf_receipts.bank_levy,2020-21,UK,1.902,gbp_bn,outturn,ons_psf_receipts,PSF-2026-09,sourced,"Column 'Bank levy (£ millions)' [KIH3]. ONS PSF Appendix D, sum of the 12 monthly values Apr 2020 to Mar 2021."
receipts.detail.ons_psf_receipts.bank_levy,2021-22,UK,1.29,gbp_bn,outturn,ons_psf_receipts,PSF-2026-09,sourced,"Column 'Bank levy (£ millions)' [KIH3]. ONS PSF Appendix D, sum of the 12 monthly values Apr 2021 to Mar 2022."
receipts.detail.ons_psf_receipts.bank_levy,2022-23,UK,1.284,gbp_bn,outturn,ons_psf_receipts,PSF-2026-09,sourced,"Column 'Bank levy (£ millions)' [KIH3]. ONS PSF Appendix D, sum of the 12 monthly values Apr 2022 to Mar 2023."
receipts.detail.ons_psf_receipts.bank_levy,2023-24,UK,1.509,gbp_bn,outturn,ons_psf_receipts,PSF-2026-09,sourced,"Column 'Bank levy (£ millions)' [KIH3]. ONS PSF Appendix D, sum of the 12 monthly values Apr 2023 to Mar 2024."
receipts.detail.ons_psf_receipts.bank_levy,2024-25,UK,1.329,gbp_bn,outturn,ons_psf_receipts,PSF-2026-09,sourced,"Column 'Bank levy (£ millions)' [KIH3]. ONS PSF Appendix D, sum of the 12 monthly values Apr 2024 to Mar 2025."
receipts.detail.ons_psf_receipts.bank_levy,2025-26,UK,1.515,gbp_bn,outturn,ons_psf_receipts,PSF-2026-09,sourced,"Column 'Bank levy (£ millions)' [KIH3]. ONS PSF Appendix D, sum of the 12 monthly values Apr 2025 to Mar 2026."
receipts.detail.ons_psf_receipts.business_rates,2019-20,UK,27.827,gbp_bn,outturn,ons_psf_receipts,PSF-2026-09,sourced,"Column 'Business rates (£ millions)' [CUKY]. ONS PSF Appendix D, sum of the 12 monthly values Apr 2019 to Mar 2020."
receipts.detail.ons_psf_receipts.business_rates,2020-21,UK,15.887,gbp_bn,outturn,ons_psf_receipts,PSF-2026-09,sourced,"Column 'Business rates (£ millions)' [CUKY]. ONS PSF Appendix D, sum of the 12 monthly values Apr 2020 to Mar 2021."
receipts.detail.ons_psf_receipts.business_rates,2021-22,UK,21.898,gbp_bn,outturn,ons_psf_receipts,PSF-2026-09,sourced,"Column 'Business rates (£ millions)' [CUKY]. ONS PSF Appendix D, sum of the 12 monthly values Apr 2021 to Mar 2022."
receipts.detail.ons_psf_receipts.business_rates,2022-23,UK,25.768,gbp_bn,outturn,ons_psf_receipts,PSF-2026-09,sourced,"Column 'Business rates (£ millions)' [CUKY]. ONS PSF Appendix D, sum of the 12 monthly values Apr 2022 to Mar 2023."
receipts.detail.ons_psf_receipts.business_rates,2023-24,UK,26.244,gbp_bn,outturn,ons_psf_receipts,PSF-2026-09,sourced,"Column 'Business rates (£ millions)' [CUKY]. ONS PSF Appendix D, sum of the 12 monthly values Apr 2023 to Mar 2024."
receipts.detail.ons_psf_receipts.business_rates,2024-25,UK,28.618,gbp_bn,outturn,ons_psf_receipts,PSF-2026-09,sourced,"Column 'Business rates (£ millions)' [CUKY]. ONS PSF Appendix D, sum of the 12 monthly values Apr 2024 to Mar 2025."
receipts.detail.ons_psf_receipts.business_rates,2025-26,UK,30.269,gbp_bn,outturn,ons_psf_receipts,PSF-2026-09,sourced,"Column 'Business rates (£ millions)' [CUKY]. ONS PSF Appendix D, sum of the 12 monthly values Apr 2025 to Mar 2026."
receipts.detail.ons_psf_receipts.corporation_tax_off_shore,2019-20,UK,0.984,gbp_bn,outturn,ons_psf_receipts,PSF-2026-09,sourced,"Column 'Corporation tax - of which off shore (£ millions)' [CPSB]. ONS PSF Appendix D, sum of the 12 monthly values Apr 2019 to Mar 2020."
receipts.detail.ons_psf_receipts.corporation_tax_off_shore,2020-21,UK,0.691,gbp_bn,outturn,ons_psf_receipts,PSF-2026-09,sourced,"Column 'Corporation tax - of which off shore (£ millions)' [CPSB]. ONS PSF Appendix D, sum of the 12 monthly values Apr 2020 to Mar 2021."
receipts.detail.ons_psf_receipts.corporation_tax_off_shore,2021-22,UK,3.142,gbp_bn,outturn,ons_psf_receipts,PSF-2026-09,sourced,"Column 'Corporation tax - of which off shore (£ millions)' [CPSB]. ONS PSF Appendix D, sum of the 12 monthly values Apr 2021 to Mar 2022."
receipts.detail.ons_psf_receipts.corporation_tax_off_shore,2022-23,UK,10.09,gbp_bn,outturn,ons_psf_receipts,PSF-2026-09,sourced,"Column 'Corporation tax - of which off shore (£ millions)' [CPSB]. ONS PSF Appendix D, sum of the 12 monthly values Apr 2022 to Mar 2023."
receipts.detail.ons_psf_receipts.corporation_tax_off_shore,2023-24,UK,5.854,gbp_bn,outturn,ons_psf_receipts,PSF-2026-09,sourced,"Column 'Corporation tax - of which off shore (£ millions)' [CPSB]. ONS PSF Appendix D, sum of the 12 monthly values Apr 2023 to Mar 2024."
receipts.detail.ons_psf_receipts.corporation_tax_off_shore,2024-25,UK,4.781,gbp_bn,outturn,ons_psf_receipts,PSF-2026-09,sourced,"Column 'Corporation tax - of which off shore (£ millions)' [CPSB]. ONS PSF Appendix D, sum of the 12 monthly values Apr 2024 to Mar 2025."
receipts.detail.ons_psf_receipts.corporation_tax_off_shore,2025-26,UK,4.55,gbp_bn,outturn,ons_psf_receipts,PSF-2026-09,sourced,"Column 'Corporation tax - of which off shore (£ millions)' [CPSB]. ONS PSF Appendix D, sum of the 12 monthly values Apr 2025 to Mar 2026."
receipts.detail.ons_psf_receipts.corporation_tax_off_shore_energy_profits_levy,2019-20,UK,0.0,gbp_bn,outturn,ons_psf_receipts,PSF-2026-09,sourced,"Column 'Corporation tax of which - off shore energy profits levy (£ millions)' [JIS6]. ONS PSF Appendix D, sum of the 12 monthly values Apr 2019 to Mar 2020."
receipts.detail.ons_psf_receipts.corporation_tax_off_shore_energy_profits_levy,2020-21,UK,0.0,gbp_bn,outturn,ons_psf_receipts,PSF-2026-09,sourced,"Column 'Corporation tax of which - off shore energy profits levy (£ millions)' [JIS6]. ONS PSF Appendix D, sum of the 12 monthly values Apr 2020 to Mar 2021."
receipts.detail.ons_psf_receipts.corporation_tax_off_shore_energy_profits_levy,2021-22,UK,0.0,gbp_bn,outturn,ons_psf_receipts,PSF-2026-09,sourced,"Column 'Corporation tax of which - off shore energy profits levy (£ millions)' [JIS6]. ONS PSF Appendix D, sum of the 12 monthly values Apr 2021 to Mar 2022."
receipts.detail.ons_psf_receipts.corporation_tax_off_shore_energy_profits_levy,2022-23,UK,4.256,gbp_bn,outturn,ons_psf_receipts,PSF-2026-09,sourced,"Column 'Corporation tax of which - off shore energy profits levy (£ millions)' [JIS6]. ONS PSF Appendix D, sum of the 12 monthly values Apr 2022 to Mar 2023."
receipts.detail.ons_psf_receipts.corporation_tax_off_shore_energy_profits_levy,2023-24,UK,3.169,gbp_bn,outturn,ons_psf_receipts,PSF-2026-09,sourced,"Column 'Corporation tax of which - off shore energy profits levy (£ millions)' [JIS6]. ONS PSF Appendix D, sum of the 12 monthly values Apr 2023 to Mar 2024."
receipts.detail.ons_psf_receipts.corporation_tax_off_shore_energy_profits_levy,2024-25,UK,2.548,gbp_bn,outturn,ons_psf_receipts,PSF-2026-09,sourced,"Column 'Corporation tax of which - off shore energy profits levy (£ millions)' [JIS6]. ONS PSF Appendix D, sum of the 12 monthly values Apr 2024 to Mar 2025."
receipts.detail.ons_psf_receipts.corporation_tax_off_shore_energy_profits_levy,2025-26,UK,2.756,gbp_bn,outturn,ons_psf_receipts,PSF-2026-09,sourced,"Column 'Corporation tax of which - off shore energy profits levy (£ millions)' [JIS6]. ONS PSF Appendix D, sum of the 12 monthly values Apr 2025 to Mar 2026."
receipts.detail.ons_psf_receipts.corporation_tax_on_shore,2019-20,UK,50.153,gbp_bn,outturn,ons_psf_receipts,PSF-2026-09,sourced,"Column 'Corporation tax - of which on shore (£ millions)' [CPSC]. ONS PSF Appendix D, sum of the 12 monthly values Apr 2019 to Mar 2020."
receipts.detail.ons_psf_receipts.corporation_tax_on_shore,2020-21,UK,54.5,gbp_bn,outturn,ons_psf_receipts,PSF-2026-09,sourced,"Column 'Corporation tax - of which on shore (£ millions)' [CPSC]. ONS PSF Appendix D, sum of the 12 monthly values Apr 2020 to Mar 2021."
receipts.detail.ons_psf_receipts.corporation_tax_on_shore,2021-22,UK,68.919,gbp_bn,outturn,ons_psf_receipts,PSF-2026-09,sourced,"Column 'Corporation tax - of which on shore (£ millions)' [CPSC]. ONS PSF Appendix D, sum of the 12 monthly values Apr 2021 to Mar 2022."
receipts.detail.ons_psf_receipts.corporation_tax_on_shore,2022-23,UK,74.826,gbp_bn,outturn,ons_psf_receipts,PSF-2026-09,sourced,"Column 'Corporation tax - of which on shore (£ millions)' [CPSC]. ONS PSF Appendix D, sum of the 12 monthly values Apr 2022 to Mar 2023."
receipts.detail.ons_psf_receipts.corporation_tax_on_shore,2023-24,UK,89.611,gbp_bn,outturn,ons_psf_receipts,PSF-2026-09,sourced,"Column 'Corporation tax - of which on shore (£ millions)' [CPSC]. ONS PSF Appendix D, sum of the 12 monthly values Apr 2023 to Mar 2024."
receipts.detail.ons_psf_receipts.corporation_tax_on_shore,2024-25,UK,92.777,gbp_bn,outturn,ons_psf_receipts,PSF-2026-09,sourced,"Column 'Corporation tax - of which on shore (£ millions)' [CPSC]. ONS PSF Appendix D, sum of the 12 monthly values Apr 2024 to Mar 2025."
receipts.detail.ons_psf_receipts.corporation_tax_on_shore,2025-26,UK,98.402,gbp_bn,outturn,ons_psf_receipts,PSF-2026-09,sourced,"Column 'Corporation tax - of which on shore (£ millions)' [CPSC]. ONS PSF Appendix D, sum of the 12 monthly values Apr 2025 to Mar 2026."
receipts.detail.ons_psf_receipts.corporation_tax_on_shore_bank_surcharge,2019-20,UK,1.47,gbp_bn,outturn,ons_psf_receipts,PSF-2026-09,sourced,"Column 'Corporation tax - of which on shore bank surcharge (£ millions)' [CTSI]. ONS PSF Appendix D, sum of the 12 monthly values Apr 2019 to Mar 2020."
receipts.detail.ons_psf_receipts.corporation_tax_on_shore_bank_surcharge,2020-21,UK,1.148,gbp_bn,outturn,ons_psf_receipts,PSF-2026-09,sourced,"Column 'Corporation tax - of which on shore bank surcharge (£ millions)' [CTSI]. ONS PSF Appendix D, sum of the 12 monthly values Apr 2020 to Mar 2021."
receipts.detail.ons_psf_receipts.corporation_tax_on_shore_bank_surcharge,2021-22,UK,2.342,gbp_bn,outturn,ons_psf_receipts,PSF-2026-09,sourced,"Column 'Corporation tax - of which on shore bank surcharge (£ millions)' [CTSI]. ONS PSF Appendix D, sum of the 12 monthly values Apr 2021 to Mar 2022."
receipts.detail.ons_psf_receipts.corporation_tax_on_shore_bank_surcharge,2022-23,UK,2.544,gbp_bn,outturn,ons_psf_receipts,PSF-2026-09,sourced,"Column 'Corporation tax - of which on shore bank surcharge (£ millions)' [CTSI]. ONS PSF Appendix D, sum of the 12 monthly values Apr 2022 to Mar 2023."
receipts.detail.ons_psf_receipts.corporation_tax_on_shore_bank_surcharge,2023-24,UK,1.446,gbp_bn,outturn,ons_psf_receipts,PSF-2026-09,sourced,"Column 'Corporation tax - of which on shore bank surcharge (£ millions)' [CTSI]. ONS PSF Appendix D, sum of the 12 monthly values Apr 2023 to Mar 2024."
receipts.detail.ons_psf_receipts.corporation_tax_on_shore_bank_surcharge,2024-25,UK,0.975,gbp_bn,outturn,ons_psf_receipts,PSF-2026-09,sourced,"Column 'Corporation tax - of which on shore bank surcharge (£ millions)' [CTSI]. ONS PSF Appendix D, sum of the 12 monthly values Apr 2024 to Mar 2025."
receipts.detail.ons_psf_receipts.corporation_tax_on_shore_bank_surcharge,2025-26,UK,1.17,gbp_bn,outturn,ons_psf_receipts,PSF-2026-09,sourced,"Column 'Corporation tax - of which on shore bank surcharge (£ millions)' [CTSI]. ONS PSF Appendix D, sum of the 12 monthly values Apr 2025 to Mar 2026."
receipts.detail.ons_psf_receipts.corporation_tax_on_shore_residential_property_development_tax,2019-20,UK,0.0,gbp_bn,outturn,ons_psf_receipts,PSF-2026-09,sourced,"Column 'Corporation tax - of which on shore residential property development tax (£ millions)' [KYFN]. ONS PSF Appendix D, sum of the 12 monthly values Apr 2019 to Mar 2020."
receipts.detail.ons_psf_receipts.corporation_tax_on_shore_residential_property_development_tax,2020-21,UK,0.0,gbp_bn,outturn,ons_psf_receipts,PSF-2026-09,sourced,"Column 'Corporation tax - of which on shore residential property development tax (£ millions)' [KYFN]. ONS PSF Appendix D, sum of the 12 monthly values Apr 2020 to Mar 2021."
receipts.detail.ons_psf_receipts.corporation_tax_on_shore_residential_property_development_tax,2021-22,UK,0.0,gbp_bn,outturn,ons_psf_receipts,PSF-2026-09,sourced,"Column 'Corporation tax - of which on shore residential property development tax (£ millions)' [KYFN]. ONS PSF Appendix D, sum of the 12 monthly values Apr 2021 to Mar 2022."
receipts.detail.ons_psf_receipts.corporation_tax_on_shore_residential_property_development_tax,2022-23,UK,0.159,gbp_bn,outturn,ons_psf_receipts,PSF-2026-09,sourced,"Column 'Corporation tax - of which on shore residential property development tax (£ millions)' [KYFN]. ONS PSF Appendix D, sum of the 12 monthly values Apr 2022 to Mar 2023."
receipts.detail.ons_psf_receipts.corporation_tax_on_shore_residential_property_development_tax,2023-24,UK,0.108,gbp_bn,outturn,ons_psf_receipts,PSF-2026-09,sourced,"Column 'Corporation tax - of which on shore residential property development tax (£ millions)' [KYFN]. ONS PSF Appendix D, sum of the 12 monthly values Apr 2023 to Mar 2024."
receipts.detail.ons_psf_receipts.corporation_tax_on_shore_residential_property_development_tax,2024-25,UK,0.102,gbp_bn,outturn,ons_psf_receipts,PSF-2026-09,sourced,"Column 'Corporation tax - of which on shore residential property development tax (£ millions)' [KYFN]. ONS PSF Appendix D, sum of the 12 monthly values Apr 2024 to Mar 2025."
receipts.detail.ons_psf_receipts.corporation_tax_on_shore_residential_property_development_tax,2025-26,UK,0.09,gbp_bn,outturn,ons_psf_receipts,PSF-2026-09,sourced,"Column 'Corporation tax - of which on shore residential property development tax (£ millions)' [KYFN]. ONS PSF Appendix D, sum of the 12 monthly values Apr 2025 to Mar 2026."
receipts.detail.ons_psf_receipts.corporation_tax_total,2019-20,UK,51.137,gbp_bn,outturn,ons_psf_receipts,PSF-2026-09,sourced,"Column 'Corporation tax - total (£ millions)' [CPRN]. ONS PSF Appendix D, sum of the 12 monthly values Apr 2019 to Mar 2020."
receipts.detail.ons_psf_receipts.corporation_tax_total,2020-21,UK,55.191,gbp_bn,outturn,ons_psf_receipts,PSF-2026-09,sourced,"Column 'Corporation tax - total (£ millions)' [CPRN]. ONS PSF Appendix D, sum of the 12 monthly values Apr 2020 to Mar 2021."
receipts.detail.ons_psf_receipts.corporation_tax_total,2021-22,UK,72.061,gbp_bn,outturn,ons_psf_receipts,PSF-2026-09,sourced,"Column 'Corporation tax - total (£ millions)' [CPRN]. ONS PSF Appendix D, sum of the 12 monthly values Apr 2021 to Mar 2022."
receipts.detail.ons_psf_receipts.corporation_tax_total,2022-23,UK,84.916,gbp_bn,outturn,ons_psf_receipts,PSF-2026-09,sourced,"Column 'Corporation tax - total (£ millions)' [CPRN]. ONS PSF Appendix D, sum of the 12 monthly values Apr 2022 to Mar 2023."
receipts.detail.ons_psf_receipts.corporation_tax_total,2023-24,UK,95.465,gbp_bn,outturn,ons_psf_receipts,PSF-2026-09,sourced,"Column 'Corporation tax - total (£ millions)' [CPRN]. ONS PSF Appendix D, sum of the 12 monthly values Apr 2023 to Mar 2024."
receipts.detail.ons_psf_receipts.corporation_tax_total,2024-25,UK,97.558,gbp_bn,outturn,ons_psf_receipts,PSF-2026-09,sourced,"Column 'Corporation tax - total (£ millions)' [CPRN]. ONS PSF Appendix D, sum of the 12 monthly values Apr 2024 to Mar 2025."
receipts.detail.ons_psf_receipts.corporation_tax_total,2025-26,UK,102.952,gbp_bn,outturn,ons_psf_receipts,PSF-2026-09,sourced,"Column 'Corporation tax - total (£ millions)' [CPRN]. ONS PSF Appendix D, sum of the 12 monthly values Apr 2025 to Mar 2026."
receipts.detail.ons_psf_receipts.council_tax,2019-20,UK,36.339,gbp_bn,outturn,ons_psf_receipts,PSF-2026-09,sourced,"Column 'Council tax (£ millions)' [NMHM]. ONS PSF Appendix D, sum of the 12 monthly values Apr 2019 to Mar 2020."
receipts.detail.ons_psf_receipts.council_tax,2020-21,UK,37.58,gbp_bn,outturn,ons_psf_receipts,PSF-2026-09,sourced,"Column 'Council tax (£ millions)' [NMHM]. ONS PSF Appendix D, sum of the 12 monthly values Apr 2020 to Mar 2021."
receipts.detail.ons_psf_receipts.council_tax,2021-22,UK,39.969,gbp_bn,outturn,ons_psf_receipts,PSF-2026-09,sourced,"Column 'Council tax (£ millions)' [NMHM]. ONS PSF Appendix D, sum of the 12 monthly values Apr 2021 to Mar 2022."
receipts.detail.ons_psf_receipts.council_tax,2022-23,UK,41.968,gbp_bn,outturn,ons_psf_receipts,PSF-2026-09,sourced,"Column 'Council tax (£ millions)' [NMHM]. ONS PSF Appendix D, sum of the 12 monthly values Apr 2022 to Mar 2023."
receipts.detail.ons_psf_receipts.council_tax,2023-24,UK,44.489,gbp_bn,outturn,ons_psf_receipts,PSF-2026-09,sourced,"Column 'Council tax (£ millions)' [NMHM]. ONS PSF Appendix D, sum of the 12 monthly values Apr 2023 to Mar 2024."
receipts.detail.ons_psf_receipts.council_tax,2024-25,UK,47.417,gbp_bn,outturn,ons_psf_receipts,PSF-2026-09,sourced,"Column 'Council tax (£ millions)' [NMHM]. ONS PSF Appendix D, sum of the 12 monthly values Apr 2024 to Mar 2025."
receipts.detail.ons_psf_receipts.council_tax,2025-26,UK,50.444,gbp_bn,outturn,ons_psf_receipts,PSF-2026-09,sourced,"Column 'Council tax (£ millions)' [NMHM]. ONS PSF Appendix D, sum of the 12 monthly values Apr 2025 to Mar 2026."
receipts.detail.ons_psf_receipts.customs_duties,2019-20,UK,0.0,gbp_bn,outturn,ons_psf_receipts,PSF-2026-09,sourced,"Column 'Customs duties (£ millions)' [FV2H]. ONS PSF Appendix D, sum of the 12 monthly values Apr 2019 to Mar 2020."
receipts.detail.ons_psf_receipts.customs_duties,2020-21,UK,0.993,gbp_bn,outturn,ons_psf_receipts,PSF-2026-09,sourced,"Column 'Customs duties (£ millions)' [FV2H]. ONS PSF Appendix D, sum of the 12 monthly values Apr 2020 to Mar 2021."
receipts.detail.ons_psf_receipts.customs_duties,2021-22,UK,4.904,gbp_bn,outturn,ons_psf_receipts,PSF-2026-09,sourced,"Column 'Customs duties (£ millions)' [FV2H]. ONS PSF Appendix D, sum of the 12 monthly values Apr 2021 to Mar 2022."
receipts.detail.ons_psf_receipts.customs_duties,2022-23,UK,5.446,gbp_bn,outturn,ons_psf_receipts,PSF-2026-09,sourced,"Column 'Customs duties (£ millions)' [FV2H]. ONS PSF Appendix D, sum of the 12 monthly values Apr 2022 to Mar 2023."
receipts.detail.ons_psf_receipts.customs_duties,2023-24,UK,4.814,gbp_bn,outturn,ons_psf_receipts,PSF-2026-09,sourced,"Column 'Customs duties (£ millions)' [FV2H]. ONS PSF Appendix D, sum of the 12 monthly values Apr 2023 to Mar 2024."
receipts.detail.ons_psf_receipts.customs_duties,2024-25,UK,4.87,gbp_bn,outturn,ons_psf_receipts,PSF-2026-09,sourced,"Column 'Customs duties (£ millions)' [FV2H]. ONS PSF Appendix D, sum of the 12 monthly values Apr 2024 to Mar 2025."
receipts.detail.ons_psf_receipts.customs_duties,2025-26,UK,5.01,gbp_bn,outturn,ons_psf_receipts,PSF-2026-09,sourced,"Column 'Customs duties (£ millions)' [FV2H]. ONS PSF Appendix D, sum of the 12 monthly values Apr 2025 to Mar 2026."
receipts.detail.ons_psf_receipts.fuel_duties,2019-20,UK,27.502,gbp_bn,outturn,ons_psf_receipts,PSF-2026-09,sourced,"Column 'Fuel duties (£ millions)' [CUDG]. ONS PSF Appendix D, sum of the 12 monthly values Apr 2019 to Mar 2020."
receipts.detail.ons_psf_receipts.fuel_duties,2020-21,UK,21.175,gbp_bn,outturn,ons_psf_receipts,PSF-2026-09,sourced,"Column 'Fuel duties (£ millions)' [CUDG]. ONS PSF Appendix D, sum of the 12 monthly values Apr 2020 to Mar 2021."
receipts.detail.ons_psf_receipts.fuel_duties,2021-22,UK,25.972,gbp_bn,outturn,ons_psf_receipts,PSF-2026-09,sourced,"Column 'Fuel duties (£ millions)' [CUDG]. ONS PSF Appendix D, sum of the 12 monthly values Apr 2021 to Mar 2022."
receipts.detail.ons_psf_receipts.fuel_duties,2022-23,UK,25.105,gbp_bn,outturn,ons_psf_receipts,PSF-2026-09,sourced,"Column 'Fuel duties (£ millions)' [CUDG]. ONS PSF Appendix D, sum of the 12 monthly values Apr 2022 to Mar 2023."
receipts.detail.ons_psf_receipts.fuel_duties,2023-24,UK,24.922,gbp_bn,outturn,ons_psf_receipts,PSF-2026-09,sourced,"Column 'Fuel duties (£ millions)' [CUDG]. ONS PSF Appendix D, sum of the 12 monthly values Apr 2023 to Mar 2024."
receipts.detail.ons_psf_receipts.fuel_duties,2024-25,UK,24.359,gbp_bn,outturn,ons_psf_receipts,PSF-2026-09,sourced,"Column 'Fuel duties (£ millions)' [CUDG]. ONS PSF Appendix D, sum of the 12 monthly values Apr 2024 to Mar 2025."
receipts.detail.ons_psf_receipts.fuel_duties,2025-26,UK,24.559,gbp_bn,outturn,ons_psf_receipts,PSF-2026-09,sourced,"Column 'Fuel duties (£ millions)' [CUDG]. ONS PSF Appendix D, sum of the 12 monthly values Apr 2025 to Mar 2026."
receipts.detail.ons_psf_receipts.income_tax_total,2019-20,UK,202.364,gbp_bn,outturn,ons_psf_receipts,PSF-2026-09,sourced,"Column 'Income tax (gross of tax credits) - total (£ millions)' [LIBR]. ONS PSF Appendix D, sum of the 12 monthly values Apr 2019 to Mar 2020."
receipts.detail.ons_psf_receipts.income_tax_total,2020-21,UK,206.394,gbp_bn,outturn,ons_psf_receipts,PSF-2026-09,sourced,"Column 'Income tax (gross of tax credits) - total (£ millions)' [LIBR]. ONS PSF Appendix D, sum of the 12 monthly values Apr 2020 to Mar 2021."
receipts.detail.ons_psf_receipts.income_tax_total,2021-22,UK,240.046,gbp_bn,outturn,ons_psf_receipts,PSF-2026-09,sourced,"Column 'Income tax (gross of tax credits) - total (£ millions)' [LIBR]. ONS PSF Appendix D, sum of the 12 monthly values Apr 2021 to Mar 2022."
receipts.detail.ons_psf_receipts.income_tax_total,2022-23,UK,268.915,gbp_bn,outturn,ons_psf_receipts,PSF-2026-09,sourced,"Column 'Income tax (gross of tax credits) - total (£ millions)' [LIBR]. ONS PSF Appendix D, sum of the 12 monthly values Apr 2022 to Mar 2023."
receipts.detail.ons_psf_receipts.income_tax_total,2023-24,UK,291.491,gbp_bn,outturn,ons_psf_receipts,PSF-2026-09,sourced,"Column 'Income tax (gross of tax credits) - total (£ millions)' [LIBR]. ONS PSF Appendix D, sum of the 12 monthly values Apr 2023 to Mar 2024."
receipts.detail.ons_psf_receipts.income_tax_total,2024-25,UK,319.591,gbp_bn,outturn,ons_psf_receipts,PSF-2026-09,sourced,"Column 'Income tax (gross of tax credits) - total (£ millions)' [LIBR]. ONS PSF Appendix D, sum of the 12 monthly values Apr 2024 to Mar 2025."
receipts.detail.ons_psf_receipts.income_tax_total,2025-26,UK,353.648,gbp_bn,outturn,ons_psf_receipts,PSF-2026-09,sourced,"Column 'Income tax (gross of tax credits) - total (£ millions)' [LIBR]. ONS PSF Appendix D, sum of the 12 monthly values Apr 2025 to Mar 2026."
receipts.detail.ons_psf_receipts.income_tax_total_capital_gains_tax,2019-20,UK,9.827,gbp_bn,outturn,ons_psf_receipts,PSF-2026-09,sourced,"Column 'Income tax (gross of tax credits) total - of which capital gains tax (£ millions)' [MS62]. ONS PSF Appendix D, sum of the 12 monthly values Apr 2019 to Mar 2020."
receipts.detail.ons_psf_receipts.income_tax_total_capital_gains_tax,2020-21,UK,11.131,gbp_bn,outturn,ons_psf_receipts,PSF-2026-09,sourced,"Column 'Income tax (gross of tax credits) total - of which capital gains tax (£ millions)' [MS62]. ONS PSF Appendix D, sum of the 12 monthly values Apr 2020 to Mar 2021."
receipts.detail.ons_psf_receipts.income_tax_total_capital_gains_tax,2021-22,UK,15.267,gbp_bn,outturn,ons_psf_receipts,PSF-2026-09,sourced,"Column 'Income tax (gross of tax credits) total - of which capital gains tax (£ millions)' [MS62]. ONS PSF Appendix D, sum of the 12 monthly values Apr 2021 to Mar 2022."
receipts.detail.ons_psf_receipts.income_tax_total_capital_gains_tax,2022-23,UK,16.928,gbp_bn,outturn,ons_psf_receipts,PSF-2026-09,sourced,"Column 'Income tax (gross of tax credits) total - of which capital gains tax (£ millions)' [MS62]. ONS PSF Appendix D, sum of the 12 monthly values Apr 2022 to Mar 2023."
receipts.detail.ons_psf_receipts.income_tax_total_capital_gains_tax,2023-24,UK,14.493,gbp_bn,outturn,ons_psf_receipts,PSF-2026-09,sourced,"Column 'Income tax (gross of tax credits) total - of which capital gains tax (£ millions)' [MS62]. ONS PSF Appendix D, sum of the 12 monthly values Apr 2023 to Mar 2024."
receipts.detail.ons_psf_receipts.income_tax_total_capital_gains_tax,2024-25,UK,13.686,gbp_bn,outturn,ons_psf_receipts,PSF-2026-09,sourced,"Column 'Income tax (gross of tax credits) total - of which capital gains tax (£ millions)' [MS62]. ONS PSF Appendix D, sum of the 12 monthly values Apr 2024 to Mar 2025."
receipts.detail.ons_psf_receipts.income_tax_total_capital_gains_tax,2025-26,UK,24.31,gbp_bn,outturn,ons_psf_receipts,PSF-2026-09,sourced,"Column 'Income tax (gross of tax credits) total - of which capital gains tax (£ millions)' [MS62]. ONS PSF Appendix D, sum of the 12 monthly values Apr 2025 to Mar 2026."
receipts.detail.ons_psf_receipts.income_tax_total_other_income_tax,2019-20,UK,-3.676,gbp_bn,outturn,ons_psf_receipts,PSF-2026-09,sourced,"Column 'Income tax (gross of tax credits) total - of which other income tax (£ millions)' [MF6X]. ONS PSF Appendix D, sum of the 12 monthly values Apr 2019 to Mar 2020."
receipts.detail.ons_psf_receipts.income_tax_total_other_income_tax,2020-21,UK,-4.16,gbp_bn,outturn,ons_psf_receipts,PSF-2026-09,sourced,"Column 'Income tax (gross of tax credits) total - of which other income tax (£ millions)' [MF6X]. ONS PSF Appendix D, sum of the 12 monthly values Apr 2020 to Mar 2021."
receipts.detail.ons_psf_receipts.income_tax_total_other_income_tax,2021-22,UK,-4.803,gbp_bn,outturn,ons_psf_receipts,PSF-2026-09,sourced,"Column 'Income tax (gross of tax credits) total - of which other income tax (£ millions)' [MF6X]. ONS PSF Appendix D, sum of the 12 monthly values Apr 2021 to Mar 2022."
receipts.detail.ons_psf_receipts.income_tax_total_other_income_tax,2022-23,UK,-5.766,gbp_bn,outturn,ons_psf_receipts,PSF-2026-09,sourced,"Column 'Income tax (gross of tax credits) total - of which other income tax (£ millions)' [MF6X]. ONS PSF Appendix D, sum of the 12 monthly values Apr 2022 to Mar 2023."
receipts.detail.ons_psf_receipts.income_tax_total_other_income_tax,2023-24,UK,-4.227,gbp_bn,outturn,ons_psf_receipts,PSF-2026-09,sourced,"Column 'Income tax (gross of tax credits) total - of which other income tax (£ millions)' [MF6X]. ONS PSF Appendix D, sum of the 12 monthly values Apr 2023 to Mar 2024."
receipts.detail.ons_psf_receipts.income_tax_total_other_income_tax,2024-25,UK,-4.391,gbp_bn,outturn,ons_psf_receipts,PSF-2026-09,sourced,"Column 'Income tax (gross of tax credits) total - of which other income tax (£ millions)' [MF6X]. ONS PSF Appendix D, sum of the 12 monthly values Apr 2024 to Mar 2025."
receipts.detail.ons_psf_receipts.income_tax_total_other_income_tax,2025-26,UK,-5.246,gbp_bn,outturn,ons_psf_receipts,PSF-2026-09,sourced,"Column 'Income tax (gross of tax credits) total - of which other income tax (£ millions)' [MF6X]. ONS PSF Appendix D, sum of the 12 monthly values Apr 2025 to Mar 2026."
receipts.detail.ons_psf_receipts.income_tax_total_pay_as_you_earn,2019-20,UK,164.204,gbp_bn,outturn,ons_psf_receipts,PSF-2026-09,sourced,"Column 'Income tax (gross of tax credits) total - of which pay as you earn (£ millions)' [MS6W]. ONS PSF Appendix D, sum of the 12 monthly values Apr 2019 to Mar 2020."
receipts.detail.ons_psf_receipts.income_tax_total_pay_as_you_earn,2020-21,UK,168.235,gbp_bn,outturn,ons_psf_receipts,PSF-2026-09,sourced,"Column 'Income tax (gross of tax credits) total - of which pay as you earn (£ millions)' [MS6W]. ONS PSF Appendix D, sum of the 12 monthly values Apr 2020 to Mar 2021."
receipts.detail.ons_psf_receipts.income_tax_total_pay_as_you_earn,2021-22,UK,192.554,gbp_bn,outturn,ons_psf_receipts,PSF-2026-09,sourced,"Column 'Income tax (gross of tax credits) total - of which pay as you earn (£ millions)' [MS6W]. ONS PSF Appendix D, sum of the 12 monthly values Apr 2021 to Mar 2022."
receipts.detail.ons_psf_receipts.income_tax_total_pay_as_you_earn,2022-23,UK,214.814,gbp_bn,outturn,ons_psf_receipts,PSF-2026-09,sourced,"Column 'Income tax (gross of tax credits) total - of which pay as you earn (£ millions)' [MS6W]. ONS PSF Appendix D, sum of the 12 monthly values Apr 2022 to Mar 2023."
receipts.detail.ons_psf_receipts.income_tax_total_pay_as_you_earn,2023-24,UK,238.968,gbp_bn,outturn,ons_psf_receipts,PSF-2026-09,sourced,"Column 'Income tax (gross of tax credits) total - of which pay as you earn (£ millions)' [MS6W]. ONS PSF Appendix D, sum of the 12 monthly values Apr 2023 to Mar 2024."
receipts.detail.ons_psf_receipts.income_tax_total_pay_as_you_earn,2024-25,UK,262.131,gbp_bn,outturn,ons_psf_receipts,PSF-2026-09,sourced,"Column 'Income tax (gross of tax credits) total - of which pay as you earn (£ millions)' [MS6W]. ONS PSF Appendix D, sum of the 12 monthly values Apr 2024 to Mar 2025."
receipts.detail.ons_psf_receipts.income_tax_total_pay_as_you_earn,2025-26,UK,280.513,gbp_bn,outturn,ons_psf_receipts,PSF-2026-09,sourced,"Column 'Income tax (gross of tax credits) total - of which pay as you earn (£ millions)' [MS6W]. ONS PSF Appendix D, sum of the 12 monthly values Apr 2025 to Mar 2026."
receipts.detail.ons_psf_receipts.income_tax_total_self_assessment,2019-20,UK,32.009,gbp_bn,outturn,ons_psf_receipts,PSF-2026-09,sourced,"Column 'Income tax (gross of tax credits) total - of which self assessment (£ millions)' [LISB]. ONS PSF Appendix D, sum of the 12 monthly values Apr 2019 to Mar 2020."
receipts.detail.ons_psf_receipts.income_tax_total_self_assessment,2020-21,UK,31.188,gbp_bn,outturn,ons_psf_receipts,PSF-2026-09,sourced,"Column 'Income tax (gross of tax credits) total - of which self assessment (£ millions)' [LISB]. ONS PSF Appendix D, sum of the 12 monthly values Apr 2020 to Mar 2021."
receipts.detail.ons_psf_receipts.income_tax_total_self_assessment,2021-22,UK,37.028,gbp_bn,outturn,ons_psf_receipts,PSF-2026-09,sourced,"Column 'Income tax (gross of tax credits) total - of which self assessment (£ millions)' [LISB]. ONS PSF Appendix D, sum of the 12 monthly values Apr 2021 to Mar 2022."
receipts.detail.ons_psf_receipts.income_tax_total_self_assessment,2022-23,UK,42.939,gbp_bn,outturn,ons_psf_receipts,PSF-2026-09,sourced,"Column 'Income tax (gross of tax credits) total - of which self assessment (£ millions)' [LISB]. ONS PSF Appendix D, sum of the 12 monthly values Apr 2022 to Mar 2023."
receipts.detail.ons_psf_receipts.income_tax_total_self_assessment,2023-24,UK,42.257,gbp_bn,outturn,ons_psf_receipts,PSF-2026-09,sourced,"Column 'Income tax (gross of tax credits) total - of which self assessment (£ millions)' [LISB]. ONS PSF Appendix D, sum of the 12 monthly values Apr 2023 to Mar 2024."
receipts.detail.ons_psf_receipts.income_tax_total_self_assessment,2024-25,UK,48.165,gbp_bn,outturn,ons_psf_receipts,PSF-2026-09,sourced,"Column 'Income tax (gross of tax credits) total - of which self assessment (£ millions)' [LISB]. ONS PSF Appendix D, sum of the 12 monthly values Apr 2024 to Mar 2025."
receipts.detail.ons_psf_receipts.income_tax_total_self_assessment,2025-26,UK,54.071,gbp_bn,outturn,ons_psf_receipts,PSF-2026-09,sourced,"Column 'Income tax (gross of tax credits) total - of which self assessment (£ millions)' [LISB]. ONS PSF Appendix D, sum of the 12 monthly values Apr 2025 to Mar 2026."
receipts.detail.ons_psf_receipts.miscellaneous_other_taxes_inheritance_tax,2019-20,UK,5.122,gbp_bn,outturn,ons_psf_receipts,PSF-2026-09,sourced,"Column 'Miscellaneous other taxes - of which inheritance tax (£ millions)' [ACCH]. ONS PSF Appendix D, sum of the 12 monthly values Apr 2019 to Mar 2020."
receipts.detail.ons_psf_receipts.miscellaneous_other_taxes_inheritance_tax,2020-21,UK,5.327,gbp_bn,outturn,ons_psf_receipts,PSF-2026-09,sourced,"Column 'Miscellaneous other taxes - of which inheritance tax (£ millions)' [ACCH]. ONS PSF Appendix D, sum of the 12 monthly values Apr 2020 to Mar 2021."
receipts.detail.ons_psf_receipts.miscellaneous_other_taxes_inheritance_tax,2021-22,UK,6.056,gbp_bn,outturn,ons_psf_receipts,PSF-2026-09,sourced,"Column 'Miscellaneous other taxes - of which inheritance tax (£ millions)' [ACCH]. ONS PSF Appendix D, sum of the 12 monthly values Apr 2021 to Mar 2022."
receipts.detail.ons_psf_receipts.miscellaneous_other_taxes_inheritance_tax,2022-23,UK,7.086,gbp_bn,outturn,ons_psf_receipts,PSF-2026-09,sourced,"Column 'Miscellaneous other taxes - of which inheritance tax (£ millions)' [ACCH]. ONS PSF Appendix D, sum of the 12 monthly values Apr 2022 to Mar 2023."
receipts.detail.ons_psf_receipts.miscellaneous_other_taxes_inheritance_tax,2023-24,UK,7.499,gbp_bn,outturn,ons_psf_receipts,PSF-2026-09,sourced,"Column 'Miscellaneous other taxes - of which inheritance tax (£ millions)' [ACCH]. ONS PSF Appendix D, sum of the 12 monthly values Apr 2023 to Mar 2024."
receipts.detail.ons_psf_receipts.miscellaneous_other_taxes_inheritance_tax,2024-25,UK,8.25,gbp_bn,outturn,ons_psf_receipts,PSF-2026-09,sourced,"Column 'Miscellaneous other taxes - of which inheritance tax (£ millions)' [ACCH]. ONS PSF Appendix D, sum of the 12 monthly values Apr 2024 to Mar 2025."
receipts.detail.ons_psf_receipts.miscellaneous_other_taxes_inheritance_tax,2025-26,UK,8.466,gbp_bn,outturn,ons_psf_receipts,PSF-2026-09,sourced,"Column 'Miscellaneous other taxes - of which inheritance tax (£ millions)' [ACCH]. ONS PSF Appendix D, sum of the 12 monthly values Apr 2025 to Mar 2026."
receipts.detail.ons_psf_receipts.miscellaneous_other_taxes_total,2019-20,UK,10.68,gbp_bn,outturn,ons_psf_receipts,PSF-2026-09,sourced,"Column 'Miscellaneous other taxes - total (£ millions)' [MF72]. ONS PSF Appendix D, sum of the 12 monthly values Apr 2019 to Mar 2020."
receipts.detail.ons_psf_receipts.miscellaneous_other_taxes_total,2020-21,UK,9.858,gbp_bn,outturn,ons_psf_receipts,PSF-2026-09,sourced,"Column 'Miscellaneous other taxes - total (£ millions)' [MF72]. ONS PSF Appendix D, sum of the 12 monthly values Apr 2020 to Mar 2021."
receipts.detail.ons_psf_receipts.miscellaneous_other_taxes_total,2021-22,UK,11.336,gbp_bn,outturn,ons_psf_receipts,PSF-2026-09,sourced,"Column 'Miscellaneous other taxes - total (£ millions)' [MF72]. ONS PSF Appendix D, sum of the 12 monthly values Apr 2021 to Mar 2022."
receipts.detail.ons_psf_receipts.miscellaneous_other_taxes_total,2022-23,UK,13.222,gbp_bn,outturn,ons_psf_receipts,PSF-2026-09,sourced,"Column 'Miscellaneous other taxes - total (£ millions)' [MF72]. ONS PSF Appendix D, sum of the 12 monthly values Apr 2022 to Mar 2023."
receipts.detail.ons_psf_receipts.miscellaneous_other_taxes_total,2023-24,UK,14.023,gbp_bn,outturn,ons_psf_receipts,PSF-2026-09,sourced,"Column 'Miscellaneous other taxes - total (£ millions)' [MF72]. ONS PSF Appendix D, sum of the 12 monthly values Apr 2023 to Mar 2024."
receipts.detail.ons_psf_receipts.miscellaneous_other_taxes_total,2024-25,UK,15.101,gbp_bn,outturn,ons_psf_receipts,PSF-2026-09,sourced,"Column 'Miscellaneous other taxes - total (£ millions)' [MF72]. ONS PSF Appendix D, sum of the 12 monthly values Apr 2024 to Mar 2025."
receipts.detail.ons_psf_receipts.miscellaneous_other_taxes_total,2025-26,UK,16.442,gbp_bn,outturn,ons_psf_receipts,PSF-2026-09,sourced,"Column 'Miscellaneous other taxes - total (£ millions)' [MF72]. ONS PSF Appendix D, sum of the 12 monthly values Apr 2025 to Mar 2026."
receipts.detail.ons_psf_receipts.miscellaneous_taxes_on_income_and_wealth_betting_and_gaming_duty,2019-20,UK,0.578,gbp_bn,outturn,ons_psf_receipts,PSF-2026-09,sourced,"Column 'Miscellaneous taxes on income and wealth - of which betting and gaming duty (£ millions)' [MIYF]. ONS PSF Appendix D, sum of the 12 monthly values Apr 2019 to Mar 2020."
receipts.detail.ons_psf_receipts.miscellaneous_taxes_on_income_and_wealth_betting_and_gaming_duty,2020-21,UK,0.708,gbp_bn,outturn,ons_psf_receipts,PSF-2026-09,sourced,"Column 'Miscellaneous taxes on income and wealth - of which betting and gaming duty (£ millions)' [MIYF]. ONS PSF Appendix D, sum of the 12 monthly values Apr 2020 to Mar 2021."
receipts.detail.ons_psf_receipts.miscellaneous_taxes_on_income_and_wealth_betting_and_gaming_duty,2021-22,UK,0.653,gbp_bn,outturn,ons_psf_receipts,PSF-2026-09,sourced,"Column 'Miscellaneous taxes on income and wealth - of which betting and gaming duty (£ millions)' [MIYF]. ONS PSF Appendix D, sum of the 12 monthly values Apr 2021 to Mar 2022."
receipts.detail.ons_psf_receipts.miscellaneous_taxes_on_income_and_wealth_betting_and_gaming_duty,2022-23,UK,0.681,gbp_bn,outturn,ons_psf_receipts,PSF-2026-09,sourced,"Column 'Miscellaneous taxes on income and wealth - of which betting and gaming duty (£ millions)' [MIYF]. ONS PSF Appendix D, sum of the 12 monthly values Apr 2022 to Mar 2023."
receipts.detail.ons_psf_receipts.miscellaneous_taxes_on_income_and_wealth_betting_and_gaming_duty,2023-24,UK,0.689,gbp_bn,outturn,ons_psf_receipts,PSF-2026-09,sourced,"Column 'Miscellaneous taxes on income and wealth - of which betting and gaming duty (£ millions)' [MIYF]. ONS PSF Appendix D, sum of the 12 monthly values Apr 2023 to Mar 2024."
receipts.detail.ons_psf_receipts.miscellaneous_taxes_on_income_and_wealth_betting_and_gaming_duty,2024-25,UK,0.756,gbp_bn,outturn,ons_psf_receipts,PSF-2026-09,sourced,"Column 'Miscellaneous taxes on income and wealth - of which betting and gaming duty (£ millions)' [MIYF]. ONS PSF Appendix D, sum of the 12 monthly values Apr 2024 to Mar 2025."
receipts.detail.ons_psf_receipts.miscellaneous_taxes_on_income_and_wealth_betting_and_gaming_duty,2025-26,UK,0.712,gbp_bn,outturn,ons_psf_receipts,PSF-2026-09,sourced,"Column 'Miscellaneous taxes on income and wealth - of which betting and gaming duty (£ millions)' [MIYF]. ONS PSF Appendix D, sum of the 12 monthly values Apr 2025 to Mar 2026."
receipts.detail.ons_psf_receipts.miscellaneous_taxes_on_income_and_wealth_total,2019-20,UK,0.657,gbp_bn,outturn,ons_psf_receipts,PSF-2026-09,sourced,"Column 'Miscellaneous taxes on income and wealth - total (£ millions)' [MF6Z]. ONS PSF Appendix D, sum of the 12 monthly values Apr 2019 to Mar 2020."
receipts.detail.ons_psf_receipts.miscellaneous_taxes_on_income_and_wealth_total,2020-21,UK,0.746,gbp_bn,outturn,ons_psf_receipts,PSF-2026-09,sourced,"Column 'Miscellaneous taxes on income and wealth - total (£ millions)' [MF6Z]. ONS PSF Appendix D, sum of the 12 monthly values Apr 2020 to Mar 2021."
receipts.detail.ons_psf_receipts.miscellaneous_taxes_on_income_and_wealth_total,2021-22,UK,0.599,gbp_bn,outturn,ons_psf_receipts,PSF-2026-09,sourced,"Column 'Miscellaneous taxes on income and wealth - total (£ millions)' [MF6Z]. ONS PSF Appendix D, sum of the 12 monthly values Apr 2021 to Mar 2022."
receipts.detail.ons_psf_receipts.miscellaneous_taxes_on_income_and_wealth_total,2022-23,UK,0.811,gbp_bn,outturn,ons_psf_receipts,PSF-2026-09,sourced,"Column 'Miscellaneous taxes on income and wealth - total (£ millions)' [MF6Z]. ONS PSF Appendix D, sum of the 12 monthly values Apr 2022 to Mar 2023."
receipts.detail.ons_psf_receipts.miscellaneous_taxes_on_income_and_wealth_total,2023-24,UK,0.726,gbp_bn,outturn,ons_psf_receipts,PSF-2026-09,sourced,"Column 'Miscellaneous taxes on income and wealth - total (£ millions)' [MF6Z]. ONS PSF Appendix D, sum of the 12 monthly values Apr 2023 to Mar 2024."
receipts.detail.ons_psf_receipts.miscellaneous_taxes_on_income_and_wealth_total,2024-25,UK,0.816,gbp_bn,outturn,ons_psf_receipts,PSF-2026-09,sourced,"Column 'Miscellaneous taxes on income and wealth - total (£ millions)' [MF6Z]. ONS PSF Appendix D, sum of the 12 monthly values Apr 2024 to Mar 2025."
receipts.detail.ons_psf_receipts.miscellaneous_taxes_on_income_and_wealth_total,2025-26,UK,0.858,gbp_bn,outturn,ons_psf_receipts,PSF-2026-09,sourced,"Column 'Miscellaneous taxes on income and wealth - total (£ millions)' [MF6Z]. ONS PSF Appendix D, sum of the 12 monthly values Apr 2025 to Mar 2026."
receipts.detail.ons_psf_receipts.other_central_government_taxes,2019-20,UK,21.286,gbp_bn,outturn,ons_psf_receipts,PSF-2026-09,sourced,"Column 'Other central government taxes (£ millions)' [LIQR]. ONS PSF Appendix D, sum of the 12 monthly values Apr 2019 to Mar 2020."
receipts.detail.ons_psf_receipts.other_central_government_taxes,2020-21,UK,20.034,gbp_bn,outturn,ons_psf_receipts,PSF-2026-09,sourced,"Column 'Other central government taxes (£ millions)' [LIQR]. ONS PSF Appendix D, sum of the 12 monthly values Apr 2020 to Mar 2021."
receipts.detail.ons_psf_receipts.other_central_government_taxes,2021-22,UK,20.852,gbp_bn,outturn,ons_psf_receipts,PSF-2026-09,sourced,"Column 'Other central government taxes (£ millions)' [LIQR]. ONS PSF Appendix D, sum of the 12 monthly values Apr 2021 to Mar 2022."
receipts.detail.ons_psf_receipts.other_central_government_taxes,2022-23,UK,22.507,gbp_bn,outturn,ons_psf_receipts,PSF-2026-09,sourced,"Column 'Other central government taxes (£ millions)' [LIQR]. ONS PSF Appendix D, sum of the 12 monthly values Apr 2022 to Mar 2023."
receipts.detail.ons_psf_receipts.other_central_government_taxes,2023-24,UK,23.815,gbp_bn,outturn,ons_psf_receipts,PSF-2026-09,sourced,"Column 'Other central government taxes (£ millions)' [LIQR]. ONS PSF Appendix D, sum of the 12 monthly values Apr 2023 to Mar 2024."
receipts.detail.ons_psf_receipts.other_central_government_taxes,2024-25,UK,25.289,gbp_bn,outturn,ons_psf_receipts,PSF-2026-09,sourced,"Column 'Other central government taxes (£ millions)' [LIQR]. ONS PSF Appendix D, sum of the 12 monthly values Apr 2024 to Mar 2025."
receipts.detail.ons_psf_receipts.other_central_government_taxes,2025-26,UK,27.396,gbp_bn,outturn,ons_psf_receipts,PSF-2026-09,sourced,"Column 'Other central government taxes (£ millions)' [LIQR]. ONS PSF Appendix D, sum of the 12 monthly values Apr 2025 to Mar 2026."
receipts.detail.ons_psf_receipts.other_local_government_taxes,2019-20,UK,-0.743,gbp_bn,outturn,ons_psf_receipts,PSF-2026-09,sourced,"Column 'Other local government taxes (£ millions)' [AHGR]. ONS PSF Appendix D, sum of the 12 monthly values Apr 2019 to Mar 2020."
receipts.detail.ons_psf_receipts.other_local_government_taxes,2020-21,UK,-0.945,gbp_bn,outturn,ons_psf_receipts,PSF-2026-09,sourced,"Column 'Other local government taxes (£ millions)' [AHGR]. ONS PSF Appendix D, sum of the 12 monthly values Apr 2020 to Mar 2021."
receipts.detail.ons_psf_receipts.other_local_government_taxes,2021-22,UK,-0.678,gbp_bn,outturn,ons_psf_receipts,PSF-2026-09,sourced,"Column 'Other local government taxes (£ millions)' [AHGR]. ONS PSF Appendix D, sum of the 12 monthly values Apr 2021 to Mar 2022."
receipts.detail.ons_psf_receipts.other_local_government_taxes,2022-23,UK,-0.49,gbp_bn,outturn,ons_psf_receipts,PSF-2026-09,sourced,"Column 'Other local government taxes (£ millions)' [AHGR]. ONS PSF Appendix D, sum of the 12 monthly values Apr 2022 to Mar 2023."
receipts.detail.ons_psf_receipts.other_local_government_taxes,2023-24,UK,-0.526,gbp_bn,outturn,ons_psf_receipts,PSF-2026-09,sourced,"Column 'Other local government taxes (£ millions)' [AHGR]. ONS PSF Appendix D, sum of the 12 monthly values Apr 2023 to Mar 2024."
receipts.detail.ons_psf_receipts.other_local_government_taxes,2024-25,UK,-0.708,gbp_bn,outturn,ons_psf_receipts,PSF-2026-09,sourced,"Column 'Other local government taxes (£ millions)' [AHGR]. ONS PSF Appendix D, sum of the 12 monthly values Apr 2024 to Mar 2025."
receipts.detail.ons_psf_receipts.other_local_government_taxes,2025-26,UK,-1.081,gbp_bn,outturn,ons_psf_receipts,PSF-2026-09,sourced,"Column 'Other local government taxes (£ millions)' [AHGR]. ONS PSF Appendix D, sum of the 12 monthly values Apr 2025 to Mar 2026."
receipts.detail.ons_psf_receipts.other_public_sector_receipts,2019-20,UK,5.964,gbp_bn,outturn,ons_psf_receipts,PSF-2026-09,sourced,"Column 'Other public sector receipts (£ millions)' [AHIO]. ONS PSF Appendix D, sum of the 12 monthly values Apr 2019 to Mar 2020."
receipts.detail.ons_psf_receipts.other_public_sector_receipts,2020-21,UK,4.424,gbp_bn,outturn,ons_psf_receipts,PSF-2026-09,sourced,"Column 'Other public sector receipts (£ millions)' [AHIO]. ONS PSF Appendix D, sum of the 12 monthly values Apr 2020 to Mar 2021."
receipts.detail.ons_psf_receipts.other_public_sector_receipts,2021-22,UK,5.518,gbp_bn,outturn,ons_psf_receipts,PSF-2026-09,sourced,"Column 'Other public sector receipts (£ millions)' [AHIO]. ONS PSF Appendix D, sum of the 12 monthly values Apr 2021 to Mar 2022."
receipts.detail.ons_psf_receipts.other_public_sector_receipts,2022-23,UK,4.857,gbp_bn,outturn,ons_psf_receipts,PSF-2026-09,sourced,"Column 'Other public sector receipts (£ millions)' [AHIO]. ONS PSF Appendix D, sum of the 12 monthly values Apr 2022 to Mar 2023."
receipts.detail.ons_psf_receipts.other_public_sector_receipts,2023-24,UK,4.545,gbp_bn,outturn,ons_psf_receipts,PSF-2026-09,sourced,"Column 'Other public sector receipts (£ millions)' [AHIO]. ONS PSF Appendix D, sum of the 12 monthly values Apr 2023 to Mar 2024."
receipts.detail.ons_psf_receipts.other_public_sector_receipts,2024-25,UK,6.927,gbp_bn,outturn,ons_psf_receipts,PSF-2026-09,sourced,"Column 'Other public sector receipts (£ millions)' [AHIO]. ONS PSF Appendix D, sum of the 12 monthly values Apr 2024 to Mar 2025."
receipts.detail.ons_psf_receipts.other_public_sector_receipts,2025-26,UK,5.397,gbp_bn,outturn,ons_psf_receipts,PSF-2026-09,sourced,"Column 'Other public sector receipts (£ millions)' [AHIO]. ONS PSF Appendix D, sum of the 12 monthly values Apr 2025 to Mar 2026."
receipts.detail.ons_psf_receipts.other_taxes_on_production_aggregates_levy,2019-20,UK,0.366,gbp_bn,outturn,ons_psf_receipts,PSF-2026-09,sourced,"Column 'Other taxes on production - of which aggregates levy (£ millions)' [MDUQ]. ONS PSF Appendix D, sum of the 12 monthly values Apr 2019 to Mar 2020."
receipts.detail.ons_psf_receipts.other_taxes_on_production_aggregates_levy,2020-21,UK,0.399,gbp_bn,outturn,ons_psf_receipts,PSF-2026-09,sourced,"Column 'Other taxes on production - of which aggregates levy (£ millions)' [MDUQ]. ONS PSF Appendix D, sum of the 12 monthly values Apr 2020 to Mar 2021."
receipts.detail.ons_psf_receipts.other_taxes_on_production_aggregates_levy,2021-22,UK,0.405,gbp_bn,outturn,ons_psf_receipts,PSF-2026-09,sourced,"Column 'Other taxes on production - of which aggregates levy (£ millions)' [MDUQ]. ONS PSF Appendix D, sum of the 12 monthly values Apr 2021 to Mar 2022."
receipts.detail.ons_psf_receipts.other_taxes_on_production_aggregates_levy,2022-23,UK,0.366,gbp_bn,outturn,ons_psf_receipts,PSF-2026-09,sourced,"Column 'Other taxes on production - of which aggregates levy (£ millions)' [MDUQ]. ONS PSF Appendix D, sum of the 12 monthly values Apr 2022 to Mar 2023."
receipts.detail.ons_psf_receipts.other_taxes_on_production_aggregates_levy,2023-24,UK,0.348,gbp_bn,outturn,ons_psf_receipts,PSF-2026-09,sourced,"Column 'Other taxes on production - of which aggregates levy (£ millions)' [MDUQ]. ONS PSF Appendix D, sum of the 12 monthly values Apr 2023 to Mar 2024."
receipts.detail.ons_psf_receipts.other_taxes_on_production_aggregates_levy,2024-25,UK,0.363,gbp_bn,outturn,ons_psf_receipts,PSF-2026-09,sourced,"Column 'Other taxes on production - of which aggregates levy (£ millions)' [MDUQ]. ONS PSF Appendix D, sum of the 12 monthly values Apr 2024 to Mar 2025."
receipts.detail.ons_psf_receipts.other_taxes_on_production_aggregates_levy,2025-26,UK,0.372,gbp_bn,outturn,ons_psf_receipts,PSF-2026-09,sourced,"Column 'Other taxes on production - of which aggregates levy (£ millions)' [MDUQ]. ONS PSF Appendix D, sum of the 12 monthly values Apr 2025 to Mar 2026."
receipts.detail.ons_psf_receipts.other_taxes_on_production_air_passenger_duty,2019-20,UK,3.546,gbp_bn,outturn,ons_psf_receipts,PSF-2026-09,sourced,"Column 'Other taxes on production - of which air passenger duty (£ millions)' [CWAA]. ONS PSF Appendix D, sum of the 12 monthly values Apr 2019 to Mar 2020."
receipts.detail.ons_psf_receipts.other_taxes_on_production_air_passenger_duty,2020-21,UK,0.59,gbp_bn,outturn,ons_psf_receipts,PSF-2026-09,sourced,"Column 'Other taxes on production - of which air passenger duty (£ millions)' [CWAA]. ONS PSF Appendix D, sum of the 12 monthly values Apr 2020 to Mar 2021."
receipts.detail.ons_psf_receipts.other_taxes_on_production_air_passenger_duty,2021-22,UK,1.199,gbp_bn,outturn,ons_psf_receipts,PSF-2026-09,sourced,"Column 'Other taxes on production - of which air passenger duty (£ millions)' [CWAA]. ONS PSF Appendix D, sum of the 12 monthly values Apr 2021 to Mar 2022."
receipts.detail.ons_psf_receipts.other_taxes_on_production_air_passenger_duty,2022-23,UK,3.269,gbp_bn,outturn,ons_psf_receipts,PSF-2026-09,sourced,"Column 'Other taxes on production - of which air passenger duty (£ millions)' [CWAA]. ONS PSF Appendix D, sum of the 12 monthly values Apr 2022 to Mar 2023."
receipts.detail.ons_psf_receipts.other_taxes_on_production_air_passenger_duty,2023-24,UK,3.846,gbp_bn,outturn,ons_psf_receipts,PSF-2026-09,sourced,"Column 'Other taxes on production - of which air passenger duty (£ millions)' [CWAA]. ONS PSF Appendix D, sum of the 12 monthly values Apr 2023 to Mar 2024."
receipts.detail.ons_psf_receipts.other_taxes_on_production_air_passenger_duty,2024-25,UK,4.141,gbp_bn,outturn,ons_psf_receipts,PSF-2026-09,sourced,"Column 'Other taxes on production - of which air passenger duty (£ millions)' [CWAA]. ONS PSF Appendix D, sum of the 12 monthly values Apr 2024 to Mar 2025."
receipts.detail.ons_psf_receipts.other_taxes_on_production_air_passenger_duty,2025-26,UK,4.616,gbp_bn,outturn,ons_psf_receipts,PSF-2026-09,sourced,"Column 'Other taxes on production - of which air passenger duty (£ millions)' [CWAA]. ONS PSF Appendix D, sum of the 12 monthly values Apr 2025 to Mar 2026."
receipts.detail.ons_psf_receipts.other_taxes_on_production_air_travel_organisers_licence,2019-20,UK,0.06,gbp_bn,outturn,ons_psf_receipts,PSF-2026-09,sourced,"Column 'Other taxes on production - of which Air Travel Organisers Licence (£ millions)' [N3DV]. ONS PSF Appendix D, sum of the 12 monthly values Apr 2019 to Mar 2020."
receipts.detail.ons_psf_receipts.other_taxes_on_production_air_travel_organisers_licence,2020-21,UK,0.02,gbp_bn,outturn,ons_psf_receipts,PSF-2026-09,sourced,"Column 'Other taxes on production - of which Air Travel Organisers Licence (£ millions)' [N3DV]. ONS PSF Appendix D, sum of the 12 monthly values Apr 2020 to Mar 2021."
receipts.detail.ons_psf_receipts.other_taxes_on_production_air_travel_organisers_licence,2021-22,UK,0.037,gbp_bn,outturn,ons_psf_receipts,PSF-2026-09,sourced,"Column 'Other taxes on production - of which Air Travel Organisers Licence (£ millions)' [N3DV]. ONS PSF Appendix D, sum of the 12 monthly values Apr 2021 to Mar 2022."
receipts.detail.ons_psf_receipts.other_taxes_on_production_air_travel_organisers_licence,2022-23,UK,0.065,gbp_bn,outturn,ons_psf_receipts,PSF-2026-09,sourced,"Column 'Other taxes on production - of which Air Travel Organisers Licence (£ millions)' [N3DV]. ONS PSF Appendix D, sum of the 12 monthly values Apr 2022 to Mar 2023."
receipts.detail.ons_psf_receipts.other_taxes_on_production_air_travel_organisers_licence,2023-24,UK,0.077,gbp_bn,outturn,ons_psf_receipts,PSF-2026-09,sourced,"Column 'Other taxes on production - of which Air Travel Organisers Licence (£ millions)' [N3DV]. ONS PSF Appendix D, sum of the 12 monthly values Apr 2023 to Mar 2024."
receipts.detail.ons_psf_receipts.other_taxes_on_production_air_travel_organisers_licence,2024-25,UK,0.08,gbp_bn,outturn,ons_psf_receipts,PSF-2026-09,sourced,"Column 'Other taxes on production - of which Air Travel Organisers Licence (£ millions)' [N3DV]. ONS PSF Appendix D, sum of the 12 monthly values Apr 2024 to Mar 2025."
receipts.detail.ons_psf_receipts.other_taxes_on_production_air_travel_organisers_licence,2025-26,UK,0.08,gbp_bn,outturn,ons_psf_receipts,PSF-2026-09,sourced,"Column 'Other taxes on production - of which Air Travel Organisers Licence (£ millions)' [N3DV]. ONS PSF Appendix D, sum of the 12 monthly values Apr 2025 to Mar 2026."
receipts.detail.ons_psf_receipts.other_taxes_on_production_apprenticeship_levy,2019-20,UK,2.836,gbp_bn,outturn,ons_psf_receipts,PSF-2026-09,sourced,"Column 'Other taxes on production - of which apprenticeship levy (£ millions)' [CRSN]. ONS PSF Appendix D, sum of the 12 monthly values Apr 2019 to Mar 2020."
receipts.detail.ons_psf_receipts.other_taxes_on_production_apprenticeship_levy,2020-21,UK,2.958,gbp_bn,outturn,ons_psf_receipts,PSF-2026-09,sourced,"Column 'Other taxes on production - of which apprenticeship levy (£ millions)' [CRSN]. ONS PSF Appendix D, sum of the 12 monthly values Apr 2020 to Mar 2021."
receipts.detail.ons_psf_receipts.other_taxes_on_production_apprenticeship_levy,2021-22,UK,3.28,gbp_bn,outturn,ons_psf_receipts,PSF-2026-09,sourced,"Column 'Other taxes on production - of which apprenticeship levy (£ millions)' [CRSN]. ONS PSF Appendix D, sum of the 12 monthly values Apr 2021 to Mar 2022."
receipts.detail.ons_psf_receipts.other_taxes_on_production_apprenticeship_levy,2022-23,UK,3.604,gbp_bn,outturn,ons_psf_receipts,PSF-2026-09,sourced,"Column 'Other taxes on production - of which apprenticeship levy (£ millions)' [CRSN]. ONS PSF Appendix D, sum of the 12 monthly values Apr 2022 to Mar 2023."
receipts.detail.ons_psf_receipts.other_taxes_on_production_apprenticeship_levy,2023-24,UK,3.839,gbp_bn,outturn,ons_psf_receipts,PSF-2026-09,sourced,"Column 'Other taxes on production - of which apprenticeship levy (£ millions)' [CRSN]. ONS PSF Appendix D, sum of the 12 monthly values Apr 2023 to Mar 2024."
receipts.detail.ons_psf_receipts.other_taxes_on_production_apprenticeship_levy,2024-25,UK,4.135,gbp_bn,outturn,ons_psf_receipts,PSF-2026-09,sourced,"Column 'Other taxes on production - of which apprenticeship levy (£ millions)' [CRSN]. ONS PSF Appendix D, sum of the 12 monthly values Apr 2024 to Mar 2025."
receipts.detail.ons_psf_receipts.other_taxes_on_production_apprenticeship_levy,2025-26,UK,4.324,gbp_bn,outturn,ons_psf_receipts,PSF-2026-09,sourced,"Column 'Other taxes on production - of which apprenticeship levy (£ millions)' [CRSN]. ONS PSF Appendix D, sum of the 12 monthly values Apr 2025 to Mar 2026."
receipts.detail.ons_psf_receipts.other_taxes_on_production_bank_of_england_levy,2019-20,UK,0.0,gbp_bn,outturn,ons_psf_receipts,PSF-2026-09,sourced,"Column 'Other taxes on production - of which Bank of England Levy (£ millions)' [JS09]. ONS PSF Appendix D, sum of the 12 monthly values Apr 2019 to Mar 2020."
receipts.detail.ons_psf_receipts.other_taxes_on_production_bank_of_england_levy,2020-21,UK,0.0,gbp_bn,outturn,ons_psf_receipts,PSF-2026-09,sourced,"Column 'Other taxes on production - of which Bank of England Levy (£ millions)' [JS09]. ONS PSF Appendix D, sum of the 12 monthly values Apr 2020 to Mar 2021."
receipts.detail.ons_psf_receipts.other_taxes_on_production_bank_of_england_levy,2021-22,UK,0.0,gbp_bn,outturn,ons_psf_receipts,PSF-2026-09,sourced,"Column 'Other taxes on production - of which Bank of England Levy (£ millions)' [JS09]. ONS PSF Appendix D, sum of the 12 monthly values Apr 2021 to Mar 2022."
receipts.detail.ons_psf_receipts.other_taxes_on_production_bank_of_england_levy,2022-23,UK,0.0,gbp_bn,outturn,ons_psf_receipts,PSF-2026-09,sourced,"Column 'Other taxes on production - of which Bank of England Levy (£ millions)' [JS09]. ONS PSF Appendix D, sum of the 12 monthly values Apr 2022 to Mar 2023."
receipts.detail.ons_psf_receipts.other_taxes_on_production_bank_of_england_levy,2023-24,UK,0.061,gbp_bn,outturn,ons_psf_receipts,PSF-2026-09,sourced,"Column 'Other taxes on production - of which Bank of England Levy (£ millions)' [JS09]. ONS PSF Appendix D, sum of the 12 monthly values Apr 2023 to Mar 2024."
receipts.detail.ons_psf_receipts.other_taxes_on_production_bank_of_england_levy,2024-25,UK,0.733,gbp_bn,outturn,ons_psf_receipts,PSF-2026-09,sourced,"Column 'Other taxes on production - of which Bank of England Levy (£ millions)' [JS09]. ONS PSF Appendix D, sum of the 12 monthly values Apr 2024 to Mar 2025."
receipts.detail.ons_psf_receipts.other_taxes_on_production_bank_of_england_levy,2025-26,UK,0.596,gbp_bn,outturn,ons_psf_receipts,PSF-2026-09,sourced,"Column 'Other taxes on production - of which Bank of England Levy (£ millions)' [JS09]. ONS PSF Appendix D, sum of the 12 monthly values Apr 2025 to Mar 2026."
receipts.detail.ons_psf_receipts.other_taxes_on_production_betting_gaming_and_lottery,2019-20,UK,2.307,gbp_bn,outturn,ons_psf_receipts,PSF-2026-09,sourced,"Column 'Other taxes on production - of which betting, gaming and lottery (£ millions)' [CJQY]. ONS PSF Appendix D, sum of the 12 monthly values Apr 2019 to Mar 2020."
receipts.detail.ons_psf_receipts.other_taxes_on_production_betting_gaming_and_lottery,2020-21,UK,2.228,gbp_bn,outturn,ons_psf_receipts,PSF-2026-09,sourced,"Column 'Other taxes on production - of which betting, gaming and lottery (£ millions)' [CJQY]. ONS PSF Appendix D, sum of the 12 monthly values Apr 2020 to Mar 2021."
receipts.detail.ons_psf_receipts.other_taxes_on_production_betting_gaming_and_lottery,2021-22,UK,2.525,gbp_bn,outturn,ons_psf_receipts,PSF-2026-09,sourced,"Column 'Other taxes on production - of which betting, gaming and lottery (£ millions)' [CJQY]. ONS PSF Appendix D, sum of the 12 monthly values Apr 2021 to Mar 2022."
receipts.detail.ons_psf_receipts.other_taxes_on_production_betting_gaming_and_lottery,2022-23,UK,2.66,gbp_bn,outturn,ons_psf_receipts,PSF-2026-09,sourced,"Column 'Other taxes on production - of which betting, gaming and lottery (£ millions)' [CJQY]. ONS PSF Appendix D, sum of the 12 monthly values Apr 2022 to Mar 2023."
receipts.detail.ons_psf_receipts.other_taxes_on_production_betting_gaming_and_lottery,2023-24,UK,2.766,gbp_bn,outturn,ons_psf_receipts,PSF-2026-09,sourced,"Column 'Other taxes on production - of which betting, gaming and lottery (£ millions)' [CJQY]. ONS PSF Appendix D, sum of the 12 monthly values Apr 2023 to Mar 2024."
receipts.detail.ons_psf_receipts.other_taxes_on_production_betting_gaming_and_lottery,2024-25,UK,2.89,gbp_bn,outturn,ons_psf_receipts,PSF-2026-09,sourced,"Column 'Other taxes on production - of which betting, gaming and lottery (£ millions)' [CJQY]. ONS PSF Appendix D, sum of the 12 monthly values Apr 2024 to Mar 2025."
receipts.detail.ons_psf_receipts.other_taxes_on_production_betting_gaming_and_lottery,2025-26,UK,3.18,gbp_bn,outturn,ons_psf_receipts,PSF-2026-09,sourced,"Column 'Other taxes on production - of which betting, gaming and lottery (£ millions)' [CJQY]. ONS PSF Appendix D, sum of the 12 monthly values Apr 2025 to Mar 2026."
receipts.detail.ons_psf_receipts.other_taxes_on_production_british_transport_police,2019-20,UK,0.145,gbp_bn,outturn,ons_psf_receipts,PSF-2026-09,sourced,"Column 'Other taxes on production - of which British Transport Police (£ millions)' [CY6Z]. ONS PSF Appendix D, sum of the 12 monthly values Apr 2019 to Mar 2020."
receipts.detail.ons_psf_receipts.other_taxes_on_production_british_transport_police,2020-21,UK,0.145,gbp_bn,outturn,ons_psf_receipts,PSF-2026-09,sourced,"Column 'Other taxes on production - of which British Transport Police (£ millions)' [CY6Z]. ONS PSF Appendix D, sum of the 12 monthly values Apr 2020 to Mar 2021."
receipts.detail.ons_psf_receipts.other_taxes_on_production_british_transport_police,2021-22,UK,0.145,gbp_bn,outturn,ons_psf_receipts,PSF-2026-09,sourced,"Column 'Other taxes on production - of which British Transport Police (£ millions)' [CY6Z]. ONS PSF Appendix D, sum of the 12 monthly values Apr 2021 to Mar 2022."
receipts.detail.ons_psf_receipts.other_taxes_on_production_british_transport_police,2022-23,UK,0.145,gbp_bn,outturn,ons_psf_receipts,PSF-2026-09,sourced,"Column 'Other taxes on production - of which British Transport Police (£ millions)' [CY6Z]. ONS PSF Appendix D, sum of the 12 monthly values Apr 2022 to Mar 2023."
receipts.detail.ons_psf_receipts.other_taxes_on_production_british_transport_police,2023-24,UK,0.145,gbp_bn,outturn,ons_psf_receipts,PSF-2026-09,sourced,"Column 'Other taxes on production - of which British Transport Police (£ millions)' [CY6Z]. ONS PSF Appendix D, sum of the 12 monthly values Apr 2023 to Mar 2024."
receipts.detail.ons_psf_receipts.other_taxes_on_production_british_transport_police,2024-25,UK,0.145,gbp_bn,outturn,ons_psf_receipts,PSF-2026-09,sourced,"Column 'Other taxes on production - of which British Transport Police (£ millions)' [CY6Z]. ONS PSF Appendix D, sum of the 12 monthly values Apr 2024 to Mar 2025."
receipts.detail.ons_psf_receipts.other_taxes_on_production_british_transport_police,2025-26,UK,0.145,gbp_bn,outturn,ons_psf_receipts,PSF-2026-09,sourced,"Column 'Other taxes on production - of which British Transport Police (£ millions)' [CY6Z]. ONS PSF Appendix D, sum of the 12 monthly values Apr 2025 to Mar 2026."
receipts.detail.ons_psf_receipts.other_taxes_on_production_camelot_payments_to_national_lottery_distribution_fund,2019-20,UK,1.713,gbp_bn,outturn,ons_psf_receipts,PSF-2026-09,sourced,"Column 'Other taxes on production - of which Camelot payments to National Lottery Distribution Fund (£ millions)' [LIYH]. ONS PSF Appendix D, sum of the 12 monthly values Apr 2019 to Mar 2020."
receipts.detail.ons_psf_receipts.other_taxes_on_production_camelot_payments_to_national_lottery_distribution_fund,2020-21,UK,1.713,gbp_bn,outturn,ons_psf_receipts,PSF-2026-09,sourced,"Column 'Other taxes on production - of which Camelot payments to National Lottery Distribution Fund (£ millions)' [LIYH]. ONS PSF Appendix D, sum of the 12 monthly values Apr 2020 to Mar 2021."
receipts.detail.ons_psf_receipts.other_taxes_on_production_camelot_payments_to_national_lottery_distribution_fund,2021-22,UK,1.713,gbp_bn,outturn,ons_psf_receipts,PSF-2026-09,sourced,"Column 'Other taxes on production - of which Camelot payments to National Lottery Distribution Fund (£ millions)' [LIYH]. ONS PSF Appendix D, sum of the 12 monthly values Apr 2021 to Mar 2022."
receipts.detail.ons_psf_receipts.other_taxes_on_production_camelot_payments_to_national_lottery_distribution_fund,2022-23,UK,1.713,gbp_bn,outturn,ons_psf_receipts,PSF-2026-09,sourced,"Column 'Other taxes on production - of which Camelot payments to National Lottery Distribution Fund (£ millions)' [LIYH]. ONS PSF Appendix D, sum of the 12 monthly values Apr 2022 to Mar 2023."
receipts.detail.ons_psf_receipts.other_taxes_on_production_camelot_payments_to_national_lottery_distribution_fund,2023-24,UK,1.713,gbp_bn,outturn,ons_psf_receipts,PSF-2026-09,sourced,"Column 'Other taxes on production - of which Camelot payments to National Lottery Distribution Fund (£ millions)' [LIYH]. ONS PSF Appendix D, sum of the 12 monthly values Apr 2023 to Mar 2024."
receipts.detail.ons_psf_receipts.other_taxes_on_production_camelot_payments_to_national_lottery_distribution_fund,2024-25,UK,1.713,gbp_bn,outturn,ons_psf_receipts,PSF-2026-09,sourced,"Column 'Other taxes on production - of which Camelot payments to National Lottery Distribution Fund (£ millions)' [LIYH]. ONS PSF Appendix D, sum of the 12 monthly values Apr 2024 to Mar 2025."
receipts.detail.ons_psf_receipts.other_taxes_on_production_camelot_payments_to_national_lottery_distribution_fund,2025-26,UK,1.713,gbp_bn,outturn,ons_psf_receipts,PSF-2026-09,sourced,"Column 'Other taxes on production - of which Camelot payments to National Lottery Distribution Fund (£ millions)' [LIYH]. ONS PSF Appendix D, sum of the 12 monthly values Apr 2025 to Mar 2026."
receipts.detail.ons_psf_receipts.other_taxes_on_production_climate_change_levy,2019-20,UK,2.001,gbp_bn,outturn,ons_psf_receipts,PSF-2026-09,sourced,"Column 'Other taxes on production - of which climate change levy (£ millions)' [LSNT]. ONS PSF Appendix D, sum of the 12 monthly values Apr 2019 to Mar 2020."
receipts.detail.ons_psf_receipts.other_taxes_on_production_climate_change_levy,2020-21,UK,1.791,gbp_bn,outturn,ons_psf_receipts,PSF-2026-09,sourced,"Column 'Other taxes on production - of which climate change levy (£ millions)' [LSNT]. ONS PSF Appendix D, sum of the 12 monthly values Apr 2020 to Mar 2021."
receipts.detail.ons_psf_receipts.other_taxes_on_production_climate_change_levy,2021-22,UK,1.947,gbp_bn,outturn,ons_psf_receipts,PSF-2026-09,sourced,"Column 'Other taxes on production - of which climate change levy (£ millions)' [LSNT]. ONS PSF Appendix D, sum of the 12 monthly values Apr 2021 to Mar 2022."
receipts.detail.ons_psf_receipts.other_taxes_on_production_climate_change_levy,2022-23,UK,2.064,gbp_bn,outturn,ons_psf_receipts,PSF-2026-09,sourced,"Column 'Other taxes on production - of which climate change levy (£ millions)' [LSNT]. ONS PSF Appendix D, sum of the 12 monthly values Apr 2022 to Mar 2023."
receipts.detail.ons_psf_receipts.other_taxes_on_production_climate_change_levy,2023-24,UK,1.857,gbp_bn,outturn,ons_psf_receipts,PSF-2026-09,sourced,"Column 'Other taxes on production - of which climate change levy (£ millions)' [LSNT]. ONS PSF Appendix D, sum of the 12 monthly values Apr 2023 to Mar 2024."
receipts.detail.ons_psf_receipts.other_taxes_on_production_climate_change_levy,2024-25,UK,1.842,gbp_bn,outturn,ons_psf_receipts,PSF-2026-09,sourced,"Column 'Other taxes on production - of which climate change levy (£ millions)' [LSNT]. ONS PSF Appendix D, sum of the 12 monthly values Apr 2024 to Mar 2025."
receipts.detail.ons_psf_receipts.other_taxes_on_production_climate_change_levy,2025-26,UK,1.74,gbp_bn,outturn,ons_psf_receipts,PSF-2026-09,sourced,"Column 'Other taxes on production - of which climate change levy (£ millions)' [LSNT]. ONS PSF Appendix D, sum of the 12 monthly values Apr 2025 to Mar 2026."
receipts.detail.ons_psf_receipts.other_taxes_on_production_companies_house_registration_tax,2019-20,UK,0.063,gbp_bn,outturn,ons_psf_receipts,PSF-2026-09,sourced,"Column 'Other taxes on production - of which companies house registration tax (£ millions)' [CWUX]. ONS PSF Appendix D, sum of the 12 monthly values Apr 2019 to Mar 2020."
receipts.detail.ons_psf_receipts.other_taxes_on_production_companies_house_registration_tax,2020-21,UK,0.065,gbp_bn,outturn,ons_psf_receipts,PSF-2026-09,sourced,"Column 'Other taxes on production - of which companies house registration tax (£ millions)' [CWUX]. ONS PSF Appendix D, sum of the 12 monthly values Apr 2020 to Mar 2021."
receipts.detail.ons_psf_receipts.other_taxes_on_production_companies_house_registration_tax,2021-22,UK,0.072,gbp_bn,outturn,ons_psf_receipts,PSF-2026-09,sourced,"Column 'Other taxes on production - of which companies house registration tax (£ millions)' [CWUX]. ONS PSF Appendix D, sum of the 12 monthly values Apr 2021 to Mar 2022."
receipts.detail.ons_psf_receipts.other_taxes_on_production_companies_house_registration_tax,2022-23,UK,0.074,gbp_bn,outturn,ons_psf_receipts,PSF-2026-09,sourced,"Column 'Other taxes on production - of which companies house registration tax (£ millions)' [CWUX]. ONS PSF Appendix D, sum of the 12 monthly values Apr 2022 to Mar 2023."
receipts.detail.ons_psf_receipts.other_taxes_on_production_companies_house_registration_tax,2023-24,UK,0.086,gbp_bn,outturn,ons_psf_receipts,PSF-2026-09,sourced,"Column 'Other taxes on production - of which companies house registration tax (£ millions)' [CWUX]. ONS PSF Appendix D, sum of the 12 monthly values Apr 2023 to Mar 2024."
receipts.detail.ons_psf_receipts.other_taxes_on_production_companies_house_registration_tax,2024-25,UK,0.217,gbp_bn,outturn,ons_psf_receipts,PSF-2026-09,sourced,"Column 'Other taxes on production - of which companies house registration tax (£ millions)' [CWUX]. ONS PSF Appendix D, sum of the 12 monthly values Apr 2024 to Mar 2025."
receipts.detail.ons_psf_receipts.other_taxes_on_production_companies_house_registration_tax,2025-26,UK,0.252,gbp_bn,outturn,ons_psf_receipts,PSF-2026-09,sourced,"Column 'Other taxes on production - of which companies house registration tax (£ millions)' [CWUX]. ONS PSF Appendix D, sum of the 12 monthly values Apr 2025 to Mar 2026."
receipts.detail.ons_psf_receipts.other_taxes_on_production_digital_services_tax,2019-20,UK,0.06,gbp_bn,outturn,ons_psf_receipts,PSF-2026-09,sourced,"Column 'Other taxes on production - of which digital services tax (£ millions)' [FSO4]. ONS PSF Appendix D, sum of the 12 monthly values Apr 2019 to Mar 2020."
receipts.detail.ons_psf_receipts.other_taxes_on_production_digital_services_tax,2020-21,UK,0.32,gbp_bn,outturn,ons_psf_receipts,PSF-2026-09,sourced,"Column 'Other taxes on production - of which digital services tax (£ millions)' [FSO4]. ONS PSF Appendix D, sum of the 12 monthly values Apr 2020 to Mar 2021."
receipts.detail.ons_psf_receipts.other_taxes_on_production_digital_services_tax,2021-22,UK,0.613,gbp_bn,outturn,ons_psf_receipts,PSF-2026-09,sourced,"Column 'Other taxes on production - of which digital services tax (£ millions)' [FSO4]. ONS PSF Appendix D, sum of the 12 monthly values Apr 2021 to Mar 2022."
receipts.detail.ons_psf_receipts.other_taxes_on_production_digital_services_tax,2022-23,UK,0.607,gbp_bn,outturn,ons_psf_receipts,PSF-2026-09,sourced,"Column 'Other taxes on production - of which digital services tax (£ millions)' [FSO4]. ONS PSF Appendix D, sum of the 12 monthly values Apr 2022 to Mar 2023."
receipts.detail.ons_psf_receipts.other_taxes_on_production_digital_services_tax,2023-24,UK,0.782,gbp_bn,outturn,ons_psf_receipts,PSF-2026-09,sourced,"Column 'Other taxes on production - of which digital services tax (£ millions)' [FSO4]. ONS PSF Appendix D, sum of the 12 monthly values Apr 2023 to Mar 2024."
receipts.detail.ons_psf_receipts.other_taxes_on_production_digital_services_tax,2024-25,UK,0.924,gbp_bn,outturn,ons_psf_receipts,PSF-2026-09,sourced,"Column 'Other taxes on production - of which digital services tax (£ millions)' [FSO4]. ONS PSF Appendix D, sum of the 12 monthly values Apr 2024 to Mar 2025."
receipts.detail.ons_psf_receipts.other_taxes_on_production_digital_services_tax,2025-26,UK,1.013,gbp_bn,outturn,ons_psf_receipts,PSF-2026-09,sourced,"Column 'Other taxes on production - of which digital services tax (£ millions)' [FSO4]. ONS PSF Appendix D, sum of the 12 monthly values Apr 2025 to Mar 2026."
receipts.detail.ons_psf_receipts.other_taxes_on_production_driver_and_vehicle_licensing_agency_new_car_registration_fees,2019-20,UK,0.138,gbp_bn,outturn,ons_psf_receipts,PSF-2026-09,sourced,"Column 'Other taxes on production - of which Driver and Vehicle Licensing Agency new car registration fees (£ millions)' [MVPC]. ONS PSF Appendix D, sum of the 12 monthly values Apr 2019 to Mar 2020."
receipts.detail.ons_psf_receipts.other_taxes_on_production_driver_and_vehicle_licensing_agency_new_car_registration_fees,2020-21,UK,0.107,gbp_bn,outturn,ons_psf_receipts,PSF-2026-09,sourced,"Column 'Other taxes on production - of which Driver and Vehicle Licensing Agency new car registration fees (£ millions)' [MVPC]. ONS PSF Appendix D, sum of the 12 monthly values Apr 2020 to Mar 2021."
receipts.detail.ons_psf_receipts.other_taxes_on_production_driver_and_vehicle_licensing_agency_new_car_registration_fees,2021-22,UK,0.115,gbp_bn,outturn,ons_psf_receipts,PSF-2026-09,sourced,"Column 'Other taxes on production - of which Driver and Vehicle Licensing Agency new car registration fees (£ millions)' [MVPC]. ONS PSF Appendix D, sum of the 12 monthly values Apr 2021 to Mar 2022."
receipts.detail.ons_psf_receipts.other_taxes_on_production_driver_and_vehicle_licensing_agency_new_car_registration_fees,2022-23,UK,0.113,gbp_bn,outturn,ons_psf_receipts,PSF-2026-09,sourced,"Column 'Other taxes on production - of which Driver and Vehicle Licensing Agency new car registration fees (£ millions)' [MVPC]. ONS PSF Appendix D, sum of the 12 monthly values Apr 2022 to Mar 2023."
receipts.detail.ons_psf_receipts.other_taxes_on_production_driver_and_vehicle_licensing_agency_new_car_registration_fees,2023-24,UK,0.124,gbp_bn,outturn,ons_psf_receipts,PSF-2026-09,sourced,"Column 'Other taxes on production - of which Driver and Vehicle Licensing Agency new car registration fees (£ millions)' [MVPC]. ONS PSF Appendix D, sum of the 12 monthly values Apr 2023 to Mar 2024."
receipts.detail.ons_psf_receipts.other_taxes_on_production_driver_and_vehicle_licensing_agency_new_car_registration_fees,2024-25,UK,0.124,gbp_bn,outturn,ons_psf_receipts,PSF-2026-09,sourced,"Column 'Other taxes on production - of which Driver and Vehicle Licensing Agency new car registration fees (£ millions)' [MVPC]. ONS PSF Appendix D, sum of the 12 monthly values Apr 2024 to Mar 2025."
receipts.detail.ons_psf_receipts.other_taxes_on_production_driver_and_vehicle_licensing_agency_new_car_registration_fees,2025-26,UK,0.129,gbp_bn,outturn,ons_psf_receipts,PSF-2026-09,sourced,"Column 'Other taxes on production - of which Driver and Vehicle Licensing Agency new car registration fees (£ millions)' [MVPC]. ONS PSF Appendix D, sum of the 12 monthly values Apr 2025 to Mar 2026."
receipts.detail.ons_psf_receipts.other_taxes_on_production_economic_crime_levy,2019-20,UK,0.0,gbp_bn,outturn,ons_psf_receipts,PSF-2026-09,sourced,"Column 'Other taxes on production - of which economic crime levy (£ millions)' [KYFR]. ONS PSF Appendix D, sum of the 12 monthly values Apr 2019 to Mar 2020."
receipts.detail.ons_psf_receipts.other_taxes_on_production_economic_crime_levy,2020-21,UK,0.0,gbp_bn,outturn,ons_psf_receipts,PSF-2026-09,sourced,"Column 'Other taxes on production - of which economic crime levy (£ millions)' [KYFR]. ONS PSF Appendix D, sum of the 12 monthly values Apr 2020 to Mar 2021."
receipts.detail.ons_psf_receipts.other_taxes_on_production_economic_crime_levy,2021-22,UK,0.0,gbp_bn,outturn,ons_psf_receipts,PSF-2026-09,sourced,"Column 'Other taxes on production - of which economic crime levy (£ millions)' [KYFR]. ONS PSF Appendix D, sum of the 12 monthly values Apr 2021 to Mar 2022."
receipts.detail.ons_psf_receipts.other_taxes_on_production_economic_crime_levy,2022-23,UK,0.087,gbp_bn,outturn,ons_psf_receipts,PSF-2026-09,sourced,"Column 'Other taxes on production - of which economic crime levy (£ millions)' [KYFR]. ONS PSF Appendix D, sum of the 12 monthly values Apr 2022 to Mar 2023."
receipts.detail.ons_psf_receipts.other_taxes_on_production_economic_crime_levy,2023-24,UK,0.089,gbp_bn,outturn,ons_psf_receipts,PSF-2026-09,sourced,"Column 'Other taxes on production - of which economic crime levy (£ millions)' [KYFR]. ONS PSF Appendix D, sum of the 12 monthly values Apr 2023 to Mar 2024."
receipts.detail.ons_psf_receipts.other_taxes_on_production_economic_crime_levy,2024-25,UK,0.124,gbp_bn,outturn,ons_psf_receipts,PSF-2026-09,sourced,"Column 'Other taxes on production - of which economic crime levy (£ millions)' [KYFR]. ONS PSF Appendix D, sum of the 12 monthly values Apr 2024 to Mar 2025."
receipts.detail.ons_psf_receipts.other_taxes_on_production_economic_crime_levy,2025-26,UK,0.126,gbp_bn,outturn,ons_psf_receipts,PSF-2026-09,sourced,"Column 'Other taxes on production - of which economic crime levy (£ millions)' [KYFR]. ONS PSF Appendix D, sum of the 12 monthly values Apr 2025 to Mar 2026."
receipts.detail.ons_psf_receipts.other_taxes_on_production_environmental_levies,2019-20,UK,8.025,gbp_bn,outturn,ons_psf_receipts,PSF-2026-09,sourced,"Column 'Other taxes on production - of which environmental levies [note 1] (£ millions)' [AHGP]. ONS PSF Appendix D, sum of the 12 monthly values Apr 2019 to Mar 2020."
receipts.detail.ons_psf_receipts.other_taxes_on_production_environmental_levies,2020-21,UK,8.476,gbp_bn,outturn,ons_psf_receipts,PSF-2026-09,sourced,"Column 'Other taxes on production - of which environmental levies [note 1] (£ millions)' [AHGP]. ONS PSF Appendix D, sum of the 12 monthly values Apr 2020 to Mar 2021."
receipts.detail.ons_psf_receipts.other_taxes_on_production_environmental_levies,2021-22,UK,6.584,gbp_bn,outturn,ons_psf_receipts,PSF-2026-09,sourced,"Column 'Other taxes on production - of which environmental levies [note 1] (£ millions)' [AHGP]. ONS PSF Appendix D, sum of the 12 monthly values Apr 2021 to Mar 2022."
receipts.detail.ons_psf_receipts.other_taxes_on_production_environmental_levies,2022-23,UK,6.624,gbp_bn,outturn,ons_psf_receipts,PSF-2026-09,sourced,"Column 'Other taxes on production - of which environmental levies [note 1] (£ millions)' [AHGP]. ONS PSF Appendix D, sum of the 12 monthly values Apr 2022 to Mar 2023."
receipts.detail.ons_psf_receipts.other_taxes_on_production_environmental_levies,2023-24,UK,9.492,gbp_bn,outturn,ons_psf_receipts,PSF-2026-09,sourced,"Column 'Other taxes on production - of which environmental levies [note 1] (£ millions)' [AHGP]. ONS PSF Appendix D, sum of the 12 monthly values Apr 2023 to Mar 2024."
receipts.detail.ons_psf_receipts.other_taxes_on_production_environmental_levies,2024-25,UK,10.034,gbp_bn,outturn,ons_psf_receipts,PSF-2026-09,sourced,"Column 'Other taxes on production - of which environmental levies [note 1] (£ millions)' [AHGP]. ONS PSF Appendix D, sum of the 12 monthly values Apr 2024 to Mar 2025."
receipts.detail.ons_psf_receipts.other_taxes_on_production_environmental_levies,2025-26,UK,10.972,gbp_bn,outturn,ons_psf_receipts,PSF-2026-09,sourced,"Column 'Other taxes on production - of which environmental levies [note 1] (£ millions)' [AHGP]. ONS PSF Appendix D, sum of the 12 monthly values Apr 2025 to Mar 2026."
receipts.detail.ons_psf_receipts.other_taxes_on_production_eu_emissions_trading_scheme_auction_receipts,2019-20,UK,1.581,gbp_bn,outturn,ons_psf_receipts,PSF-2026-09,sourced,"Column 'Other taxes on production - of which EU emissions trading scheme auction receipts (£ millions)' [M98G]. ONS PSF Appendix D, sum of the 12 monthly values Apr 2019 to Mar 2020."
receipts.detail.ons_psf_receipts.other_taxes_on_production_eu_emissions_trading_scheme_auction_receipts,2020-21,UK,1.284,gbp_bn,outturn,ons_psf_receipts,PSF-2026-09,sourced,"Column 'Other taxes on production - of which EU emissions trading scheme auction receipts (£ millions)' [M98G]. ONS PSF Appendix D, sum of the 12 monthly values Apr 2020 to Mar 2021."
receipts.detail.ons_psf_receipts.other_taxes_on_production_eu_emissions_trading_scheme_auction_receipts,2021-22,UK,1.036,gbp_bn,outturn,ons_psf_receipts,PSF-2026-09,sourced,"Column 'Other taxes on production - of which EU emissions trading scheme auction receipts (£ millions)' [M98G]. ONS PSF Appendix D, sum of the 12 monthly values Apr 2021 to Mar 2022."
receipts.detail.ons_psf_receipts.other_taxes_on_production_eu_emissions_trading_scheme_auction_receipts,2022-23,UK,0.0,gbp_bn,outturn,ons_psf_receipts,PSF-2026-09,sourced,"Column 'Other taxes on production - of which EU emissions trading scheme auction receipts (£ millions)' [M98G]. ONS PSF Appendix D, sum of the 12 monthly values Apr 2022 to Mar 2023."
receipts.detail.ons_psf_receipts.other_taxes_on_production_eu_emissions_trading_scheme_auction_receipts,2023-24,UK,0.0,gbp_bn,outturn,ons_psf_receipts,PSF-2026-09,sourced,"Column 'Other taxes on production - of which EU emissions trading scheme auction receipts (£ millions)' [M98G]. ONS PSF Appendix D, sum of the 12 monthly values Apr 2023 to Mar 2024."
receipts.detail.ons_psf_receipts.other_taxes_on_production_eu_emissions_trading_scheme_auction_receipts,2024-25,UK,0.0,gbp_bn,outturn,ons_psf_receipts,PSF-2026-09,sourced,"Column 'Other taxes on production - of which EU emissions trading scheme auction receipts (£ millions)' [M98G]. ONS PSF Appendix D, sum of the 12 monthly values Apr 2024 to Mar 2025."
receipts.detail.ons_psf_receipts.other_taxes_on_production_eu_emissions_trading_scheme_auction_receipts,2025-26,UK,0.0,gbp_bn,outturn,ons_psf_receipts,PSF-2026-09,sourced,"Column 'Other taxes on production - of which EU emissions trading scheme auction receipts (£ millions)' [M98G]. ONS PSF Appendix D, sum of the 12 monthly values Apr 2025 to Mar 2026."
receipts.detail.ons_psf_receipts.other_taxes_on_production_immigration_skills_charge,2019-20,UK,0.172,gbp_bn,outturn,ons_psf_receipts,PSF-2026-09,sourced,"Column 'Other taxes on production - of which immigration skills charge (£ millions)' [CSH8]. ONS PSF Appendix D, sum of the 12 monthly values Apr 2019 to Mar 2020."
receipts.detail.ons_psf_receipts.other_taxes_on_production_immigration_skills_charge,2020-21,UK,0.139,gbp_bn,outturn,ons_psf_receipts,PSF-2026-09,sourced,"Column 'Other taxes on production - of which immigration skills charge (£ millions)' [CSH8]. ONS PSF Appendix D, sum of the 12 monthly values Apr 2020 to Mar 2021."
receipts.detail.ons_psf_receipts.other_taxes_on_production_immigration_skills_charge,2021-22,UK,0.349,gbp_bn,outturn,ons_psf_receipts,PSF-2026-09,sourced,"Column 'Other taxes on production - of which immigration skills charge (£ millions)' [CSH8]. ONS PSF Appendix D, sum of the 12 monthly values Apr 2021 to Mar 2022."
receipts.detail.ons_psf_receipts.other_taxes_on_production_immigration_skills_charge,2022-23,UK,0.586,gbp_bn,outturn,ons_psf_receipts,PSF-2026-09,sourced,"Column 'Other taxes on production - of which immigration skills charge (£ millions)' [CSH8]. ONS PSF Appendix D, sum of the 12 monthly values Apr 2022 to Mar 2023."
receipts.detail.ons_psf_receipts.other_taxes_on_production_immigration_skills_charge,2023-24,UK,0.668,gbp_bn,outturn,ons_psf_receipts,PSF-2026-09,sourced,"Column 'Other taxes on production - of which immigration skills charge (£ millions)' [CSH8]. ONS PSF Appendix D, sum of the 12 monthly values Apr 2023 to Mar 2024."
receipts.detail.ons_psf_receipts.other_taxes_on_production_immigration_skills_charge,2024-25,UK,0.56,gbp_bn,outturn,ons_psf_receipts,PSF-2026-09,sourced,"Column 'Other taxes on production - of which immigration skills charge (£ millions)' [CSH8]. ONS PSF Appendix D, sum of the 12 monthly values Apr 2024 to Mar 2025."
receipts.detail.ons_psf_receipts.other_taxes_on_production_immigration_skills_charge,2025-26,UK,0.594,gbp_bn,outturn,ons_psf_receipts,PSF-2026-09,sourced,"Column 'Other taxes on production - of which immigration skills charge (£ millions)' [CSH8]. ONS PSF Appendix D, sum of the 12 monthly values Apr 2025 to Mar 2026."
receipts.detail.ons_psf_receipts.other_taxes_on_production_insurance_premium_tax,2019-20,UK,6.48,gbp_bn,outturn,ons_psf_receipts,PSF-2026-09,sourced,"Column 'Other taxes on production - of which insurance premium tax (£ millions)' [CWAD]. ONS PSF Appendix D, sum of the 12 monthly values Apr 2019 to Mar 2020."
receipts.detail.ons_psf_receipts.other_taxes_on_production_insurance_premium_tax,2020-21,UK,6.306,gbp_bn,outturn,ons_psf_receipts,PSF-2026-09,sourced,"Column 'Other taxes on production - of which insurance premium tax (£ millions)' [CWAD]. ONS PSF Appendix D, sum of the 12 monthly values Apr 2020 to Mar 2021."
receipts.detail.ons_psf_receipts.other_taxes_on_production_insurance_premium_tax,2021-22,UK,6.792,gbp_bn,outturn,ons_psf_receipts,PSF-2026-09,sourced,"Column 'Other taxes on production - of which insurance premium tax (£ millions)' [CWAD]. ONS PSF Appendix D, sum of the 12 monthly values Apr 2021 to Mar 2022."
receipts.detail.ons_psf_receipts.other_taxes_on_production_insurance_premium_tax,2022-23,UK,7.455,gbp_bn,outturn,ons_psf_receipts,PSF-2026-09,sourced,"Column 'Other taxes on production - of which insurance premium tax (£ millions)' [CWAD]. ONS PSF Appendix D, sum of the 12 monthly values Apr 2022 to Mar 2023."
receipts.detail.ons_psf_receipts.other_taxes_on_production_insurance_premium_tax,2023-24,UK,8.382,gbp_bn,outturn,ons_psf_receipts,PSF-2026-09,sourced,"Column 'Other taxes on production - of which insurance premium tax (£ millions)' [CWAD]. ONS PSF Appendix D, sum of the 12 monthly values Apr 2023 to Mar 2024."
receipts.detail.ons_psf_receipts.other_taxes_on_production_insurance_premium_tax,2024-25,UK,8.94,gbp_bn,outturn,ons_psf_receipts,PSF-2026-09,sourced,"Column 'Other taxes on production - of which insurance premium tax (£ millions)' [CWAD]. ONS PSF Appendix D, sum of the 12 monthly values Apr 2024 to Mar 2025."
receipts.detail.ons_psf_receipts.other_taxes_on_production_insurance_premium_tax,2025-26,UK,9.039,gbp_bn,outturn,ons_psf_receipts,PSF-2026-09,sourced,"Column 'Other taxes on production - of which insurance premium tax (£ millions)' [CWAD]. ONS PSF Appendix D, sum of the 12 monthly values Apr 2025 to Mar 2026."
receipts.detail.ons_psf_receipts.other_taxes_on_production_land_registry_registration_of_title_tax,2019-20,UK,0.299,gbp_bn,outturn,ons_psf_receipts,PSF-2026-09,sourced,"Column 'Other taxes on production - of which land registry registration of title tax (£ millions)' [CWV7]. ONS PSF Appendix D, sum of the 12 monthly values Apr 2019 to Mar 2020."
receipts.detail.ons_psf_receipts.other_taxes_on_production_land_registry_registration_of_title_tax,2020-21,UK,0.234,gbp_bn,outturn,ons_psf_receipts,PSF-2026-09,sourced,"Column 'Other taxes on production - of which land registry registration of title tax (£ millions)' [CWV7]. ONS PSF Appendix D, sum of the 12 monthly values Apr 2020 to Mar 2021."
receipts.detail.ons_psf_receipts.other_taxes_on_production_land_registry_registration_of_title_tax,2021-22,UK,0.31,gbp_bn,outturn,ons_psf_receipts,PSF-2026-09,sourced,"Column 'Other taxes on production - of which land registry registration of title tax (£ millions)' [CWV7]. ONS PSF Appendix D, sum of the 12 monthly values Apr 2021 to Mar 2022."
receipts.detail.ons_psf_receipts.other_taxes_on_production_land_registry_registration_of_title_tax,2022-23,UK,0.358,gbp_bn,outturn,ons_psf_receipts,PSF-2026-09,sourced,"Column 'Other taxes on production - of which land registry registration of title tax (£ millions)' [CWV7]. ONS PSF Appendix D, sum of the 12 monthly values Apr 2022 to Mar 2023."
receipts.detail.ons_psf_receipts.other_taxes_on_production_land_registry_registration_of_title_tax,2023-24,UK,0.33,gbp_bn,outturn,ons_psf_receipts,PSF-2026-09,sourced,"Column 'Other taxes on production - of which land registry registration of title tax (£ millions)' [CWV7]. ONS PSF Appendix D, sum of the 12 monthly values Apr 2023 to Mar 2024."
receipts.detail.ons_psf_receipts.other_taxes_on_production_land_registry_registration_of_title_tax,2024-25,UK,0.393,gbp_bn,outturn,ons_psf_receipts,PSF-2026-09,sourced,"Column 'Other taxes on production - of which land registry registration of title tax (£ millions)' [CWV7]. ONS PSF Appendix D, sum of the 12 monthly values Apr 2024 to Mar 2025."
receipts.detail.ons_psf_receipts.other_taxes_on_production_land_registry_registration_of_title_tax,2025-26,UK,0.492,gbp_bn,outturn,ons_psf_receipts,PSF-2026-09,sourced,"Column 'Other taxes on production - of which land registry registration of title tax (£ millions)' [CWV7]. ONS PSF Appendix D, sum of the 12 monthly values Apr 2025 to Mar 2026."
receipts.detail.ons_psf_receipts.other_taxes_on_production_landfill_tax,2019-20,UK,0.732,gbp_bn,outturn,ons_psf_receipts,PSF-2026-09,sourced,"Column 'Other taxes on production - of which landfill tax (£ millions)' [BKOF]. ONS PSF Appendix D, sum of the 12 monthly values Apr 2019 to Mar 2020."
receipts.detail.ons_psf_receipts.other_taxes_on_production_landfill_tax,2020-21,UK,0.76,gbp_bn,outturn,ons_psf_receipts,PSF-2026-09,sourced,"Column 'Other taxes on production - of which landfill tax (£ millions)' [BKOF]. ONS PSF Appendix D, sum of the 12 monthly values Apr 2020 to Mar 2021."
receipts.detail.ons_psf_receipts.other_taxes_on_production_landfill_tax,2021-22,UK,0.851,gbp_bn,outturn,ons_psf_receipts,PSF-2026-09,sourced,"Column 'Other taxes on production - of which landfill tax (£ millions)' [BKOF]. ONS PSF Appendix D, sum of the 12 monthly values Apr 2021 to Mar 2022."
receipts.detail.ons_psf_receipts.other_taxes_on_production_landfill_tax,2022-23,UK,0.734,gbp_bn,outturn,ons_psf_receipts,PSF-2026-09,sourced,"Column 'Other taxes on production - of which landfill tax (£ millions)' [BKOF]. ONS PSF Appendix D, sum of the 12 monthly values Apr 2022 to Mar 2023."
receipts.detail.ons_psf_receipts.other_taxes_on_production_landfill_tax,2023-24,UK,0.569,gbp_bn,outturn,ons_psf_receipts,PSF-2026-09,sourced,"Column 'Other taxes on production - of which landfill tax (£ millions)' [BKOF]. ONS PSF Appendix D, sum of the 12 monthly values Apr 2023 to Mar 2024."
receipts.detail.ons_psf_receipts.other_taxes_on_production_landfill_tax,2024-25,UK,0.588,gbp_bn,outturn,ons_psf_receipts,PSF-2026-09,sourced,"Column 'Other taxes on production - of which landfill tax (£ millions)' [BKOF]. ONS PSF Appendix D, sum of the 12 monthly values Apr 2024 to Mar 2025."
receipts.detail.ons_psf_receipts.other_taxes_on_production_landfill_tax,2025-26,UK,0.676,gbp_bn,outturn,ons_psf_receipts,PSF-2026-09,sourced,"Column 'Other taxes on production - of which landfill tax (£ millions)' [BKOF]. ONS PSF Appendix D, sum of the 12 monthly values Apr 2025 to Mar 2026."
receipts.detail.ons_psf_receipts.other_taxes_on_production_levy_funded_bodies_receipts,2019-20,UK,0.839,gbp_bn,outturn,ons_psf_receipts,PSF-2026-09,sourced,"Column 'Other taxes on production - of which levy funded bodies receipts (£ millions)' [LITK]. ONS PSF Appendix D, sum of the 12 monthly values Apr 2019 to Mar 2020."
receipts.detail.ons_psf_receipts.other_taxes_on_production_levy_funded_bodies_receipts,2020-21,UK,0.988,gbp_bn,outturn,ons_psf_receipts,PSF-2026-09,sourced,"Column 'Other taxes on production - of which levy funded bodies receipts (£ millions)' [LITK]. ONS PSF Appendix D, sum of the 12 monthly values Apr 2020 to Mar 2021."
receipts.detail.ons_psf_receipts.other_taxes_on_production_levy_funded_bodies_receipts,2021-22,UK,0.897,gbp_bn,outturn,ons_psf_receipts,PSF-2026-09,sourced,"Column 'Other taxes on production - of which levy funded bodies receipts (£ millions)' [LITK]. ONS PSF Appendix D, sum of the 12 monthly values Apr 2021 to Mar 2022."
receipts.detail.ons_psf_receipts.other_taxes_on_production_levy_funded_bodies_receipts,2022-23,UK,0.877,gbp_bn,outturn,ons_psf_receipts,PSF-2026-09,sourced,"Column 'Other taxes on production - of which levy funded bodies receipts (£ millions)' [LITK]. ONS PSF Appendix D, sum of the 12 monthly values Apr 2022 to Mar 2023."
receipts.detail.ons_psf_receipts.other_taxes_on_production_levy_funded_bodies_receipts,2023-24,UK,0.546,gbp_bn,outturn,ons_psf_receipts,PSF-2026-09,sourced,"Column 'Other taxes on production - of which levy funded bodies receipts (£ millions)' [LITK]. ONS PSF Appendix D, sum of the 12 monthly values Apr 2023 to Mar 2024."
receipts.detail.ons_psf_receipts.other_taxes_on_production_levy_funded_bodies_receipts,2024-25,UK,0.577,gbp_bn,outturn,ons_psf_receipts,PSF-2026-09,sourced,"Column 'Other taxes on production - of which levy funded bodies receipts (£ millions)' [LITK]. ONS PSF Appendix D, sum of the 12 monthly values Apr 2024 to Mar 2025."
receipts.detail.ons_psf_receipts.other_taxes_on_production_levy_funded_bodies_receipts,2025-26,UK,0.616,gbp_bn,outturn,ons_psf_receipts,PSF-2026-09,sourced,"Column 'Other taxes on production - of which levy funded bodies receipts (£ millions)' [LITK]. ONS PSF Appendix D, sum of the 12 monthly values Apr 2025 to Mar 2026."
receipts.detail.ons_psf_receipts.other_taxes_on_production_lighthouse_dues,2019-20,UK,0.078,gbp_bn,outturn,ons_psf_receipts,PSF-2026-09,sourced,"Column 'Other taxes on production - of which lighthouse dues (£ millions)' [DPIH]. ONS PSF Appendix D, sum of the 12 monthly values Apr 2019 to Mar 2020."
receipts.detail.ons_psf_receipts.other_taxes_on_production_lighthouse_dues,2020-21,UK,0.069,gbp_bn,outturn,ons_psf_receipts,PSF-2026-09,sourced,"Column 'Other taxes on production - of which lighthouse dues (£ millions)' [DPIH]. ONS PSF Appendix D, sum of the 12 monthly values Apr 2020 to Mar 2021."
receipts.detail.ons_psf_receipts.other_taxes_on_production_lighthouse_dues,2021-22,UK,0.073,gbp_bn,outturn,ons_psf_receipts,PSF-2026-09,sourced,"Column 'Other taxes on production - of which lighthouse dues (£ millions)' [DPIH]. ONS PSF Appendix D, sum of the 12 monthly values Apr 2021 to Mar 2022."
receipts.detail.ons_psf_receipts.other_taxes_on_production_lighthouse_dues,2022-23,UK,0.083,gbp_bn,outturn,ons_psf_receipts,PSF-2026-09,sourced,"Column 'Other taxes on production - of which lighthouse dues (£ millions)' [DPIH]. ONS PSF Appendix D, sum of the 12 monthly values Apr 2022 to Mar 2023."
receipts.detail.ons_psf_receipts.other_taxes_on_production_lighthouse_dues,2023-24,UK,0.089,gbp_bn,outturn,ons_psf_receipts,PSF-2026-09,sourced,"Column 'Other taxes on production - of which lighthouse dues (£ millions)' [DPIH]. ONS PSF Appendix D, sum of the 12 monthly values Apr 2023 to Mar 2024."
receipts.detail.ons_psf_receipts.other_taxes_on_production_lighthouse_dues,2024-25,UK,0.089,gbp_bn,outturn,ons_psf_receipts,PSF-2026-09,sourced,"Column 'Other taxes on production - of which lighthouse dues (£ millions)' [DPIH]. ONS PSF Appendix D, sum of the 12 monthly values Apr 2024 to Mar 2025."
receipts.detail.ons_psf_receipts.other_taxes_on_production_lighthouse_dues,2025-26,UK,0.1,gbp_bn,outturn,ons_psf_receipts,PSF-2026-09,sourced,"Column 'Other taxes on production - of which lighthouse dues (£ millions)' [DPIH]. ONS PSF Appendix D, sum of the 12 monthly values Apr 2025 to Mar 2026."
receipts.detail.ons_psf_receipts.other_taxes_on_production_not_elsewhere_specified,2019-20,UK,2.303,gbp_bn,outturn,ons_psf_receipts,PSF-2026-09,sourced,"Column 'Other taxes on production not elsewhere specified (£ millions)' [FZK6]. ONS PSF Appendix D, sum of the 12 monthly values Apr 2019 to Mar 2020."
receipts.detail.ons_psf_receipts.other_taxes_on_production_not_elsewhere_specified,2020-21,UK,2.366,gbp_bn,outturn,ons_psf_receipts,PSF-2026-09,sourced,"Column 'Other taxes on production not elsewhere specified (£ millions)' [FZK6]. ONS PSF Appendix D, sum of the 12 monthly values Apr 2020 to Mar 2021."
receipts.detail.ons_psf_receipts.other_taxes_on_production_not_elsewhere_specified,2021-22,UK,2.311,gbp_bn,outturn,ons_psf_receipts,PSF-2026-09,sourced,"Column 'Other taxes on production not elsewhere specified (£ millions)' [FZK6]. ONS PSF Appendix D, sum of the 12 monthly values Apr 2021 to Mar 2022."
receipts.detail.ons_psf_receipts.other_taxes_on_production_not_elsewhere_specified,2022-23,UK,2.512,gbp_bn,outturn,ons_psf_receipts,PSF-2026-09,sourced,"Column 'Other taxes on production not elsewhere specified (£ millions)' [FZK6]. ONS PSF Appendix D, sum of the 12 monthly values Apr 2022 to Mar 2023."
receipts.detail.ons_psf_receipts.other_taxes_on_production_not_elsewhere_specified,2023-24,UK,2.571,gbp_bn,outturn,ons_psf_receipts,PSF-2026-09,sourced,"Column 'Other taxes on production not elsewhere specified (£ millions)' [FZK6]. ONS PSF Appendix D, sum of the 12 monthly values Apr 2023 to Mar 2024."
receipts.detail.ons_psf_receipts.other_taxes_on_production_not_elsewhere_specified,2024-25,UK,2.751,gbp_bn,outturn,ons_psf_receipts,PSF-2026-09,sourced,"Column 'Other taxes on production not elsewhere specified (£ millions)' [FZK6]. ONS PSF Appendix D, sum of the 12 monthly values Apr 2024 to Mar 2025."
receipts.detail.ons_psf_receipts.other_taxes_on_production_not_elsewhere_specified,2025-26,UK,2.847,gbp_bn,outturn,ons_psf_receipts,PSF-2026-09,sourced,"Column 'Other taxes on production not elsewhere specified (£ millions)' [FZK6]. ONS PSF Appendix D, sum of the 12 monthly values Apr 2025 to Mar 2026."
receipts.detail.ons_psf_receipts.other_taxes_on_production_pension_protection_fund_levy,2019-20,UK,0.574,gbp_bn,outturn,ons_psf_receipts,PSF-2026-09,sourced,"Column 'Other taxes on production - of which pension protection fund levy (£ millions)' [CWR7]. ONS PSF Appendix D, sum of the 12 monthly values Apr 2019 to Mar 2020."
receipts.detail.ons_psf_receipts.other_taxes_on_production_pension_protection_fund_levy,2020-21,UK,0.637,gbp_bn,outturn,ons_psf_receipts,PSF-2026-09,sourced,"Column 'Other taxes on production - of which pension protection fund levy (£ millions)' [CWR7]. ONS PSF Appendix D, sum of the 12 monthly values Apr 2020 to Mar 2021."
receipts.detail.ons_psf_receipts.other_taxes_on_production_pension_protection_fund_levy,2021-22,UK,0.49,gbp_bn,outturn,ons_psf_receipts,PSF-2026-09,sourced,"Column 'Other taxes on production - of which pension protection fund levy (£ millions)' [CWR7]. ONS PSF Appendix D, sum of the 12 monthly values Apr 2021 to Mar 2022."
receipts.detail.ons_psf_receipts.other_taxes_on_production_pension_protection_fund_levy,2022-23,UK,0.42,gbp_bn,outturn,ons_psf_receipts,PSF-2026-09,sourced,"Column 'Other taxes on production - of which pension protection fund levy (£ millions)' [CWR7]. ONS PSF Appendix D, sum of the 12 monthly values Apr 2022 to Mar 2023."
receipts.detail.ons_psf_receipts.other_taxes_on_production_pension_protection_fund_levy,2023-24,UK,0.209,gbp_bn,outturn,ons_psf_receipts,PSF-2026-09,sourced,"Column 'Other taxes on production - of which pension protection fund levy (£ millions)' [CWR7]. ONS PSF Appendix D, sum of the 12 monthly values Apr 2023 to Mar 2024."
receipts.detail.ons_psf_receipts.other_taxes_on_production_pension_protection_fund_levy,2024-25,UK,0.14,gbp_bn,outturn,ons_psf_receipts,PSF-2026-09,sourced,"Column 'Other taxes on production - of which pension protection fund levy (£ millions)' [CWR7]. ONS PSF Appendix D, sum of the 12 monthly values Apr 2024 to Mar 2025."
receipts.detail.ons_psf_receipts.other_taxes_on_production_pension_protection_fund_levy,2025-26,UK,0.038,gbp_bn,outturn,ons_psf_receipts,PSF-2026-09,sourced,"Column 'Other taxes on production - of which pension protection fund levy (£ millions)' [CWR7]. ONS PSF Appendix D, sum of the 12 monthly values Apr 2025 to Mar 2026."
receipts.detail.ons_psf_receipts.other_taxes_on_production_plastic_packaging_tax,2019-20,UK,0.0,gbp_bn,outturn,ons_psf_receipts,PSF-2026-09,sourced,"Column 'Other taxes on production - of which plastic packaging tax (£ millions)' [KYFJ]. ONS PSF Appendix D, sum of the 12 monthly values Apr 2019 to Mar 2020."
receipts.detail.ons_psf_receipts.other_taxes_on_production_plastic_packaging_tax,2020-21,UK,0.0,gbp_bn,outturn,ons_psf_receipts,PSF-2026-09,sourced,"Column 'Other taxes on production - of which plastic packaging tax (£ millions)' [KYFJ]. ONS PSF Appendix D, sum of the 12 monthly values Apr 2020 to Mar 2021."
receipts.detail.ons_psf_receipts.other_taxes_on_production_plastic_packaging_tax,2021-22,UK,0.0,gbp_bn,outturn,ons_psf_receipts,PSF-2026-09,sourced,"Column 'Other taxes on production - of which plastic packaging tax (£ millions)' [KYFJ]. ONS PSF Appendix D, sum of the 12 monthly values Apr 2021 to Mar 2022."
receipts.detail.ons_psf_receipts.other_taxes_on_production_plastic_packaging_tax,2022-23,UK,0.267,gbp_bn,outturn,ons_psf_receipts,PSF-2026-09,sourced,"Column 'Other taxes on production - of which plastic packaging tax (£ millions)' [KYFJ]. ONS PSF Appendix D, sum of the 12 monthly values Apr 2022 to Mar 2023."
receipts.detail.ons_psf_receipts.other_taxes_on_production_plastic_packaging_tax,2023-24,UK,0.267,gbp_bn,outturn,ons_psf_receipts,PSF-2026-09,sourced,"Column 'Other taxes on production - of which plastic packaging tax (£ millions)' [KYFJ]. ONS PSF Appendix D, sum of the 12 monthly values Apr 2023 to Mar 2024."
receipts.detail.ons_psf_receipts.other_taxes_on_production_plastic_packaging_tax,2024-25,UK,0.255,gbp_bn,outturn,ons_psf_receipts,PSF-2026-09,sourced,"Column 'Other taxes on production - of which plastic packaging tax (£ millions)' [KYFJ]. ONS PSF Appendix D, sum of the 12 monthly values Apr 2024 to Mar 2025."
receipts.detail.ons_psf_receipts.other_taxes_on_production_plastic_packaging_tax,2025-26,UK,0.264,gbp_bn,outturn,ons_psf_receipts,PSF-2026-09,sourced,"Column 'Other taxes on production - of which plastic packaging tax (£ millions)' [KYFJ]. ONS PSF Appendix D, sum of the 12 monthly values Apr 2025 to Mar 2026."
receipts.detail.ons_psf_receipts.other_taxes_on_production_rail_franchise_premia,2019-20,UK,1.155,gbp_bn,outturn,ons_psf_receipts,PSF-2026-09,sourced,"Column 'Other taxes on production - of which rail franchise premia (£ millions)' [LITT]. ONS PSF Appendix D, sum of the 12 monthly values Apr 2019 to Mar 2020."
receipts.detail.ons_psf_receipts.other_taxes_on_production_rail_franchise_premia,2020-21,UK,0.0,gbp_bn,outturn,ons_psf_receipts,PSF-2026-09,sourced,"Column 'Other taxes on production - of which rail franchise premia (£ millions)' [LITT]. ONS PSF Appendix D, sum of the 12 monthly values Apr 2020 to Mar 2021."
receipts.detail.ons_psf_receipts.other_taxes_on_production_rail_franchise_premia,2021-22,UK,0.0,gbp_bn,outturn,ons_psf_receipts,PSF-2026-09,sourced,"Column 'Other taxes on production - of which rail franchise premia (£ millions)' [LITT]. ONS PSF Appendix D, sum of the 12 monthly values Apr 2021 to Mar 2022."
receipts.detail.ons_psf_receipts.other_taxes_on_production_rail_franchise_premia,2022-23,UK,0.0,gbp_bn,outturn,ons_psf_receipts,PSF-2026-09,sourced,"Column 'Other taxes on production - of which rail franchise premia (£ millions)' [LITT]. ONS PSF Appendix D, sum of the 12 monthly values Apr 2022 to Mar 2023."
receipts.detail.ons_psf_receipts.other_taxes_on_production_rail_franchise_premia,2023-24,UK,0.0,gbp_bn,outturn,ons_psf_receipts,PSF-2026-09,sourced,"Column 'Other taxes on production - of which rail franchise premia (£ millions)' [LITT]. ONS PSF Appendix D, sum of the 12 monthly values Apr 2023 to Mar 2024."
receipts.detail.ons_psf_receipts.other_taxes_on_production_rail_franchise_premia,2024-25,UK,0.0,gbp_bn,outturn,ons_psf_receipts,PSF-2026-09,sourced,"Column 'Other taxes on production - of which rail franchise premia (£ millions)' [LITT]. ONS PSF Appendix D, sum of the 12 monthly values Apr 2024 to Mar 2025."
receipts.detail.ons_psf_receipts.other_taxes_on_production_rail_franchise_premia,2025-26,UK,0.0,gbp_bn,outturn,ons_psf_receipts,PSF-2026-09,sourced,"Column 'Other taxes on production - of which rail franchise premia (£ millions)' [LITT]. ONS PSF Appendix D, sum of the 12 monthly values Apr 2025 to Mar 2026."
receipts.detail.ons_psf_receipts.other_taxes_on_production_soft_drinks_industry_levy,2019-20,UK,0.333,gbp_bn,outturn,ons_psf_receipts,PSF-2026-09,sourced,"Column 'Other taxes on production - of which soft drinks industry levy (£ millions)' [CT9U]. ONS PSF Appendix D, sum of the 12 monthly values Apr 2019 to Mar 2020."
receipts.detail.ons_psf_receipts.other_taxes_on_production_soft_drinks_industry_levy,2020-21,UK,0.288,gbp_bn,outturn,ons_psf_receipts,PSF-2026-09,sourced,"Column 'Other taxes on production - of which soft drinks industry levy (£ millions)' [CT9U]. ONS PSF Appendix D, sum of the 12 monthly values Apr 2020 to Mar 2021."
receipts.detail.ons_psf_receipts.other_taxes_on_production_soft_drinks_industry_levy,2021-22,UK,0.351,gbp_bn,outturn,ons_psf_receipts,PSF-2026-09,sourced,"Column 'Other taxes on production - of which soft drinks industry levy (£ millions)' [CT9U]. ONS PSF Appendix D, sum of the 12 monthly values Apr 2021 to Mar 2022."
receipts.detail.ons_psf_receipts.other_taxes_on_production_soft_drinks_industry_levy,2022-23,UK,0.357,gbp_bn,outturn,ons_psf_receipts,PSF-2026-09,sourced,"Column 'Other taxes on production - of which soft drinks industry levy (£ millions)' [CT9U]. ONS PSF Appendix D, sum of the 12 monthly values Apr 2022 to Mar 2023."
receipts.detail.ons_psf_receipts.other_taxes_on_production_soft_drinks_industry_levy,2023-24,UK,0.333,gbp_bn,outturn,ons_psf_receipts,PSF-2026-09,sourced,"Column 'Other taxes on production - of which soft drinks industry levy (£ millions)' [CT9U]. ONS PSF Appendix D, sum of the 12 monthly values Apr 2023 to Mar 2024."
receipts.detail.ons_psf_receipts.other_taxes_on_production_soft_drinks_industry_levy,2024-25,UK,0.33,gbp_bn,outturn,ons_psf_receipts,PSF-2026-09,sourced,"Column 'Other taxes on production - of which soft drinks industry levy (£ millions)' [CT9U]. ONS PSF Appendix D, sum of the 12 monthly values Apr 2024 to Mar 2025."
receipts.detail.ons_psf_receipts.other_taxes_on_production_soft_drinks_industry_levy,2025-26,UK,0.363,gbp_bn,outturn,ons_psf_receipts,PSF-2026-09,sourced,"Column 'Other taxes on production - of which soft drinks industry levy (£ millions)' [CT9U]. ONS PSF Appendix D, sum of the 12 monthly values Apr 2025 to Mar 2026."
receipts.detail.ons_psf_receipts.other_taxes_on_production_total,2019-20,UK,35.806,gbp_bn,outturn,ons_psf_receipts,PSF-2026-09,sourced,"Column 'Other taxes on production - total (£ millions)' [MF6W]. ONS PSF Appendix D, sum of the 12 monthly values Apr 2019 to Mar 2020."
receipts.detail.ons_psf_receipts.other_taxes_on_production_total,2020-21,UK,31.883,gbp_bn,outturn,ons_psf_receipts,PSF-2026-09,sourced,"Column 'Other taxes on production - total (£ millions)' [MF6W]. ONS PSF Appendix D, sum of the 12 monthly values Apr 2020 to Mar 2021."
receipts.detail.ons_psf_receipts.other_taxes_on_production_total,2021-22,UK,32.095,gbp_bn,outturn,ons_psf_receipts,PSF-2026-09,sourced,"Column 'Other taxes on production - total (£ millions)' [MF6W]. ONS PSF Appendix D, sum of the 12 monthly values Apr 2021 to Mar 2022."
receipts.detail.ons_psf_receipts.other_taxes_on_production_total,2022-23,UK,40.795,gbp_bn,outturn,ons_psf_receipts,PSF-2026-09,sourced,"Column 'Other taxes on production - total (£ millions)' [MF6W]. ONS PSF Appendix D, sum of the 12 monthly values Apr 2022 to Mar 2023."
receipts.detail.ons_psf_receipts.other_taxes_on_production_total,2023-24,UK,45.238,gbp_bn,outturn,ons_psf_receipts,PSF-2026-09,sourced,"Column 'Other taxes on production - total (£ millions)' [MF6W]. ONS PSF Appendix D, sum of the 12 monthly values Apr 2023 to Mar 2024."
receipts.detail.ons_psf_receipts.other_taxes_on_production_total,2024-25,UK,45.494,gbp_bn,outturn,ons_psf_receipts,PSF-2026-09,sourced,"Column 'Other taxes on production - total (£ millions)' [MF6W]. ONS PSF Appendix D, sum of the 12 monthly values Apr 2024 to Mar 2025."
receipts.detail.ons_psf_receipts.other_taxes_on_production_total,2025-26,UK,46.409,gbp_bn,outturn,ons_psf_receipts,PSF-2026-09,sourced,"Column 'Other taxes on production - total (£ millions)' [MF6W]. ONS PSF Appendix D, sum of the 12 monthly values Apr 2025 to Mar 2026."
receipts.detail.ons_psf_receipts.other_taxes_on_production_uk_emissions_trading_scheme_auction_receipts,2019-20,UK,0.0,gbp_bn,outturn,ons_psf_receipts,PSF-2026-09,sourced,"Column 'Other taxes on production - of which UK emissions trading scheme auction receipts (£ millions)' [FUQ3]. ONS PSF Appendix D, sum of the 12 monthly values Apr 2019 to Mar 2020."
receipts.detail.ons_psf_receipts.other_taxes_on_production_uk_emissions_trading_scheme_auction_receipts,2020-21,UK,0.0,gbp_bn,outturn,ons_psf_receipts,PSF-2026-09,sourced,"Column 'Other taxes on production - of which UK emissions trading scheme auction receipts (£ millions)' [FUQ3]. ONS PSF Appendix D, sum of the 12 monthly values Apr 2020 to Mar 2021."
receipts.detail.ons_psf_receipts.other_taxes_on_production_uk_emissions_trading_scheme_auction_receipts,2021-22,UK,0.0,gbp_bn,outturn,ons_psf_receipts,PSF-2026-09,sourced,"Column 'Other taxes on production - of which UK emissions trading scheme auction receipts (£ millions)' [FUQ3]. ONS PSF Appendix D, sum of the 12 monthly values Apr 2021 to Mar 2022."
receipts.detail.ons_psf_receipts.other_taxes_on_production_uk_emissions_trading_scheme_auction_receipts,2022-23,UK,5.755,gbp_bn,outturn,ons_psf_receipts,PSF-2026-09,sourced,"Column 'Other taxes on production - of which UK emissions trading scheme auction receipts (£ millions)' [FUQ3]. ONS PSF Appendix D, sum of the 12 monthly values Apr 2022 to Mar 2023."
receipts.detail.ons_psf_receipts.other_taxes_on_production_uk_emissions_trading_scheme_auction_receipts,2023-24,UK,6.049,gbp_bn,outturn,ons_psf_receipts,PSF-2026-09,sourced,"Column 'Other taxes on production - of which UK emissions trading scheme auction receipts (£ millions)' [FUQ3]. ONS PSF Appendix D, sum of the 12 monthly values Apr 2023 to Mar 2024."
receipts.detail.ons_psf_receipts.other_taxes_on_production_uk_emissions_trading_scheme_auction_receipts,2024-25,UK,3.406,gbp_bn,outturn,ons_psf_receipts,PSF-2026-09,sourced,"Column 'Other taxes on production - of which UK emissions trading scheme auction receipts (£ millions)' [FUQ3]. ONS PSF Appendix D, sum of the 12 monthly values Apr 2024 to Mar 2025."
receipts.detail.ons_psf_receipts.other_taxes_on_production_uk_emissions_trading_scheme_auction_receipts,2025-26,UK,2.122,gbp_bn,outturn,ons_psf_receipts,PSF-2026-09,sourced,"Column 'Other taxes on production - of which UK emissions trading scheme auction receipts (£ millions)' [FUQ3]. ONS PSF Appendix D, sum of the 12 monthly values Apr 2025 to Mar 2026."
receipts.detail.ons_psf_receipts.petroleum_revenue_tax,2019-20,UK,-0.409,gbp_bn,outturn,ons_psf_receipts,PSF-2026-09,sourced,"Column 'Petroleum revenue tax (£ millions)' [ACCJ]. ONS PSF Appendix D, sum of the 12 monthly values Apr 2019 to Mar 2020."
receipts.detail.ons_psf_receipts.petroleum_revenue_tax,2020-21,UK,-0.241,gbp_bn,outturn,ons_psf_receipts,PSF-2026-09,sourced,"Column 'Petroleum revenue tax (£ millions)' [ACCJ]. ONS PSF Appendix D, sum of the 12 monthly values Apr 2020 to Mar 2021."
receipts.detail.ons_psf_receipts.petroleum_revenue_tax,2021-22,UK,-0.552,gbp_bn,outturn,ons_psf_receipts,PSF-2026-09,sourced,"Column 'Petroleum revenue tax (£ millions)' [ACCJ]. ONS PSF Appendix D, sum of the 12 monthly values Apr 2021 to Mar 2022."
receipts.detail.ons_psf_receipts.petroleum_revenue_tax,2022-23,UK,-0.234,gbp_bn,outturn,ons_psf_receipts,PSF-2026-09,sourced,"Column 'Petroleum revenue tax (£ millions)' [ACCJ]. ONS PSF Appendix D, sum of the 12 monthly values Apr 2022 to Mar 2023."
receipts.detail.ons_psf_receipts.petroleum_revenue_tax,2023-24,UK,-0.427,gbp_bn,outturn,ons_psf_receipts,PSF-2026-09,sourced,"Column 'Petroleum revenue tax (£ millions)' [ACCJ]. ONS PSF Appendix D, sum of the 12 monthly values Apr 2023 to Mar 2024."
receipts.detail.ons_psf_receipts.petroleum_revenue_tax,2024-25,UK,-0.35,gbp_bn,outturn,ons_psf_receipts,PSF-2026-09,sourced,"Column 'Petroleum revenue tax (£ millions)' [ACCJ]. ONS PSF Appendix D, sum of the 12 monthly values Apr 2024 to Mar 2025."
receipts.detail.ons_psf_receipts.petroleum_revenue_tax,2025-26,UK,-0.443,gbp_bn,outturn,ons_psf_receipts,PSF-2026-09,sourced,"Column 'Petroleum revenue tax (£ millions)' [ACCJ]. ONS PSF Appendix D, sum of the 12 monthly values Apr 2025 to Mar 2026."
receipts.detail.ons_psf_receipts.public_sector_current_receipts,2019-20,UK,828.075,gbp_bn,outturn,ons_psf_receipts,PSF-2026-09,sourced,"Column 'Public sector current receipts [note 3] (£ millions)' [JW2O]. ONS PSF Appendix D, sum of the 12 monthly values Apr 2019 to Mar 2020."
receipts.detail.ons_psf_receipts.public_sector_current_receipts,2020-21,UK,792.959,gbp_bn,outturn,ons_psf_receipts,PSF-2026-09,sourced,"Column 'Public sector current receipts [note 3] (£ millions)' [JW2O]. ONS PSF Appendix D, sum of the 12 monthly values Apr 2020 to Mar 2021."
receipts.detail.ons_psf_receipts.public_sector_current_receipts,2021-22,UK,922.217,gbp_bn,outturn,ons_psf_receipts,PSF-2026-09,sourced,"Column 'Public sector current receipts [note 3] (£ millions)' [JW2O]. ONS PSF Appendix D, sum of the 12 monthly values Apr 2021 to Mar 2022."
receipts.detail.ons_psf_receipts.public_sector_current_receipts,2022-23,UK,1034.576,gbp_bn,outturn,ons_psf_receipts,PSF-2026-09,sourced,"Column 'Public sector current receipts [note 3] (£ millions)' [JW2O]. ONS PSF Appendix D, sum of the 12 monthly values Apr 2022 to Mar 2023."
receipts.detail.ons_psf_receipts.public_sector_current_receipts,2023-24,UK,1096.559,gbp_bn,outturn,ons_psf_receipts,PSF-2026-09,sourced,"Column 'Public sector current receipts [note 3] (£ millions)' [JW2O]. ONS PSF Appendix D, sum of the 12 monthly values Apr 2023 to Mar 2024."
receipts.detail.ons_psf_receipts.public_sector_current_receipts,2024-25,UK,1140.579,gbp_bn,outturn,ons_psf_receipts,PSF-2026-09,sourced,"Column 'Public sector current receipts [note 3] (£ millions)' [JW2O]. ONS PSF Appendix D, sum of the 12 monthly values Apr 2024 to Mar 2025."
receipts.detail.ons_psf_receipts.public_sector_current_receipts,2025-26,UK,1231.312,gbp_bn,outturn,ons_psf_receipts,PSF-2026-09,sourced,"Column 'Public sector current receipts [note 3] (£ millions)' [JW2O]. ONS PSF Appendix D, sum of the 12 monthly values Apr 2025 to Mar 2026."
receipts.detail.ons_psf_receipts.public_sector_gross_operating_surplus,2019-20,UK,57.995,gbp_bn,outturn,ons_psf_receipts,PSF-2026-09,sourced,"Column 'Public sector gross operating surplus (£ millions)' [JW2K]. ONS PSF Appendix D, sum of the 12 monthly values Apr 2019 to Mar 2020."
receipts.detail.ons_psf_receipts.public_sector_gross_operating_surplus,2020-21,UK,58.704,gbp_bn,outturn,ons_psf_receipts,PSF-2026-09,sourced,"Column 'Public sector gross operating surplus (£ millions)' [JW2K]. ONS PSF Appendix D, sum of the 12 monthly values Apr 2020 to Mar 2021."
receipts.detail.ons_psf_receipts.public_sector_gross_operating_surplus,2021-22,UK,60.763,gbp_bn,outturn,ons_psf_receipts,PSF-2026-09,sourced,"Column 'Public sector gross operating surplus (£ millions)' [JW2K]. ONS PSF Appendix D, sum of the 12 monthly values Apr 2021 to Mar 2022."
receipts.detail.ons_psf_receipts.public_sector_gross_operating_surplus,2022-23,UK,69.037,gbp_bn,outturn,ons_psf_receipts,PSF-2026-09,sourced,"Column 'Public sector gross operating surplus (£ millions)' [JW2K]. ONS PSF Appendix D, sum of the 12 monthly values Apr 2022 to Mar 2023."
receipts.detail.ons_psf_receipts.public_sector_gross_operating_surplus,2023-24,UK,74.662,gbp_bn,outturn,ons_psf_receipts,PSF-2026-09,sourced,"Column 'Public sector gross operating surplus (£ millions)' [JW2K]. ONS PSF Appendix D, sum of the 12 monthly values Apr 2023 to Mar 2024."
receipts.detail.ons_psf_receipts.public_sector_gross_operating_surplus,2024-25,UK,77.87,gbp_bn,outturn,ons_psf_receipts,PSF-2026-09,sourced,"Column 'Public sector gross operating surplus (£ millions)' [JW2K]. ONS PSF Appendix D, sum of the 12 monthly values Apr 2024 to Mar 2025."
receipts.detail.ons_psf_receipts.public_sector_gross_operating_surplus,2025-26,UK,82.91,gbp_bn,outturn,ons_psf_receipts,PSF-2026-09,sourced,"Column 'Public sector gross operating surplus (£ millions)' [JW2K]. ONS PSF Appendix D, sum of the 12 monthly values Apr 2025 to Mar 2026."
receipts.detail.ons_psf_receipts.public_sector_interest_and_dividend_receipts_accrued_interest_on_student_loans,2019-20,UK,2.568,gbp_bn,outturn,ons_psf_receipts,PSF-2026-09,sourced,"Column 'Public sector interest and dividend receipts - of which accrued interest on student loans (£ millions)' [GH4U]. ONS PSF Appendix D, sum of the 12 monthly values Apr 2019 to Mar 2020."
receipts.detail.ons_psf_receipts.public_sector_interest_and_dividend_receipts_accrued_interest_on_student_loans,2020-21,UK,2.501,gbp_bn,outturn,ons_psf_receipts,PSF-2026-09,sourced,"Column 'Public sector interest and dividend receipts - of which accrued interest on student loans (£ millions)' [GH4U]. ONS PSF Appendix D, sum of the 12 monthly values Apr 2020 to Mar 2021."
receipts.detail.ons_psf_receipts.public_sector_interest_and_dividend_receipts_accrued_interest_on_student_loans,2021-22,UK,2.279,gbp_bn,outturn,ons_psf_receipts,PSF-2026-09,sourced,"Column 'Public sector interest and dividend receipts - of which accrued interest on student loans (£ millions)' [GH4U]. ONS PSF Appendix D, sum of the 12 monthly values Apr 2021 to Mar 2022."
receipts.detail.ons_psf_receipts.public_sector_interest_and_dividend_receipts_accrued_interest_on_student_loans,2022-23,UK,4.651,gbp_bn,outturn,ons_psf_receipts,PSF-2026-09,sourced,"Column 'Public sector interest and dividend receipts - of which accrued interest on student loans (£ millions)' [GH4U]. ONS PSF Appendix D, sum of the 12 monthly values Apr 2022 to Mar 2023."
receipts.detail.ons_psf_receipts.public_sector_interest_and_dividend_receipts_accrued_interest_on_student_loans,2023-24,UK,8.513,gbp_bn,outturn,ons_psf_receipts,PSF-2026-09,sourced,"Column 'Public sector interest and dividend receipts - of which accrued interest on student loans (£ millions)' [GH4U]. ONS PSF Appendix D, sum of the 12 monthly values Apr 2023 to Mar 2024."
receipts.detail.ons_psf_receipts.public_sector_interest_and_dividend_receipts_accrued_interest_on_student_loans,2024-25,UK,9.023,gbp_bn,outturn,ons_psf_receipts,PSF-2026-09,sourced,"Column 'Public sector interest and dividend receipts - of which accrued interest on student loans (£ millions)' [GH4U]. ONS PSF Appendix D, sum of the 12 monthly values Apr 2024 to Mar 2025."
receipts.detail.ons_psf_receipts.public_sector_interest_and_dividend_receipts_accrued_interest_on_student_loans,2025-26,UK,7.042,gbp_bn,outturn,ons_psf_receipts,PSF-2026-09,sourced,"Column 'Public sector interest and dividend receipts - of which accrued interest on student loans (£ millions)' [GH4U]. ONS PSF Appendix D, sum of the 12 monthly values Apr 2025 to Mar 2026."
receipts.detail.ons_psf_receipts.public_sector_interest_and_dividend_receipts_total,2019-20,UK,24.262,gbp_bn,outturn,ons_psf_receipts,PSF-2026-09,sourced,"Column 'Public sector interest and dividend receipts - total (£ millions)' [AHHZ]. ONS PSF Appendix D, sum of the 12 monthly values Apr 2019 to Mar 2020."
receipts.detail.ons_psf_receipts.public_sector_interest_and_dividend_receipts_total,2020-21,UK,20.938,gbp_bn,outturn,ons_psf_receipts,PSF-2026-09,sourced,"Column 'Public sector interest and dividend receipts - total (£ millions)' [AHHZ]. ONS PSF Appendix D, sum of the 12 monthly values Apr 2020 to Mar 2021."
receipts.detail.ons_psf_receipts.public_sector_interest_and_dividend_receipts_total,2021-22,UK,24.203,gbp_bn,outturn,ons_psf_receipts,PSF-2026-09,sourced,"Column 'Public sector interest and dividend receipts - total (£ millions)' [AHHZ]. ONS PSF Appendix D, sum of the 12 monthly values Apr 2021 to Mar 2022."
receipts.detail.ons_psf_receipts.public_sector_interest_and_dividend_receipts_total,2022-23,UK,33.636,gbp_bn,outturn,ons_psf_receipts,PSF-2026-09,sourced,"Column 'Public sector interest and dividend receipts - total (£ millions)' [AHHZ]. ONS PSF Appendix D, sum of the 12 monthly values Apr 2022 to Mar 2023."
receipts.detail.ons_psf_receipts.public_sector_interest_and_dividend_receipts_total,2023-24,UK,43.253,gbp_bn,outturn,ons_psf_receipts,PSF-2026-09,sourced,"Column 'Public sector interest and dividend receipts - total (£ millions)' [AHHZ]. ONS PSF Appendix D, sum of the 12 monthly values Apr 2023 to Mar 2024."
receipts.detail.ons_psf_receipts.public_sector_interest_and_dividend_receipts_total,2024-25,UK,43.105,gbp_bn,outturn,ons_psf_receipts,PSF-2026-09,sourced,"Column 'Public sector interest and dividend receipts - total (£ millions)' [AHHZ]. ONS PSF Appendix D, sum of the 12 monthly values Apr 2024 to Mar 2025."
receipts.detail.ons_psf_receipts.public_sector_interest_and_dividend_receipts_total,2025-26,UK,40.646,gbp_bn,outturn,ons_psf_receipts,PSF-2026-09,sourced,"Column 'Public sector interest and dividend receipts - total (£ millions)' [AHHZ]. ONS PSF Appendix D, sum of the 12 monthly values Apr 2025 to Mar 2026."
receipts.detail.ons_psf_receipts.social_contributions,2019-20,UK,144.074,gbp_bn,outturn,ons_psf_receipts,PSF-2026-09,sourced,"Column 'Social contributions [note 2] (£ millions)' [AIIH]. ONS PSF Appendix D, sum of the 12 monthly values Apr 2019 to Mar 2020."
receipts.detail.ons_psf_receipts.social_contributions,2020-21,UK,144.589,gbp_bn,outturn,ons_psf_receipts,PSF-2026-09,sourced,"Column 'Social contributions [note 2] (£ millions)' [AIIH]. ONS PSF Appendix D, sum of the 12 monthly values Apr 2020 to Mar 2021."
receipts.detail.ons_psf_receipts.social_contributions,2021-22,UK,162.033,gbp_bn,outturn,ons_psf_receipts,PSF-2026-09,sourced,"Column 'Social contributions [note 2] (£ millions)' [AIIH]. ONS PSF Appendix D, sum of the 12 monthly values Apr 2021 to Mar 2022."
receipts.detail.ons_psf_receipts.social_contributions,2022-23,UK,180.908,gbp_bn,outturn,ons_psf_receipts,PSF-2026-09,sourced,"Column 'Social contributions [note 2] (£ millions)' [AIIH]. ONS PSF Appendix D, sum of the 12 monthly values Apr 2022 to Mar 2023."
receipts.detail.ons_psf_receipts.social_contributions,2023-24,UK,180.76,gbp_bn,outturn,ons_psf_receipts,PSF-2026-09,sourced,"Column 'Social contributions [note 2] (£ millions)' [AIIH]. ONS PSF Appendix D, sum of the 12 monthly values Apr 2023 to Mar 2024."
receipts.detail.ons_psf_receipts.social_contributions,2024-25,UK,173.823,gbp_bn,outturn,ons_psf_receipts,PSF-2026-09,sourced,"Column 'Social contributions [note 2] (£ millions)' [AIIH]. ONS PSF Appendix D, sum of the 12 monthly values Apr 2024 to Mar 2025."
receipts.detail.ons_psf_receipts.social_contributions,2025-26,UK,206.748,gbp_bn,outturn,ons_psf_receipts,PSF-2026-09,sourced,"Column 'Social contributions [note 2] (£ millions)' [AIIH]. ONS PSF Appendix D, sum of the 12 monthly values Apr 2025 to Mar 2026."
receipts.detail.ons_psf_receipts.social_contributions_immigration_health_surcharge,2019-20,UK,0.4,gbp_bn,outturn,ons_psf_receipts,PSF-2026-09,sourced,"Column 'Social contributions of which immigration health surcharge (£ millions)' [FTA6]. ONS PSF Appendix D, sum of the 12 monthly values Apr 2019 to Mar 2020."
receipts.detail.ons_psf_receipts.social_contributions_immigration_health_surcharge,2020-21,UK,0.376,gbp_bn,outturn,ons_psf_receipts,PSF-2026-09,sourced,"Column 'Social contributions of which immigration health surcharge (£ millions)' [FTA6]. ONS PSF Appendix D, sum of the 12 monthly values Apr 2020 to Mar 2021."
receipts.detail.ons_psf_receipts.social_contributions_immigration_health_surcharge,2021-22,UK,1.187,gbp_bn,outturn,ons_psf_receipts,PSF-2026-09,sourced,"Column 'Social contributions of which immigration health surcharge (£ millions)' [FTA6]. ONS PSF Appendix D, sum of the 12 monthly values Apr 2021 to Mar 2022."
receipts.detail.ons_psf_receipts.social_contributions_immigration_health_surcharge,2022-23,UK,1.54,gbp_bn,outturn,ons_psf_receipts,PSF-2026-09,sourced,"Column 'Social contributions of which immigration health surcharge (£ millions)' [FTA6]. ONS PSF Appendix D, sum of the 12 monthly values Apr 2022 to Mar 2023."
receipts.detail.ons_psf_receipts.social_contributions_immigration_health_surcharge,2023-24,UK,1.679,gbp_bn,outturn,ons_psf_receipts,PSF-2026-09,sourced,"Column 'Social contributions of which immigration health surcharge (£ millions)' [FTA6]. ONS PSF Appendix D, sum of the 12 monthly values Apr 2023 to Mar 2024."
receipts.detail.ons_psf_receipts.social_contributions_immigration_health_surcharge,2024-25,UK,2.421,gbp_bn,outturn,ons_psf_receipts,PSF-2026-09,sourced,"Column 'Social contributions of which immigration health surcharge (£ millions)' [FTA6]. ONS PSF Appendix D, sum of the 12 monthly values Apr 2024 to Mar 2025."
receipts.detail.ons_psf_receipts.social_contributions_immigration_health_surcharge,2025-26,UK,2.319,gbp_bn,outturn,ons_psf_receipts,PSF-2026-09,sourced,"Column 'Social contributions of which immigration health surcharge (£ millions)' [FTA6]. ONS PSF Appendix D, sum of the 12 monthly values Apr 2025 to Mar 2026."
receipts.detail.ons_psf_receipts.stamp_duty_land_tax,2019-20,UK,12.549,gbp_bn,outturn,ons_psf_receipts,PSF-2026-09,sourced,"Column 'Stamp duty land tax (£ millions)' [MM9F]. ONS PSF Appendix D, sum of the 12 monthly values Apr 2019 to Mar 2020."
receipts.detail.ons_psf_receipts.stamp_duty_land_tax,2020-21,UK,9.525,gbp_bn,outturn,ons_psf_receipts,PSF-2026-09,sourced,"Column 'Stamp duty land tax (£ millions)' [MM9F]. ONS PSF Appendix D, sum of the 12 monthly values Apr 2020 to Mar 2021."
receipts.detail.ons_psf_receipts.stamp_duty_land_tax,2021-22,UK,15.417,gbp_bn,outturn,ons_psf_receipts,PSF-2026-09,sourced,"Column 'Stamp duty land tax (£ millions)' [MM9F]. ONS PSF Appendix D, sum of the 12 monthly values Apr 2021 to Mar 2022."
receipts.detail.ons_psf_receipts.stamp_duty_land_tax,2022-23,UK,16.695,gbp_bn,outturn,ons_psf_receipts,PSF-2026-09,sourced,"Column 'Stamp duty land tax (£ millions)' [MM9F]. ONS PSF Appendix D, sum of the 12 monthly values Apr 2022 to Mar 2023."
receipts.detail.ons_psf_receipts.stamp_duty_land_tax,2023-24,UK,12.799,gbp_bn,outturn,ons_psf_receipts,PSF-2026-09,sourced,"Column 'Stamp duty land tax (£ millions)' [MM9F]. ONS PSF Appendix D, sum of the 12 monthly values Apr 2023 to Mar 2024."
receipts.detail.ons_psf_receipts.stamp_duty_land_tax,2024-25,UK,15.227,gbp_bn,outturn,ons_psf_receipts,PSF-2026-09,sourced,"Column 'Stamp duty land tax (£ millions)' [MM9F]. ONS PSF Appendix D, sum of the 12 monthly values Apr 2024 to Mar 2025."
receipts.detail.ons_psf_receipts.stamp_duty_land_tax,2025-26,UK,16.627,gbp_bn,outturn,ons_psf_receipts,PSF-2026-09,sourced,"Column 'Stamp duty land tax (£ millions)' [MM9F]. ONS PSF Appendix D, sum of the 12 monthly values Apr 2025 to Mar 2026."
receipts.detail.ons_psf_receipts.stamp_taxes_on_shares,2019-20,UK,3.617,gbp_bn,outturn,ons_psf_receipts,PSF-2026-09,sourced,"Column 'Stamp taxes on shares (£ millions)' [BKST]. ONS PSF Appendix D, sum of the 12 monthly values Apr 2019 to Mar 2020."
receipts.detail.ons_psf_receipts.stamp_taxes_on_shares,2020-21,UK,3.679,gbp_bn,outturn,ons_psf_receipts,PSF-2026-09,sourced,"Column 'Stamp taxes on shares (£ millions)' [BKST]. ONS PSF Appendix D, sum of the 12 monthly values Apr 2020 to Mar 2021."
receipts.detail.ons_psf_receipts.stamp_taxes_on_shares,2021-22,UK,4.371,gbp_bn,outturn,ons_psf_receipts,PSF-2026-09,sourced,"Column 'Stamp taxes on shares (£ millions)' [BKST]. ONS PSF Appendix D, sum of the 12 monthly values Apr 2021 to Mar 2022."
receipts.detail.ons_psf_receipts.stamp_taxes_on_shares,2022-23,UK,3.782,gbp_bn,outturn,ons_psf_receipts,PSF-2026-09,sourced,"Column 'Stamp taxes on shares (£ millions)' [BKST]. ONS PSF Appendix D, sum of the 12 monthly values Apr 2022 to Mar 2023."
receipts.detail.ons_psf_receipts.stamp_taxes_on_shares,2023-24,UK,3.197,gbp_bn,outturn,ons_psf_receipts,PSF-2026-09,sourced,"Column 'Stamp taxes on shares (£ millions)' [BKST]. ONS PSF Appendix D, sum of the 12 monthly values Apr 2023 to Mar 2024."
receipts.detail.ons_psf_receipts.stamp_taxes_on_shares,2024-25,UK,4.322,gbp_bn,outturn,ons_psf_receipts,PSF-2026-09,sourced,"Column 'Stamp taxes on shares (£ millions)' [BKST]. ONS PSF Appendix D, sum of the 12 monthly values Apr 2024 to Mar 2025."
receipts.detail.ons_psf_receipts.stamp_taxes_on_shares,2025-26,UK,4.735,gbp_bn,outturn,ons_psf_receipts,PSF-2026-09,sourced,"Column 'Stamp taxes on shares (£ millions)' [BKST]. ONS PSF Appendix D, sum of the 12 monthly values Apr 2025 to Mar 2026."
receipts.detail.ons_psf_receipts.television_licence_fee_receipts,2019-20,UK,3.259,gbp_bn,outturn,ons_psf_receipts,PSF-2026-09,sourced,"Column 'Television Licence fee receipts (£ millions)' [DH7A]. ONS PSF Appendix D, sum of the 12 monthly values Apr 2019 to Mar 2020."
receipts.detail.ons_psf_receipts.television_licence_fee_receipts,2020-21,UK,3.667,gbp_bn,outturn,ons_psf_receipts,PSF-2026-09,sourced,"Column 'Television Licence fee receipts (£ millions)' [DH7A]. ONS PSF Appendix D, sum of the 12 monthly values Apr 2020 to Mar 2021."
receipts.detail.ons_psf_receipts.television_licence_fee_receipts,2021-22,UK,3.832,gbp_bn,outturn,ons_psf_receipts,PSF-2026-09,sourced,"Column 'Television Licence fee receipts (£ millions)' [DH7A]. ONS PSF Appendix D, sum of the 12 monthly values Apr 2021 to Mar 2022."
receipts.detail.ons_psf_receipts.television_licence_fee_receipts,2022-23,UK,3.749,gbp_bn,outturn,ons_psf_receipts,PSF-2026-09,sourced,"Column 'Television Licence fee receipts (£ millions)' [DH7A]. ONS PSF Appendix D, sum of the 12 monthly values Apr 2022 to Mar 2023."
receipts.detail.ons_psf_receipts.television_licence_fee_receipts,2023-24,UK,3.666,gbp_bn,outturn,ons_psf_receipts,PSF-2026-09,sourced,"Column 'Television Licence fee receipts (£ millions)' [DH7A]. ONS PSF Appendix D, sum of the 12 monthly values Apr 2023 to Mar 2024."
receipts.detail.ons_psf_receipts.television_licence_fee_receipts,2024-25,UK,3.819,gbp_bn,outturn,ons_psf_receipts,PSF-2026-09,sourced,"Column 'Television Licence fee receipts (£ millions)' [DH7A]. ONS PSF Appendix D, sum of the 12 monthly values Apr 2024 to Mar 2025."
receipts.detail.ons_psf_receipts.television_licence_fee_receipts,2025-26,UK,3.91,gbp_bn,outturn,ons_psf_receipts,PSF-2026-09,sourced,"Column 'Television Licence fee receipts (£ millions)' [DH7A]. ONS PSF Appendix D, sum of the 12 monthly values Apr 2025 to Mar 2026."
receipts.detail.ons_psf_receipts.tobacco_duties,2019-20,UK,9.693,gbp_bn,outturn,ons_psf_receipts,PSF-2026-09,sourced,"Column 'Tobacco duties (£ millions)' [GTAO]. ONS PSF Appendix D, sum of the 12 monthly values Apr 2019 to Mar 2020."
receipts.detail.ons_psf_receipts.tobacco_duties,2020-21,UK,9.788,gbp_bn,outturn,ons_psf_receipts,PSF-2026-09,sourced,"Column 'Tobacco duties (£ millions)' [GTAO]. ONS PSF Appendix D, sum of the 12 monthly values Apr 2020 to Mar 2021."
receipts.detail.ons_psf_receipts.tobacco_duties,2021-22,UK,10.191,gbp_bn,outturn,ons_psf_receipts,PSF-2026-09,sourced,"Column 'Tobacco duties (£ millions)' [GTAO]. ONS PSF Appendix D, sum of the 12 monthly values Apr 2021 to Mar 2022."
receipts.detail.ons_psf_receipts.tobacco_duties,2022-23,UK,9.375,gbp_bn,outturn,ons_psf_receipts,PSF-2026-09,sourced,"Column 'Tobacco duties (£ millions)' [GTAO]. ONS PSF Appendix D, sum of the 12 monthly values Apr 2022 to Mar 2023."
receipts.detail.ons_psf_receipts.tobacco_duties,2023-24,UK,8.969,gbp_bn,outturn,ons_psf_receipts,PSF-2026-09,sourced,"Column 'Tobacco duties (£ millions)' [GTAO]. ONS PSF Appendix D, sum of the 12 monthly values Apr 2023 to Mar 2024."
receipts.detail.ons_psf_receipts.tobacco_duties,2024-25,UK,7.909,gbp_bn,outturn,ons_psf_receipts,PSF-2026-09,sourced,"Column 'Tobacco duties (£ millions)' [GTAO]. ONS PSF Appendix D, sum of the 12 monthly values Apr 2024 to Mar 2025."
receipts.detail.ons_psf_receipts.tobacco_duties,2025-26,UK,7.468,gbp_bn,outturn,ons_psf_receipts,PSF-2026-09,sourced,"Column 'Tobacco duties (£ millions)' [GTAO]. ONS PSF Appendix D, sum of the 12 monthly values Apr 2025 to Mar 2026."
receipts.detail.ons_psf_receipts.total_central_government_taxes,2019-20,UK,560.184,gbp_bn,outturn,ons_psf_receipts,PSF-2026-09,sourced,"Column 'Total central government taxes (£ millions)' [MF6P]. ONS PSF Appendix D, sum of the 12 monthly values Apr 2019 to Mar 2020."
receipts.detail.ons_psf_receipts.total_central_government_taxes,2020-21,UK,527.669,gbp_bn,outturn,ons_psf_receipts,PSF-2026-09,sourced,"Column 'Total central government taxes (£ millions)' [MF6P]. ONS PSF Appendix D, sum of the 12 monthly values Apr 2020 to Mar 2021."
receipts.detail.ons_psf_receipts.total_central_government_taxes,2021-22,UK,630.409,gbp_bn,outturn,ons_psf_receipts,PSF-2026-09,sourced,"Column 'Total central government taxes (£ millions)' [MF6P]. ONS PSF Appendix D, sum of the 12 monthly values Apr 2021 to Mar 2022."
receipts.detail.ons_psf_receipts.total_central_government_taxes,2022-23,UK,704.66,gbp_bn,outturn,ons_psf_receipts,PSF-2026-09,sourced,"Column 'Total central government taxes (£ millions)' [MF6P]. ONS PSF Appendix D, sum of the 12 monthly values Apr 2022 to Mar 2023."
receipts.detail.ons_psf_receipts.total_central_government_taxes,2023-24,UK,749.376,gbp_bn,outturn,ons_psf_receipts,PSF-2026-09,sourced,"Column 'Total central government taxes (£ millions)' [MF6P]. ONS PSF Appendix D, sum of the 12 monthly values Apr 2023 to Mar 2024."
receipts.detail.ons_psf_receipts.total_central_government_taxes,2024-25,UK,792.145,gbp_bn,outturn,ons_psf_receipts,PSF-2026-09,sourced,"Column 'Total central government taxes (£ millions)' [MF6P]. ONS PSF Appendix D, sum of the 12 monthly values Apr 2024 to Mar 2025."
receipts.detail.ons_psf_receipts.total_central_government_taxes,2025-26,UK,846.248,gbp_bn,outturn,ons_psf_receipts,PSF-2026-09,sourced,"Column 'Total central government taxes (£ millions)' [MF6P]. ONS PSF Appendix D, sum of the 12 monthly values Apr 2025 to Mar 2026."
receipts.detail.ons_psf_receipts.total_central_government_taxes_on_income_and_wealth,2019-20,UK,253.749,gbp_bn,outturn,ons_psf_receipts,PSF-2026-09,sourced,"Column 'Total central government taxes on income and wealth (£ millions)' [NMCU]. ONS PSF Appendix D, sum of the 12 monthly values Apr 2019 to Mar 2020."
receipts.detail.ons_psf_receipts.total_central_government_taxes_on_income_and_wealth,2020-21,UK,262.09,gbp_bn,outturn,ons_psf_receipts,PSF-2026-09,sourced,"Column 'Total central government taxes on income and wealth (£ millions)' [NMCU]. ONS PSF Appendix D, sum of the 12 monthly values Apr 2020 to Mar 2021."
receipts.detail.ons_psf_receipts.total_central_government_taxes_on_income_and_wealth,2021-22,UK,312.154,gbp_bn,outturn,ons_psf_receipts,PSF-2026-09,sourced,"Column 'Total central government taxes on income and wealth (£ millions)' [NMCU]. ONS PSF Appendix D, sum of the 12 monthly values Apr 2021 to Mar 2022."
receipts.detail.ons_psf_receipts.total_central_government_taxes_on_income_and_wealth,2022-23,UK,354.408,gbp_bn,outturn,ons_psf_receipts,PSF-2026-09,sourced,"Column 'Total central government taxes on income and wealth (£ millions)' [NMCU]. ONS PSF Appendix D, sum of the 12 monthly values Apr 2022 to Mar 2023."
receipts.detail.ons_psf_receipts.total_central_government_taxes_on_income_and_wealth,2023-24,UK,387.255,gbp_bn,outturn,ons_psf_receipts,PSF-2026-09,sourced,"Column 'Total central government taxes on income and wealth (£ millions)' [NMCU]. ONS PSF Appendix D, sum of the 12 monthly values Apr 2023 to Mar 2024."
receipts.detail.ons_psf_receipts.total_central_government_taxes_on_income_and_wealth,2024-25,UK,417.615,gbp_bn,outturn,ons_psf_receipts,PSF-2026-09,sourced,"Column 'Total central government taxes on income and wealth (£ millions)' [NMCU]. ONS PSF Appendix D, sum of the 12 monthly values Apr 2024 to Mar 2025."
receipts.detail.ons_psf_receipts.total_central_government_taxes_on_income_and_wealth,2025-26,UK,457.015,gbp_bn,outturn,ons_psf_receipts,PSF-2026-09,sourced,"Column 'Total central government taxes on income and wealth (£ millions)' [NMCU]. ONS PSF Appendix D, sum of the 12 monthly values Apr 2025 to Mar 2026."
receipts.detail.ons_psf_receipts.total_central_government_taxes_on_production,2019-20,UK,285.149,gbp_bn,outturn,ons_psf_receipts,PSF-2026-09,sourced,"Column 'Total central government taxes on production (£ millions)' [NMBY]. ONS PSF Appendix D, sum of the 12 monthly values Apr 2019 to Mar 2020."
receipts.detail.ons_psf_receipts.total_central_government_taxes_on_production,2020-21,UK,245.545,gbp_bn,outturn,ons_psf_receipts,PSF-2026-09,sourced,"Column 'Total central government taxes on production (£ millions)' [NMBY]. ONS PSF Appendix D, sum of the 12 monthly values Apr 2020 to Mar 2021."
receipts.detail.ons_psf_receipts.total_central_government_taxes_on_production,2021-22,UK,297.403,gbp_bn,outturn,ons_psf_receipts,PSF-2026-09,sourced,"Column 'Total central government taxes on production (£ millions)' [NMBY]. ONS PSF Appendix D, sum of the 12 monthly values Apr 2021 to Mar 2022."
receipts.detail.ons_psf_receipts.total_central_government_taxes_on_production,2022-23,UK,327.745,gbp_bn,outturn,ons_psf_receipts,PSF-2026-09,sourced,"Column 'Total central government taxes on production (£ millions)' [NMBY]. ONS PSF Appendix D, sum of the 12 monthly values Apr 2022 to Mar 2023."
receipts.detail.ons_psf_receipts.total_central_government_taxes_on_production,2023-24,UK,338.306,gbp_bn,outturn,ons_psf_receipts,PSF-2026-09,sourced,"Column 'Total central government taxes on production (£ millions)' [NMBY]. ONS PSF Appendix D, sum of the 12 monthly values Apr 2023 to Mar 2024."
receipts.detail.ons_psf_receipts.total_central_government_taxes_on_production,2024-25,UK,349.241,gbp_bn,outturn,ons_psf_receipts,PSF-2026-09,sourced,"Column 'Total central government taxes on production (£ millions)' [NMBY]. ONS PSF Appendix D, sum of the 12 monthly values Apr 2024 to Mar 2025."
receipts.detail.ons_psf_receipts.total_central_government_taxes_on_production,2025-26,UK,361.837,gbp_bn,outturn,ons_psf_receipts,PSF-2026-09,sourced,"Column 'Total central government taxes on production (£ millions)' [NMBY]. ONS PSF Appendix D, sum of the 12 monthly values Apr 2025 to Mar 2026."
receipts.detail.ons_psf_receipts.total_public_sector_taxes_and_social_contributions,2019-20,UK,739.854,gbp_bn,outturn,ons_psf_receipts,PSF-2026-09,sourced,"Column 'Total public sector taxes and social contributions (£ millions)' [AHHY]. ONS PSF Appendix D, sum of the 12 monthly values Apr 2019 to Mar 2020."
receipts.detail.ons_psf_receipts.total_public_sector_taxes_and_social_contributions,2020-21,UK,708.893,gbp_bn,outturn,ons_psf_receipts,PSF-2026-09,sourced,"Column 'Total public sector taxes and social contributions (£ millions)' [AHHY]. ONS PSF Appendix D, sum of the 12 monthly values Apr 2020 to Mar 2021."
receipts.detail.ons_psf_receipts.total_public_sector_taxes_and_social_contributions,2021-22,UK,831.733,gbp_bn,outturn,ons_psf_receipts,PSF-2026-09,sourced,"Column 'Total public sector taxes and social contributions (£ millions)' [AHHY]. ONS PSF Appendix D, sum of the 12 monthly values Apr 2021 to Mar 2022."
receipts.detail.ons_psf_receipts.total_public_sector_taxes_and_social_contributions,2022-23,UK,927.046,gbp_bn,outturn,ons_psf_receipts,PSF-2026-09,sourced,"Column 'Total public sector taxes and social contributions (£ millions)' [AHHY]. ONS PSF Appendix D, sum of the 12 monthly values Apr 2022 to Mar 2023."
receipts.detail.ons_psf_receipts.total_public_sector_taxes_and_social_contributions,2023-24,UK,974.099,gbp_bn,outturn,ons_psf_receipts,PSF-2026-09,sourced,"Column 'Total public sector taxes and social contributions (£ millions)' [AHHY]. ONS PSF Appendix D, sum of the 12 monthly values Apr 2023 to Mar 2024."
receipts.detail.ons_psf_receipts.total_public_sector_taxes_and_social_contributions,2024-25,UK,1012.677,gbp_bn,outturn,ons_psf_receipts,PSF-2026-09,sourced,"Column 'Total public sector taxes and social contributions (£ millions)' [AHHY]. ONS PSF Appendix D, sum of the 12 monthly values Apr 2024 to Mar 2025."
receipts.detail.ons_psf_receipts.total_public_sector_taxes_and_social_contributions,2025-26,UK,1102.359,gbp_bn,outturn,ons_psf_receipts,PSF-2026-09,sourced,"Column 'Total public sector taxes and social contributions (£ millions)' [AHHY]. ONS PSF Appendix D, sum of the 12 monthly values Apr 2025 to Mar 2026."
receipts.detail.ons_psf_receipts.value_added_tax_other,2019-20,UK,134.743,gbp_bn,outturn,ons_psf_receipts,PSF-2026-09,sourced,"Column 'Value added tax - of which other (£ millions)' [CTRU]. ONS PSF Appendix D, sum of the 12 monthly values Apr 2019 to Mar 2020."
receipts.detail.ons_psf_receipts.value_added_tax_other,2020-21,UK,117.411,gbp_bn,outturn,ons_psf_receipts,PSF-2026-09,sourced,"Column 'Value added tax - of which other (£ millions)' [CTRU]. ONS PSF Appendix D, sum of the 12 monthly values Apr 2020 to Mar 2021."
receipts.detail.ons_psf_receipts.value_added_tax_other,2021-22,UK,143.394,gbp_bn,outturn,ons_psf_receipts,PSF-2026-09,sourced,"Column 'Value added tax - of which other (£ millions)' [CTRU]. ONS PSF Appendix D, sum of the 12 monthly values Apr 2021 to Mar 2022."
receipts.detail.ons_psf_receipts.value_added_tax_other,2022-23,UK,160.126,gbp_bn,outturn,ons_psf_receipts,PSF-2026-09,sourced,"Column 'Value added tax - of which other (£ millions)' [CTRU]. ONS PSF Appendix D, sum of the 12 monthly values Apr 2022 to Mar 2023."
receipts.detail.ons_psf_receipts.value_added_tax_other,2023-24,UK,168.305,gbp_bn,outturn,ons_psf_receipts,PSF-2026-09,sourced,"Column 'Value added tax - of which other (£ millions)' [CTRU]. ONS PSF Appendix D, sum of the 12 monthly values Apr 2023 to Mar 2024."
receipts.detail.ons_psf_receipts.value_added_tax_other,2024-25,UK,173.14,gbp_bn,outturn,ons_psf_receipts,PSF-2026-09,sourced,"Column 'Value added tax - of which other (£ millions)' [CTRU]. ONS PSF Appendix D, sum of the 12 monthly values Apr 2024 to Mar 2025."
receipts.detail.ons_psf_receipts.value_added_tax_other,2025-26,UK,180.326,gbp_bn,outturn,ons_psf_receipts,PSF-2026-09,sourced,"Column 'Value added tax - of which other (£ millions)' [CTRU]. ONS PSF Appendix D, sum of the 12 monthly values Apr 2025 to Mar 2026."
receipts.detail.ons_psf_receipts.value_added_tax_refunds,2019-20,UK,19.228,gbp_bn,outturn,ons_psf_receipts,PSF-2026-09,sourced,"Column 'Value added tax - of which refunds (£ millions)' [AHGO]. ONS PSF Appendix D, sum of the 12 monthly values Apr 2019 to Mar 2020."
receipts.detail.ons_psf_receipts.value_added_tax_refunds,2020-21,UK,20.757,gbp_bn,outturn,ons_psf_receipts,PSF-2026-09,sourced,"Column 'Value added tax - of which refunds (£ millions)' [AHGO]. ONS PSF Appendix D, sum of the 12 monthly values Apr 2020 to Mar 2021."
receipts.detail.ons_psf_receipts.value_added_tax_refunds,2021-22,UK,23.243,gbp_bn,outturn,ons_psf_receipts,PSF-2026-09,sourced,"Column 'Value added tax - of which refunds (£ millions)' [AHGO]. ONS PSF Appendix D, sum of the 12 monthly values Apr 2021 to Mar 2022."
receipts.detail.ons_psf_receipts.value_added_tax_refunds,2022-23,UK,25.196,gbp_bn,outturn,ons_psf_receipts,PSF-2026-09,sourced,"Column 'Value added tax - of which refunds (£ millions)' [AHGO]. ONS PSF Appendix D, sum of the 12 monthly values Apr 2022 to Mar 2023."
receipts.detail.ons_psf_receipts.value_added_tax_refunds,2023-24,UK,28.083,gbp_bn,outturn,ons_psf_receipts,PSF-2026-09,sourced,"Column 'Value added tax - of which refunds (£ millions)' [AHGO]. ONS PSF Appendix D, sum of the 12 monthly values Apr 2023 to Mar 2024."
receipts.detail.ons_psf_receipts.value_added_tax_refunds,2024-25,UK,29.435,gbp_bn,outturn,ons_psf_receipts,PSF-2026-09,sourced,"Column 'Value added tax - of which refunds (£ millions)' [AHGO]. ONS PSF Appendix D, sum of the 12 monthly values Apr 2024 to Mar 2025."
receipts.detail.ons_psf_receipts.value_added_tax_refunds,2025-26,UK,30.5,gbp_bn,outturn,ons_psf_receipts,PSF-2026-09,sourced,"Column 'Value added tax - of which refunds (£ millions)' [AHGO]. ONS PSF Appendix D, sum of the 12 monthly values Apr 2025 to Mar 2026."
receipts.detail.ons_psf_receipts.value_added_tax_total,2019-20,UK,153.971,gbp_bn,outturn,ons_psf_receipts,PSF-2026-09,sourced,"Column 'Value added tax - total (£ millions)' [NZGF]. ONS PSF Appendix D, sum of the 12 monthly values Apr 2019 to Mar 2020."
receipts.detail.ons_psf_receipts.value_added_tax_total,2020-21,UK,138.168,gbp_bn,outturn,ons_psf_receipts,PSF-2026-09,sourced,"Column 'Value added tax - total (£ millions)' [NZGF]. ONS PSF Appendix D, sum of the 12 monthly values Apr 2020 to Mar 2021."
receipts.detail.ons_psf_receipts.value_added_tax_total,2021-22,UK,166.637,gbp_bn,outturn,ons_psf_receipts,PSF-2026-09,sourced,"Column 'Value added tax - total (£ millions)' [NZGF]. ONS PSF Appendix D, sum of the 12 monthly values Apr 2021 to Mar 2022."
receipts.detail.ons_psf_receipts.value_added_tax_total,2022-23,UK,185.322,gbp_bn,outturn,ons_psf_receipts,PSF-2026-09,sourced,"Column 'Value added tax - total (£ millions)' [NZGF]. ONS PSF Appendix D, sum of the 12 monthly values Apr 2022 to Mar 2023."
receipts.detail.ons_psf_receipts.value_added_tax_total,2023-24,UK,196.388,gbp_bn,outturn,ons_psf_receipts,PSF-2026-09,sourced,"Column 'Value added tax - total (£ millions)' [NZGF]. ONS PSF Appendix D, sum of the 12 monthly values Apr 2023 to Mar 2024."
receipts.detail.ons_psf_receipts.value_added_tax_total,2024-25,UK,202.575,gbp_bn,outturn,ons_psf_receipts,PSF-2026-09,sourced,"Column 'Value added tax - total (£ millions)' [NZGF]. ONS PSF Appendix D, sum of the 12 monthly values Apr 2024 to Mar 2025."
receipts.detail.ons_psf_receipts.value_added_tax_total,2025-26,UK,210.826,gbp_bn,outturn,ons_psf_receipts,PSF-2026-09,sourced,"Column 'Value added tax - total (£ millions)' [NZGF]. ONS PSF Appendix D, sum of the 12 monthly values Apr 2025 to Mar 2026."
receipts.detail.ons_psf_receipts.vehicle_excise_duties_paid_by_businesses,2019-20,UK,2.16,gbp_bn,outturn,ons_psf_receipts,PSF-2026-09,sourced,"Column 'Vehicle excise duties paid by businesses (£ millions)' [EKED]. ONS PSF Appendix D, sum of the 12 monthly values Apr 2019 to Mar 2020."
receipts.detail.ons_psf_receipts.vehicle_excise_duties_paid_by_businesses,2020-21,UK,2.291,gbp_bn,outturn,ons_psf_receipts,PSF-2026-09,sourced,"Column 'Vehicle excise duties paid by businesses (£ millions)' [EKED]. ONS PSF Appendix D, sum of the 12 monthly values Apr 2020 to Mar 2021."
receipts.detail.ons_psf_receipts.vehicle_excise_duties_paid_by_businesses,2021-22,UK,2.739,gbp_bn,outturn,ons_psf_receipts,PSF-2026-09,sourced,"Column 'Vehicle excise duties paid by businesses (£ millions)' [EKED]. ONS PSF Appendix D, sum of the 12 monthly values Apr 2021 to Mar 2022."
receipts.detail.ons_psf_receipts.vehicle_excise_duties_paid_by_businesses,2022-23,UK,3.073,gbp_bn,outturn,ons_psf_receipts,PSF-2026-09,sourced,"Column 'Vehicle excise duties paid by businesses (£ millions)' [EKED]. ONS PSF Appendix D, sum of the 12 monthly values Apr 2022 to Mar 2023."
receipts.detail.ons_psf_receipts.vehicle_excise_duties_paid_by_businesses,2023-24,UK,3.22,gbp_bn,outturn,ons_psf_receipts,PSF-2026-09,sourced,"Column 'Vehicle excise duties paid by businesses (£ millions)' [EKED]. ONS PSF Appendix D, sum of the 12 monthly values Apr 2023 to Mar 2024."
receipts.detail.ons_psf_receipts.vehicle_excise_duties_paid_by_businesses,2024-25,UK,3.322,gbp_bn,outturn,ons_psf_receipts,PSF-2026-09,sourced,"Column 'Vehicle excise duties paid by businesses (£ millions)' [EKED]. ONS PSF Appendix D, sum of the 12 monthly values Apr 2024 to Mar 2025."
receipts.detail.ons_psf_receipts.vehicle_excise_duties_paid_by_businesses,2025-26,UK,3.502,gbp_bn,outturn,ons_psf_receipts,PSF-2026-09,sourced,"Column 'Vehicle excise duties paid by businesses (£ millions)' [EKED]. ONS PSF Appendix D, sum of the 12 monthly values Apr 2025 to Mar 2026."
receipts.detail.ons_psf_receipts.vehicle_excise_duties_paid_by_households,2019-20,UK,4.824,gbp_bn,outturn,ons_psf_receipts,PSF-2026-09,sourced,"Column 'Vehicle excise duties paid by households (£ millions)' [CDDZ]. ONS PSF Appendix D, sum of the 12 monthly values Apr 2019 to Mar 2020."
receipts.detail.ons_psf_receipts.vehicle_excise_duties_paid_by_households,2020-21,UK,4.607,gbp_bn,outturn,ons_psf_receipts,PSF-2026-09,sourced,"Column 'Vehicle excise duties paid by households (£ millions)' [CDDZ]. ONS PSF Appendix D, sum of the 12 monthly values Apr 2020 to Mar 2021."
receipts.detail.ons_psf_receipts.vehicle_excise_duties_paid_by_households,2021-22,UK,4.394,gbp_bn,outturn,ons_psf_receipts,PSF-2026-09,sourced,"Column 'Vehicle excise duties paid by households (£ millions)' [CDDZ]. ONS PSF Appendix D, sum of the 12 monthly values Apr 2021 to Mar 2022."
receipts.detail.ons_psf_receipts.vehicle_excise_duties_paid_by_households,2022-23,UK,4.252,gbp_bn,outturn,ons_psf_receipts,PSF-2026-09,sourced,"Column 'Vehicle excise duties paid by households (£ millions)' [CDDZ]. ONS PSF Appendix D, sum of the 12 monthly values Apr 2022 to Mar 2023."
receipts.detail.ons_psf_receipts.vehicle_excise_duties_paid_by_households,2023-24,UK,4.617,gbp_bn,outturn,ons_psf_receipts,PSF-2026-09,sourced,"Column 'Vehicle excise duties paid by households (£ millions)' [CDDZ]. ONS PSF Appendix D, sum of the 12 monthly values Apr 2023 to Mar 2024."
receipts.detail.ons_psf_receipts.vehicle_excise_duties_paid_by_households,2024-25,UK,5.04,gbp_bn,outturn,ons_psf_receipts,PSF-2026-09,sourced,"Column 'Vehicle excise duties paid by households (£ millions)' [CDDZ]. ONS PSF Appendix D, sum of the 12 monthly values Apr 2024 to Mar 2025."
receipts.detail.ons_psf_receipts.vehicle_excise_duties_paid_by_households,2025-26,UK,5.529,gbp_bn,outturn,ons_psf_receipts,PSF-2026-09,sourced,"Column 'Vehicle excise duties paid by households (£ millions)' [CDDZ]. ONS PSF Appendix D, sum of the 12 monthly values Apr 2025 to Mar 2026."
receipts.fuel_duty,2019-20,UK,27.502,gbp_bn,outturn,ons_psf_receipts,PSF-2026-09,sourced,"Fuel duties (CUDG). ONS PSF Appendix D, sum of the 12 monthly values Apr 2019 to Mar 2020."
receipts.fuel_duty,2020-21,UK,21.175,gbp_bn,outturn,ons_psf_receipts,PSF-2026-09,sourced,"Fuel duties (CUDG). ONS PSF Appendix D, sum of the 12 monthly values Apr 2020 to Mar 2021."
receipts.fuel_duty,2021-22,UK,25.972,gbp_bn,outturn,ons_psf_receipts,PSF-2026-09,sourced,"Fuel duties (CUDG). ONS PSF Appendix D, sum of the 12 monthly values Apr 2021 to Mar 2022."
receipts.fuel_duty,2022-23,UK,25.105,gbp_bn,outturn,ons_psf_receipts,PSF-2026-09,sourced,"Fuel duties (CUDG). ONS PSF Appendix D, sum of the 12 monthly values Apr 2022 to Mar 2023."
receipts.fuel_duty,2023-24,UK,24.922,gbp_bn,outturn,ons_psf_receipts,PSF-2026-09,sourced,"Fuel duties (CUDG). ONS PSF Appendix D, sum of the 12 monthly values Apr 2023 to Mar 2024."
receipts.fuel_duty,2024-25,UK,24.359,gbp_bn,outturn,ons_psf_receipts,PSF-2026-09,sourced,"Fuel duties (CUDG). ONS PSF Appendix D, sum of the 12 monthly values Apr 2024 to Mar 2025."
receipts.fuel_duty,2025-26,UK,24.559,gbp_bn,outturn,ons_psf_receipts,PSF-2026-09,sourced,"Fuel duties (CUDG). ONS PSF Appendix D, sum of the 12 monthly values Apr 2025 to Mar 2026."
receipts.iht,2019-20,UK,5.122,gbp_bn,outturn,ons_psf_receipts,PSF-2026-09,sourced,"Inheritance tax (ACCH). ONS PSF Appendix D, sum of the 12 monthly values Apr 2019 to Mar 2020."
receipts.iht,2020-21,UK,5.327,gbp_bn,outturn,ons_psf_receipts,PSF-2026-09,sourced,"Inheritance tax (ACCH). ONS PSF Appendix D, sum of the 12 monthly values Apr 2020 to Mar 2021."
receipts.iht,2021-22,UK,6.056,gbp_bn,outturn,ons_psf_receipts,PSF-2026-09,sourced,"Inheritance tax (ACCH). ONS PSF Appendix D, sum of the 12 monthly values Apr 2021 to Mar 2022."
receipts.iht,2022-23,UK,7.086,gbp_bn,outturn,ons_psf_receipts,PSF-2026-09,sourced,"Inheritance tax (ACCH). ONS PSF Appendix D, sum of the 12 monthly values Apr 2022 to Mar 2023."
receipts.iht,2023-24,UK,7.499,gbp_bn,outturn,ons_psf_receipts,PSF-2026-09,sourced,"Inheritance tax (ACCH). ONS PSF Appendix D, sum of the 12 monthly values Apr 2023 to Mar 2024."
receipts.iht,2024-25,UK,8.25,gbp_bn,outturn,ons_psf_receipts,PSF-2026-09,sourced,"Inheritance tax (ACCH). ONS PSF Appendix D, sum of the 12 monthly values Apr 2024 to Mar 2025."
receipts.iht,2025-26,UK,8.466,gbp_bn,outturn,ons_psf_receipts,PSF-2026-09,sourced,"Inheritance tax (ACCH). ONS PSF Appendix D, sum of the 12 monthly values Apr 2025 to Mar 2026."
receipts.income_tax,2019-20,UK,192.537,gbp_bn,outturn,ons_psf_receipts,PSF-2026-09,sourced,"PAYE (MS6W) + self assessment (LISB) + other income tax (MF6X); excludes capital gains tax (MS62), which ONS includes in its income tax total (LIBR). ONS PSF Appendix D, sum of the 12 monthly values Apr 2019 to Mar 2020."
receipts.income_tax,2020-21,UK,195.263,gbp_bn,outturn,ons_psf_receipts,PSF-2026-09,sourced,"PAYE (MS6W) + self assessment (LISB) + other income tax (MF6X); excludes capital gains tax (MS62), which ONS includes in its income tax total (LIBR). ONS PSF Appendix D, sum of the 12 monthly values Apr 2020 to Mar 2021."
receipts.income_tax,2021-22,UK,224.779,gbp_bn,outturn,ons_psf_receipts,PSF-2026-09,sourced,"PAYE (MS6W) + self assessment (LISB) + other income tax (MF6X); excludes capital gains tax (MS62), which ONS includes in its income tax total (LIBR). ONS PSF Appendix D, sum of the 12 monthly values Apr 2021 to Mar 2022."
receipts.income_tax,2022-23,UK,251.987,gbp_bn,outturn,ons_psf_receipts,PSF-2026-09,sourced,"PAYE (MS6W) + self assessment (LISB) + other income tax (MF6X); excludes capital gains tax (MS62), which ONS includes in its income tax total (LIBR). ONS PSF Appendix D, sum of the 12 monthly values Apr 2022 to Mar 2023."
receipts.income_tax,2023-24,UK,276.998,gbp_bn,outturn,ons_psf_receipts,PSF-2026-09,sourced,"PAYE (MS6W) + self assessment (LISB) + other income tax (MF6X); excludes capital gains tax (MS62), which ONS includes in its income tax total (LIBR). ONS PSF Appendix D, sum of the 12 monthly values Apr 2023 to Mar 2024."
receipts.income_tax,2024-25,UK,305.905,gbp_bn,outturn,ons_psf_receipts,PSF-2026-09,sourced,"PAYE (MS6W) + self assessment (LISB) + other income tax (MF6X); excludes capital gains tax (MS62), which ONS includes in its income tax total (LIBR). ONS PSF Appendix D, sum of the 12 monthly values Apr 2024 to Mar 2025."
receipts.income_tax,2025-26,UK,329.338,gbp_bn,outturn,ons_psf_receipts,PSF-2026-09,sourced,"PAYE (MS6W) + self assessment (LISB) + other income tax (MF6X); excludes capital gains tax (MS62), which ONS includes in its income tax total (LIBR). ONS PSF Appendix D, sum of the 12 monthly values Apr 2025 to Mar 2026."
receipts.nics,2019-20,UK,143.674,gbp_bn,outturn,ons_psf_receipts,PSF-2026-09,sourced,"Social contributions (AIIH) minus the immigration health surcharge (FTA6) that ONS records within them. ONS PSF Appendix D, sum of the 12 monthly values Apr 2019 to Mar 2020."
receipts.nics,2020-21,UK,144.213,gbp_bn,outturn,ons_psf_receipts,PSF-2026-09,sourced,"Social contributions (AIIH) minus the immigration health surcharge (FTA6) that ONS records within them. ONS PSF Appendix D, sum of the 12 monthly values Apr 2020 to Mar 2021."
receipts.nics,2021-22,UK,160.846,gbp_bn,outturn,ons_psf_receipts,PSF-2026-09,sourced,"Social contributions (AIIH) minus the immigration health surcharge (FTA6) that ONS records within them. ONS PSF Appendix D, sum of the 12 monthly values Apr 2021 to Mar 2022."
receipts.nics,2022-23,UK,179.368,gbp_bn,outturn,ons_psf_receipts,PSF-2026-09,sourced,"Social contributions (AIIH) minus the immigration health surcharge (FTA6) that ONS records within them. ONS PSF Appendix D, sum of the 12 monthly values Apr 2022 to Mar 2023."
receipts.nics,2023-24,UK,179.081,gbp_bn,outturn,ons_psf_receipts,PSF-2026-09,sourced,"Social contributions (AIIH) minus the immigration health surcharge (FTA6) that ONS records within them. ONS PSF Appendix D, sum of the 12 monthly values Apr 2023 to Mar 2024."
receipts.nics,2024-25,UK,171.402,gbp_bn,outturn,ons_psf_receipts,PSF-2026-09,sourced,"Social contributions (AIIH) minus the immigration health surcharge (FTA6) that ONS records within them. ONS PSF Appendix D, sum of the 12 monthly values Apr 2024 to Mar 2025."
receipts.nics,2025-26,UK,204.429,gbp_bn,outturn,ons_psf_receipts,PSF-2026-09,sourced,"Social contributions (AIIH) minus the immigration health surcharge (FTA6) that ONS records within them. ONS PSF Appendix D, sum of the 12 monthly values Apr 2025 to Mar 2026."
receipts.non_tax,2019-20,UK,88.221,gbp_bn,outturn,ons_psf_receipts,PSF-2026-09,sourced,"Public sector current receipts (JW2O) minus total taxes and social contributions (AHHY); equals interest and dividends (AHHZ) + gross operating surplus (JW2K) + other public sector receipts (AHIO). ONS PSF Appendix D, sum of the 12 monthly values Apr 2019 to Mar 2020."
receipts.non_tax,2020-21,UK,84.066,gbp_bn,outturn,ons_psf_receipts,PSF-2026-09,sourced,"Public sector current receipts (JW2O) minus total taxes and social contributions (AHHY); equals interest and dividends (AHHZ) + gross operating surplus (JW2K) + other public sector receipts (AHIO). ONS PSF Appendix D, sum of the 12 monthly values Apr 2020 to Mar 2021."
receipts.non_tax,2021-22,UK,90.484,gbp_bn,outturn,ons_psf_receipts,PSF-2026-09,sourced,"Public sector current receipts (JW2O) minus total taxes and social contributions (AHHY); equals interest and dividends (AHHZ) + gross operating surplus (JW2K) + other public sector receipts (AHIO). ONS PSF Appendix D, sum of the 12 monthly values Apr 2021 to Mar 2022."
receipts.non_tax,2022-23,UK,107.53,gbp_bn,outturn,ons_psf_receipts,PSF-2026-09,sourced,"Public sector current receipts (JW2O) minus total taxes and social contributions (AHHY); equals interest and dividends (AHHZ) + gross operating surplus (JW2K) + other public sector receipts (AHIO). ONS PSF Appendix D, sum of the 12 monthly values Apr 2022 to Mar 2023."
receipts.non_tax,2023-24,UK,122.46,gbp_bn,outturn,ons_psf_receipts,PSF-2026-09,sourced,"Public sector current receipts (JW2O) minus total taxes and social contributions (AHHY); equals interest and dividends (AHHZ) + gross operating surplus (JW2K) + other public sector receipts (AHIO). ONS PSF Appendix D, sum of the 12 monthly values Apr 2023 to Mar 2024."
receipts.non_tax,2024-25,UK,127.902,gbp_bn,outturn,ons_psf_receipts,PSF-2026-09,sourced,"Public sector current receipts (JW2O) minus total taxes and social contributions (AHHY); equals interest and dividends (AHHZ) + gross operating surplus (JW2K) + other public sector receipts (AHIO). ONS PSF Appendix D, sum of the 12 monthly values Apr 2024 to Mar 2025."
receipts.non_tax,2025-26,UK,128.953,gbp_bn,outturn,ons_psf_receipts,PSF-2026-09,sourced,"Public sector current receipts (JW2O) minus total taxes and social contributions (AHHY); equals interest and dividends (AHHZ) + gross operating surplus (JW2K) + other public sector receipts (AHIO). ONS PSF Appendix D, sum of the 12 monthly values Apr 2025 to Mar 2026."
receipts.other_taxes,2019-20,UK,73.263,gbp_bn,outturn,ons_psf_receipts,PSF-2026-09,sourced,"Total public sector taxes and social contributions (AHHY) minus the 11 named tax lines; equals the sum of the remaining rows: VAT refunds (AHGO), customs (FV2H), VED (EKED+CDDZ), other taxes on production (MF6W), PRT (ACCJ), energy profits levy (JIS6), misc. taxes on income and wealth (MF6Z), bank levy (KIH3), licence fee (DH7A), misc. other taxes excl. IHT (MF72-ACCH), immigration health surcharge (FTA6), other local government taxes (AHGR). ONS PSF Appendix D, sum of the 12 monthly values Apr 2019 to Mar 2020."
receipts.other_taxes,2020-21,UK,70.567,gbp_bn,outturn,ons_psf_receipts,PSF-2026-09,sourced,"Total public sector taxes and social contributions (AHHY) minus the 11 named tax lines; equals the sum of the remaining rows: VAT refunds (AHGO), customs (FV2H), VED (EKED+CDDZ), other taxes on production (MF6W), PRT (ACCJ), energy profits levy (JIS6), misc. taxes on income and wealth (MF6Z), bank levy (KIH3), licence fee (DH7A), misc. other taxes excl. IHT (MF72-ACCH), immigration health surcharge (FTA6), other local government taxes (AHGR). ONS PSF Appendix D, sum of the 12 monthly values Apr 2020 to Mar 2021."
receipts.other_taxes,2021-22,UK,78.333,gbp_bn,outturn,ons_psf_receipts,PSF-2026-09,sourced,"Total public sector taxes and social contributions (AHHY) minus the 11 named tax lines; equals the sum of the remaining rows: VAT refunds (AHGO), customs (FV2H), VED (EKED+CDDZ), other taxes on production (MF6W), PRT (ACCJ), energy profits levy (JIS6), misc. taxes on income and wealth (MF6Z), bank levy (KIH3), licence fee (DH7A), misc. other taxes excl. IHT (MF72-ACCH), immigration health surcharge (FTA6), other local government taxes (AHGR). ONS PSF Appendix D, sum of the 12 monthly values Apr 2021 to Mar 2022."
receipts.other_taxes,2022-23,UK,95.814,gbp_bn,outturn,ons_psf_receipts,PSF-2026-09,sourced,"Total public sector taxes and social contributions (AHHY) minus the 11 named tax lines; equals the sum of the remaining rows: VAT refunds (AHGO), customs (FV2H), VED (EKED+CDDZ), other taxes on production (MF6W), PRT (ACCJ), energy profits levy (JIS6), misc. taxes on income and wealth (MF6Z), bank levy (KIH3), licence fee (DH7A), misc. other taxes excl. IHT (MF72-ACCH), immigration health surcharge (FTA6), other local government taxes (AHGR). ONS PSF Appendix D, sum of the 12 monthly values Apr 2022 to Mar 2023."
receipts.other_taxes,2023-24,UK,102.292,gbp_bn,outturn,ons_psf_receipts,PSF-2026-09,sourced,"Total public sector taxes and social contributions (AHHY) minus the 11 named tax lines; equals the sum of the remaining rows: VAT refunds (AHGO), customs (FV2H), VED (EKED+CDDZ), other taxes on production (MF6W), PRT (ACCJ), energy profits levy (JIS6), misc. taxes on income and wealth (MF6Z), bank levy (KIH3), licence fee (DH7A), misc. other taxes excl. IHT (MF72-ACCH), immigration health surcharge (FTA6), other local government taxes (AHGR). ONS PSF Appendix D, sum of the 12 monthly values Apr 2023 to Mar 2024."
receipts.other_taxes,2024-25,UK,104.887,gbp_bn,outturn,ons_psf_receipts,PSF-2026-09,sourced,"Total public sector taxes and social contributions (AHHY) minus the 11 named tax lines; equals the sum of the remaining rows: VAT refunds (AHGO), customs (FV2H), VED (EKED+CDDZ), other taxes on production (MF6W), PRT (ACCJ), energy profits levy (JIS6), misc. taxes on income and wealth (MF6Z), bank levy (KIH3), licence fee (DH7A), misc. other taxes excl. IHT (MF72-ACCH), immigration health surcharge (FTA6), other local government taxes (AHGR). ONS PSF Appendix D, sum of the 12 monthly values Apr 2024 to Mar 2025."
receipts.other_taxes,2025-26,UK,108.76,gbp_bn,outturn,ons_psf_receipts,PSF-2026-09,sourced,"Total public sector taxes and social contributions (AHHY) minus the 11 named tax lines; equals the sum of the remaining rows: VAT refunds (AHGO), customs (FV2H), VED (EKED+CDDZ), other taxes on production (MF6W), PRT (ACCJ), energy profits levy (JIS6), misc. taxes on income and wealth (MF6Z), bank levy (KIH3), licence fee (DH7A), misc. other taxes excl. IHT (MF72-ACCH), immigration health surcharge (FTA6), other local government taxes (AHGR). ONS PSF Appendix D, sum of the 12 monthly values Apr 2025 to Mar 2026."
receipts.stamp_duty,2019-20,UK,16.166,gbp_bn,outturn,ons_psf_receipts,PSF-2026-09,sourced,"Stamp duty land tax (MM9F) + stamp taxes on shares (BKST). ONS PSF Appendix D, sum of the 12 monthly values Apr 2019 to Mar 2020."
receipts.stamp_duty,2020-21,UK,13.204,gbp_bn,outturn,ons_psf_receipts,PSF-2026-09,sourced,"Stamp duty land tax (MM9F) + stamp taxes on shares (BKST). ONS PSF Appendix D, sum of the 12 monthly values Apr 2020 to Mar 2021."
receipts.stamp_duty,2021-22,UK,19.788,gbp_bn,outturn,ons_psf_receipts,PSF-2026-09,sourced,"Stamp duty land tax (MM9F) + stamp taxes on shares (BKST). ONS PSF Appendix D, sum of the 12 monthly values Apr 2021 to Mar 2022."
receipts.stamp_duty,2022-23,UK,20.477,gbp_bn,outturn,ons_psf_receipts,PSF-2026-09,sourced,"Stamp duty land tax (MM9F) + stamp taxes on shares (BKST). ONS PSF Appendix D, sum of the 12 monthly values Apr 2022 to Mar 2023."
receipts.stamp_duty,2023-24,UK,15.996,gbp_bn,outturn,ons_psf_receipts,PSF-2026-09,sourced,"Stamp duty land tax (MM9F) + stamp taxes on shares (BKST). ONS PSF Appendix D, sum of the 12 monthly values Apr 2023 to Mar 2024."
receipts.stamp_duty,2024-25,UK,19.549,gbp_bn,outturn,ons_psf_receipts,PSF-2026-09,sourced,"Stamp duty land tax (MM9F) + stamp taxes on shares (BKST). ONS PSF Appendix D, sum of the 12 monthly values Apr 2024 to Mar 2025."
receipts.stamp_duty,2025-26,UK,21.362,gbp_bn,outturn,ons_psf_receipts,PSF-2026-09,sourced,"Stamp duty land tax (MM9F) + stamp taxes on shares (BKST). ONS PSF Appendix D, sum of the 12 monthly values Apr 2025 to Mar 2026."
receipts.total,2019-20,UK,828.075,gbp_bn,outturn,ons_psf_receipts,PSF-2026-09,sourced,"Public sector current receipts (JW2O), the same CDID as the PSF time-series dataset; the 13 Statement lines sum to it exactly. ONS PSF Appendix D, sum of the 12 monthly values Apr 2019 to Mar 2020."
receipts.total,2020-21,UK,792.959,gbp_bn,outturn,ons_psf_receipts,PSF-2026-09,sourced,"Public sector current receipts (JW2O), the same CDID as the PSF time-series dataset; the 13 Statement lines sum to it exactly. ONS PSF Appendix D, sum of the 12 monthly values Apr 2020 to Mar 2021."
receipts.total,2021-22,UK,922.217,gbp_bn,outturn,ons_psf_receipts,PSF-2026-09,sourced,"Public sector current receipts (JW2O), the same CDID as the PSF time-series dataset; the 13 Statement lines sum to it exactly. ONS PSF Appendix D, sum of the 12 monthly values Apr 2021 to Mar 2022."
receipts.total,2022-23,UK,1034.576,gbp_bn,outturn,ons_psf_receipts,PSF-2026-09,sourced,"Public sector current receipts (JW2O), the same CDID as the PSF time-series dataset; the 13 Statement lines sum to it exactly. ONS PSF Appendix D, sum of the 12 monthly values Apr 2022 to Mar 2023."
receipts.total,2023-24,UK,1096.559,gbp_bn,outturn,ons_psf_receipts,PSF-2026-09,sourced,"Public sector current receipts (JW2O), the same CDID as the PSF time-series dataset; the 13 Statement lines sum to it exactly. ONS PSF Appendix D, sum of the 12 monthly values Apr 2023 to Mar 2024."
receipts.total,2024-25,UK,1140.579,gbp_bn,outturn,ons_psf_receipts,PSF-2026-09,sourced,"Public sector current receipts (JW2O), the same CDID as the PSF time-series dataset; the 13 Statement lines sum to it exactly. ONS PSF Appendix D, sum of the 12 monthly values Apr 2024 to Mar 2025."
receipts.total,2025-26,UK,1231.312,gbp_bn,outturn,ons_psf_receipts,PSF-2026-09,sourced,"Public sector current receipts (JW2O), the same CDID as the PSF time-series dataset; the 13 Statement lines sum to it exactly. ONS PSF Appendix D, sum of the 12 monthly values Apr 2025 to Mar 2026."
receipts.vat,2019-20,UK,134.743,gbp_bn,outturn,ons_psf_receipts,PSF-2026-09,sourced,"VAT net of VAT refunds to public bodies (CTRU); the refunds (AHGO) are in other_taxes. ONS PSF Appendix D, sum of the 12 monthly values Apr 2019 to Mar 2020."
receipts.vat,2020-21,UK,117.411,gbp_bn,outturn,ons_psf_receipts,PSF-2026-09,sourced,"VAT net of VAT refunds to public bodies (CTRU); the refunds (AHGO) are in other_taxes. ONS PSF Appendix D, sum of the 12 monthly values Apr 2020 to Mar 2021."
receipts.vat,2021-22,UK,143.394,gbp_bn,outturn,ons_psf_receipts,PSF-2026-09,sourced,"VAT net of VAT refunds to public bodies (CTRU); the refunds (AHGO) are in other_taxes. ONS PSF Appendix D, sum of the 12 monthly values Apr 2021 to Mar 2022."
receipts.vat,2022-23,UK,160.126,gbp_bn,outturn,ons_psf_receipts,PSF-2026-09,sourced,"VAT net of VAT refunds to public bodies (CTRU); the refunds (AHGO) are in other_taxes. ONS PSF Appendix D, sum of the 12 monthly values Apr 2022 to Mar 2023."
receipts.vat,2023-24,UK,168.305,gbp_bn,outturn,ons_psf_receipts,PSF-2026-09,sourced,"VAT net of VAT refunds to public bodies (CTRU); the refunds (AHGO) are in other_taxes. ONS PSF Appendix D, sum of the 12 monthly values Apr 2023 to Mar 2024."
receipts.vat,2024-25,UK,173.14,gbp_bn,outturn,ons_psf_receipts,PSF-2026-09,sourced,"VAT net of VAT refunds to public bodies (CTRU); the refunds (AHGO) are in other_taxes. ONS PSF Appendix D, sum of the 12 monthly values Apr 2024 to Mar 2025."
receipts.vat,2025-26,UK,180.326,gbp_bn,outturn,ons_psf_receipts,PSF-2026-09,sourced,"VAT net of VAT refunds to public bodies (CTRU); the refunds (AHGO) are in other_taxes. ONS PSF Appendix D, sum of the 12 monthly values Apr 2025 to Mar 2026."
