series_id,period,geography,value,unit,kind,source_id,vintage,quality,method_note
people.npp.hhh.births,2025,UK,651.889,persons_k,projection,ons_npp,NPP-2024based-2026-04-28,sourced,
people.npp.hhh.births,2026,UK,668.331,persons_k,projection,ons_npp,NPP-2024based-2026-04-28,sourced,
people.npp.hhh.births,2027,UK,676.545,persons_k,projection,ons_npp,NPP-2024based-2026-04-28,sourced,
people.npp.hhh.births,2028,UK,686.452,persons_k,projection,ons_npp,NPP-2024based-2026-04-28,sourced,
people.npp.hhh.births,2029,UK,696.43,persons_k,projection,ons_npp,NPP-2024based-2026-04-28,sourced,
people.npp.hhh.births,2030,UK,706.52,persons_k,projection,ons_npp,NPP-2024based-2026-04-28,sourced,
people.npp.hhh.births,2031,UK,716.57,persons_k,projection,ons_npp,NPP-2024based-2026-04-28,sourced,
people.npp.hhh.births,2032,UK,726.245,persons_k,projection,ons_npp,NPP-2024based-2026-04-28,sourced,
people.npp.hhh.births,2033,UK,735.746,persons_k,projection,ons_npp,NPP-2024based-2026-04-28,sourced,
people.npp.hhh.births,2034,UK,745.266,persons_k,projection,ons_npp,NPP-2024based-2026-04-28,sourced,
people.npp.hhh.births,2035,UK,754.933,persons_k,projection,ons_npp,NPP-2024based-2026-04-28,sourced,
people.npp.hhh.births,2036,UK,765.285,persons_k,projection,ons_npp,NPP-2024based-2026-04-28,sourced,
people.npp.hhh.births,2037,UK,776.075,persons_k,projection,ons_npp,NPP-2024based-2026-04-28,sourced,
people.npp.hhh.births,2038,UK,787.095,persons_k,projection,ons_npp,NPP-2024based-2026-04-28,sourced,
people.npp.hhh.births,2039,UK,798.167,persons_k,projection,ons_npp,NPP-2024based-2026-04-28,sourced,
people.npp.hhh.births,2040,UK,808.707,persons_k,projection,ons_npp,NPP-2024based-2026-04-28,sourced,
people.npp.hhh.births,2041,UK,818.075,persons_k,projection,ons_npp,NPP-2024based-2026-04-28,sourced,
people.npp.hhh.births,2042,UK,826.157,persons_k,projection,ons_npp,NPP-2024based-2026-04-28,sourced,
people.npp.hhh.births,2043,UK,832.981,persons_k,projection,ons_npp,NPP-2024based-2026-04-28,sourced,
people.npp.hhh.births,2044,UK,838.38,persons_k,projection,ons_npp,NPP-2024based-2026-04-28,sourced,
people.npp.hhh.births,2045,UK,842.211,persons_k,projection,ons_npp,NPP-2024based-2026-04-28,sourced,
people.npp.hhh.births,2046,UK,844.572,persons_k,projection,ons_npp,NPP-2024based-2026-04-28,sourced,
people.npp.hhh.births,2047,UK,846.043,persons_k,projection,ons_npp,NPP-2024based-2026-04-28,sourced,
people.npp.hhh.births,2048,UK,846.678,persons_k,projection,ons_npp,NPP-2024based-2026-04-28,sourced,
people.npp.hhh.births,2049,UK,846.445,persons_k,projection,ons_npp,NPP-2024based-2026-04-28,sourced,
people.npp.hhh.births,2050,UK,844.639,persons_k,projection,ons_npp,NPP-2024based-2026-04-28,sourced,
people.npp.hhh.births,2051,UK,841.44,persons_k,projection,ons_npp,NPP-2024based-2026-04-28,sourced,
people.npp.hhh.births,2052,UK,837.909,persons_k,projection,ons_npp,NPP-2024based-2026-04-28,sourced,
people.npp.hhh.births,2053,UK,834.116,persons_k,projection,ons_npp,NPP-2024based-2026-04-28,sourced,
people.npp.hhh.births,2054,UK,830.209,persons_k,projection,ons_npp,NPP-2024based-2026-04-28,sourced,
people.npp.hhh.births,2055,UK,826.611,persons_k,projection,ons_npp,NPP-2024based-2026-04-28,sourced,
people.npp.hhh.births,2056,UK,823.83,persons_k,projection,ons_npp,NPP-2024based-2026-04-28,sourced,
people.npp.hhh.births,2057,UK,822.222,persons_k,projection,ons_npp,NPP-2024based-2026-04-28,sourced,
people.npp.hhh.births,2058,UK,821.649,persons_k,projection,ons_npp,NPP-2024based-2026-04-28,sourced,
people.npp.hhh.births,2059,UK,822.139,persons_k,projection,ons_npp,NPP-2024based-2026-04-28,sourced,
people.npp.hhh.births,2060,UK,823.79,persons_k,projection,ons_npp,NPP-2024based-2026-04-28,sourced,
people.npp.hhh.births,2061,UK,826.555,persons_k,projection,ons_npp,NPP-2024based-2026-04-28,sourced,
people.npp.hhh.births,2062,UK,830.437,persons_k,projection,ons_npp,NPP-2024based-2026-04-28,sourced,
people.npp.hhh.births,2063,UK,835.054,persons_k,projection,ons_npp,NPP-2024based-2026-04-28,sourced,
people.npp.hhh.births,2064,UK,840.175,persons_k,projection,ons_npp,NPP-2024based-2026-04-28,sourced,
people.npp.hhh.births,2065,UK,845.842,persons_k,projection,ons_npp,NPP-2024based-2026-04-28,sourced,
people.npp.hhh.births,2066,UK,852.045,persons_k,projection,ons_npp,NPP-2024based-2026-04-28,sourced,
people.npp.hhh.births,2067,UK,858.644,persons_k,projection,ons_npp,NPP-2024based-2026-04-28,sourced,
people.npp.hhh.births,2068,UK,865.44,persons_k,projection,ons_npp,NPP-2024based-2026-04-28,sourced,
people.npp.hhh.births,2069,UK,872.236,persons_k,projection,ons_npp,NPP-2024based-2026-04-28,sourced,
people.npp.hhh.births,2070,UK,878.884,persons_k,projection,ons_npp,NPP-2024based-2026-04-28,sourced,
people.npp.hhh.births,2071,UK,885.349,persons_k,projection,ons_npp,NPP-2024based-2026-04-28,sourced,
people.npp.hhh.births,2072,UK,891.519,persons_k,projection,ons_npp,NPP-2024based-2026-04-28,sourced,
people.npp.hhh.births,2073,UK,897.286,persons_k,projection,ons_npp,NPP-2024based-2026-04-28,sourced,
people.npp.hhh.births,2074,UK,902.535,persons_k,projection,ons_npp,NPP-2024based-2026-04-28,sourced,
people.npp.hhh.births,2075,UK,907.243,persons_k,projection,ons_npp,NPP-2024based-2026-04-28,sourced,
people.npp.hhh.deaths,2025,UK,634.986,persons_k,projection,ons_npp,NPP-2024based-2026-04-28,sourced,
people.npp.hhh.deaths,2026,UK,665.761,persons_k,projection,ons_npp,NPP-2024based-2026-04-28,sourced,
people.npp.hhh.deaths,2027,UK,669.553,persons_k,projection,ons_npp,NPP-2024based-2026-04-28,sourced,
people.npp.hhh.deaths,2028,UK,674.45,persons_k,projection,ons_npp,NPP-2024based-2026-04-28,sourced,
people.npp.hhh.deaths,2029,UK,680.099,persons_k,projection,ons_npp,NPP-2024based-2026-04-28,sourced,
people.npp.hhh.deaths,2030,UK,686.306,persons_k,projection,ons_npp,NPP-2024based-2026-04-28,sourced,
people.npp.hhh.deaths,2031,UK,692.904,persons_k,projection,ons_npp,NPP-2024based-2026-04-28,sourced,
people.npp.hhh.deaths,2032,UK,699.732,persons_k,projection,ons_npp,NPP-2024based-2026-04-28,sourced,
people.npp.hhh.deaths,2033,UK,706.627,persons_k,projection,ons_npp,NPP-2024based-2026-04-28,sourced,
people.npp.hhh.deaths,2034,UK,713.545,persons_k,projection,ons_npp,NPP-2024based-2026-04-28,sourced,
people.npp.hhh.deaths,2035,UK,720.313,persons_k,projection,ons_npp,NPP-2024based-2026-04-28,sourced,
people.npp.hhh.deaths,2036,UK,726.824,persons_k,projection,ons_npp,NPP-2024based-2026-04-28,sourced,
people.npp.hhh.deaths,2037,UK,733.019,persons_k,projection,ons_npp,NPP-2024based-2026-04-28,sourced,
people.npp.hhh.deaths,2038,UK,738.848,persons_k,projection,ons_npp,NPP-2024based-2026-04-28,sourced,
people.npp.hhh.deaths,2039,UK,744.267,persons_k,projection,ons_npp,NPP-2024based-2026-04-28,sourced,
people.npp.hhh.deaths,2040,UK,749.138,persons_k,projection,ons_npp,NPP-2024based-2026-04-28,sourced,
people.npp.hhh.deaths,2041,UK,753.481,persons_k,projection,ons_npp,NPP-2024based-2026-04-28,sourced,
people.npp.hhh.deaths,2042,UK,757.383,persons_k,projection,ons_npp,NPP-2024based-2026-04-28,sourced,
people.npp.hhh.deaths,2043,UK,760.828,persons_k,projection,ons_npp,NPP-2024based-2026-04-28,sourced,
people.npp.hhh.deaths,2044,UK,763.942,persons_k,projection,ons_npp,NPP-2024based-2026-04-28,sourced,
people.npp.hhh.deaths,2045,UK,766.885,persons_k,projection,ons_npp,NPP-2024based-2026-04-28,sourced,
people.npp.hhh.deaths,2046,UK,769.69,persons_k,projection,ons_npp,NPP-2024based-2026-04-28,sourced,
people.npp.hhh.deaths,2047,UK,772.547,persons_k,projection,ons_npp,NPP-2024based-2026-04-28,sourced,
people.npp.hhh.deaths,2048,UK,775.586,persons_k,projection,ons_npp,NPP-2024based-2026-04-28,sourced,
people.npp.hhh.deaths,2049,UK,778.869,persons_k,projection,ons_npp,NPP-2024based-2026-04-28,sourced,
people.npp.hhh.deaths,2050,UK,782.414,persons_k,projection,ons_npp,NPP-2024based-2026-04-28,sourced,
people.npp.hhh.deaths,2051,UK,786.225,persons_k,projection,ons_npp,NPP-2024based-2026-04-28,sourced,
people.npp.hhh.deaths,2052,UK,790.239,persons_k,projection,ons_npp,NPP-2024based-2026-04-28,sourced,
people.npp.hhh.deaths,2053,UK,794.363,persons_k,projection,ons_npp,NPP-2024based-2026-04-28,sourced,
people.npp.hhh.deaths,2054,UK,798.537,persons_k,projection,ons_npp,NPP-2024based-2026-04-28,sourced,
people.npp.hhh.deaths,2055,UK,802.569,persons_k,projection,ons_npp,NPP-2024based-2026-04-28,sourced,
people.npp.hhh.deaths,2056,UK,806.385,persons_k,projection,ons_npp,NPP-2024based-2026-04-28,sourced,
people.npp.hhh.deaths,2057,UK,809.863,persons_k,projection,ons_npp,NPP-2024based-2026-04-28,sourced,
people.npp.hhh.deaths,2058,UK,812.887,persons_k,projection,ons_npp,NPP-2024based-2026-04-28,sourced,
people.npp.hhh.deaths,2059,UK,815.452,persons_k,projection,ons_npp,NPP-2024based-2026-04-28,sourced,
people.npp.hhh.deaths,2060,UK,817.522,persons_k,projection,ons_npp,NPP-2024based-2026-04-28,sourced,
people.npp.hhh.deaths,2061,UK,819.08,persons_k,projection,ons_npp,NPP-2024based-2026-04-28,sourced,
people.npp.hhh.deaths,2062,UK,820.217,persons_k,projection,ons_npp,NPP-2024based-2026-04-28,sourced,
people.npp.hhh.deaths,2063,UK,820.994,persons_k,projection,ons_npp,NPP-2024based-2026-04-28,sourced,
people.npp.hhh.deaths,2064,UK,821.499,persons_k,projection,ons_npp,NPP-2024based-2026-04-28,sourced,
people.npp.hhh.deaths,2065,UK,821.835,persons_k,projection,ons_npp,NPP-2024based-2026-04-28,sourced,
people.npp.hhh.deaths,2066,UK,822.12,persons_k,projection,ons_npp,NPP-2024based-2026-04-28,sourced,
people.npp.hhh.deaths,2067,UK,822.472,persons_k,projection,ons_npp,NPP-2024based-2026-04-28,sourced,
people.npp.hhh.deaths,2068,UK,823.043,persons_k,projection,ons_npp,NPP-2024based-2026-04-28,sourced,
people.npp.hhh.deaths,2069,UK,823.967,persons_k,projection,ons_npp,NPP-2024based-2026-04-28,sourced,
people.npp.hhh.deaths,2070,UK,825.437,persons_k,projection,ons_npp,NPP-2024based-2026-04-28,sourced,
people.npp.hhh.deaths,2071,UK,827.607,persons_k,projection,ons_npp,NPP-2024based-2026-04-28,sourced,
people.npp.hhh.deaths,2072,UK,830.612,persons_k,projection,ons_npp,NPP-2024based-2026-04-28,sourced,
people.npp.hhh.deaths,2073,UK,834.461,persons_k,projection,ons_npp,NPP-2024based-2026-04-28,sourced,
people.npp.hhh.deaths,2074,UK,839.138,persons_k,projection,ons_npp,NPP-2024based-2026-04-28,sourced,
people.npp.hhh.deaths,2075,UK,844.623,persons_k,projection,ons_npp,NPP-2024based-2026-04-28,sourced,
people.npp.hhh.life_expectancy_female,2025,UK,83.63176,years,projection,ons_npp,NPP-2024based-2026-04-28,sourced,
people.npp.hhh.life_expectancy_female,2026,UK,83.483669,years,projection,ons_npp,NPP-2024based-2026-04-28,sourced,
people.npp.hhh.life_expectancy_female,2027,UK,83.618411,years,projection,ons_npp,NPP-2024based-2026-04-28,sourced,
people.npp.hhh.life_expectancy_female,2028,UK,83.75273,years,projection,ons_npp,NPP-2024based-2026-04-28,sourced,
people.npp.hhh.life_expectancy_female,2029,UK,83.887375,years,projection,ons_npp,NPP-2024based-2026-04-28,sourced,
people.npp.hhh.life_expectancy_female,2030,UK,84.022613,years,projection,ons_npp,NPP-2024based-2026-04-28,sourced,
people.npp.hhh.life_expectancy_female,2031,UK,84.15986,years,projection,ons_npp,NPP-2024based-2026-04-28,sourced,
people.npp.hhh.life_expectancy_female,2032,UK,84.29796,years,projection,ons_npp,NPP-2024based-2026-04-28,sourced,
people.npp.hhh.life_expectancy_female,2033,UK,84.437818,years,projection,ons_npp,NPP-2024based-2026-04-28,sourced,
people.npp.hhh.life_expectancy_female,2034,UK,84.57856,years,projection,ons_npp,NPP-2024based-2026-04-28,sourced,
people.npp.hhh.life_expectancy_female,2035,UK,84.722108,years,projection,ons_npp,NPP-2024based-2026-04-28,sourced,
people.npp.hhh.life_expectancy_female,2036,UK,84.867316,years,projection,ons_npp,NPP-2024based-2026-04-28,sourced,
people.npp.hhh.life_expectancy_female,2037,UK,85.014162,years,projection,ons_npp,NPP-2024based-2026-04-28,sourced,
people.npp.hhh.life_expectancy_female,2038,UK,85.164271,years,projection,ons_npp,NPP-2024based-2026-04-28,sourced,
people.npp.hhh.life_expectancy_female,2039,UK,85.31499,years,projection,ons_npp,NPP-2024based-2026-04-28,sourced,
people.npp.hhh.life_expectancy_female,2040,UK,85.468454,years,projection,ons_npp,NPP-2024based-2026-04-28,sourced,
people.npp.hhh.life_expectancy_female,2041,UK,85.623229,years,projection,ons_npp,NPP-2024based-2026-04-28,sourced,
people.npp.hhh.life_expectancy_female,2042,UK,85.779422,years,projection,ons_npp,NPP-2024based-2026-04-28,sourced,
people.npp.hhh.life_expectancy_female,2043,UK,85.936724,years,projection,ons_npp,NPP-2024based-2026-04-28,sourced,
people.npp.hhh.life_expectancy_female,2044,UK,86.096486,years,projection,ons_npp,NPP-2024based-2026-04-28,sourced,
people.npp.hhh.life_expectancy_female,2045,UK,86.255427,years,projection,ons_npp,NPP-2024based-2026-04-28,sourced,
people.npp.hhh.life_expectancy_female,2046,UK,86.417325,years,projection,ons_npp,NPP-2024based-2026-04-28,sourced,
people.npp.hhh.life_expectancy_female,2047,UK,86.578342,years,projection,ons_npp,NPP-2024based-2026-04-28,sourced,
people.npp.hhh.life_expectancy_female,2048,UK,86.738751,years,projection,ons_npp,NPP-2024based-2026-04-28,sourced,
people.npp.hhh.life_expectancy_female,2049,UK,86.899415,years,projection,ons_npp,NPP-2024based-2026-04-28,sourced,
people.npp.hhh.life_expectancy_female,2050,UK,87.060795,years,projection,ons_npp,NPP-2024based-2026-04-28,sourced,
people.npp.hhh.life_expectancy_female,2051,UK,87.219902,years,projection,ons_npp,NPP-2024based-2026-04-28,sourced,
people.npp.hhh.life_expectancy_female,2052,UK,87.378789,years,projection,ons_npp,NPP-2024based-2026-04-28,sourced,
people.npp.hhh.life_expectancy_female,2053,UK,87.538707,years,projection,ons_npp,NPP-2024based-2026-04-28,sourced,
people.npp.hhh.life_expectancy_female,2054,UK,87.695152,years,projection,ons_npp,NPP-2024based-2026-04-28,sourced,
people.npp.hhh.life_expectancy_female,2055,UK,87.852167,years,projection,ons_npp,NPP-2024based-2026-04-28,sourced,
people.npp.hhh.life_expectancy_female,2056,UK,88.007539,years,projection,ons_npp,NPP-2024based-2026-04-28,sourced,
people.npp.hhh.life_expectancy_female,2057,UK,88.162227,years,projection,ons_npp,NPP-2024based-2026-04-28,sourced,
people.npp.hhh.life_expectancy_female,2058,UK,88.317196,years,projection,ons_npp,NPP-2024based-2026-04-28,sourced,
people.npp.hhh.life_expectancy_female,2059,UK,88.47036,years,projection,ons_npp,NPP-2024based-2026-04-28,sourced,
people.npp.hhh.life_expectancy_female,2060,UK,88.621662,years,projection,ons_npp,NPP-2024based-2026-04-28,sourced,
people.npp.hhh.life_expectancy_female,2061,UK,88.772293,years,projection,ons_npp,NPP-2024based-2026-04-28,sourced,
people.npp.hhh.life_expectancy_female,2062,UK,88.923931,years,projection,ons_npp,NPP-2024based-2026-04-28,sourced,
people.npp.hhh.life_expectancy_female,2063,UK,89.074274,years,projection,ons_npp,NPP-2024based-2026-04-28,sourced,
people.npp.hhh.life_expectancy_female,2064,UK,89.223189,years,projection,ons_npp,NPP-2024based-2026-04-28,sourced,
people.npp.hhh.life_expectancy_female,2065,UK,89.370388,years,projection,ons_npp,NPP-2024based-2026-04-28,sourced,
people.npp.hhh.life_expectancy_female,2066,UK,89.517421,years,projection,ons_npp,NPP-2024based-2026-04-28,sourced,
people.npp.hhh.life_expectancy_female,2067,UK,89.66349,years,projection,ons_npp,NPP-2024based-2026-04-28,sourced,
people.npp.hhh.life_expectancy_female,2068,UK,89.808285,years,projection,ons_npp,NPP-2024based-2026-04-28,sourced,
people.npp.hhh.life_expectancy_female,2069,UK,89.952593,years,projection,ons_npp,NPP-2024based-2026-04-28,sourced,
people.npp.hhh.life_expectancy_female,2070,UK,90.095595,years,projection,ons_npp,NPP-2024based-2026-04-28,sourced,
people.npp.hhh.life_expectancy_female,2071,UK,90.238711,years,projection,ons_npp,NPP-2024based-2026-04-28,sourced,
people.npp.hhh.life_expectancy_female,2072,UK,90.379842,years,projection,ons_npp,NPP-2024based-2026-04-28,sourced,
people.npp.hhh.life_expectancy_female,2073,UK,90.520714,years,projection,ons_npp,NPP-2024based-2026-04-28,sourced,
people.npp.hhh.life_expectancy_female,2074,UK,90.660775,years,projection,ons_npp,NPP-2024based-2026-04-28,sourced,
people.npp.hhh.life_expectancy_female,2075,UK,90.799337,years,projection,ons_npp,NPP-2024based-2026-04-28,sourced,
people.npp.hhh.life_expectancy_male,2025,UK,79.853947,years,projection,ons_npp,NPP-2024based-2026-04-28,sourced,
people.npp.hhh.life_expectancy_male,2026,UK,79.645273,years,projection,ons_npp,NPP-2024based-2026-04-28,sourced,
people.npp.hhh.life_expectancy_male,2027,UK,79.792514,years,projection,ons_npp,NPP-2024based-2026-04-28,sourced,
people.npp.hhh.life_expectancy_male,2028,UK,79.939163,years,projection,ons_npp,NPP-2024based-2026-04-28,sourced,
people.npp.hhh.life_expectancy_male,2029,UK,80.086637,years,projection,ons_npp,NPP-2024based-2026-04-28,sourced,
people.npp.hhh.life_expectancy_male,2030,UK,80.23744,years,projection,ons_npp,NPP-2024based-2026-04-28,sourced,
people.npp.hhh.life_expectancy_male,2031,UK,80.387208,years,projection,ons_npp,NPP-2024based-2026-04-28,sourced,
people.npp.hhh.life_expectancy_male,2032,UK,80.540644,years,projection,ons_npp,NPP-2024based-2026-04-28,sourced,
people.npp.hhh.life_expectancy_male,2033,UK,80.696856,years,projection,ons_npp,NPP-2024based-2026-04-28,sourced,
people.npp.hhh.life_expectancy_male,2034,UK,80.854229,years,projection,ons_npp,NPP-2024based-2026-04-28,sourced,
people.npp.hhh.life_expectancy_male,2035,UK,81.013404,years,projection,ons_npp,NPP-2024based-2026-04-28,sourced,
people.npp.hhh.life_expectancy_male,2036,UK,81.177345,years,projection,ons_npp,NPP-2024based-2026-04-28,sourced,
people.npp.hhh.life_expectancy_male,2037,UK,81.343129,years,projection,ons_npp,NPP-2024based-2026-04-28,sourced,
people.npp.hhh.life_expectancy_male,2038,UK,81.512003,years,projection,ons_npp,NPP-2024based-2026-04-28,sourced,
people.npp.hhh.life_expectancy_male,2039,UK,81.682127,years,projection,ons_npp,NPP-2024based-2026-04-28,sourced,
people.npp.hhh.life_expectancy_male,2040,UK,81.855359,years,projection,ons_npp,NPP-2024based-2026-04-28,sourced,
people.npp.hhh.life_expectancy_male,2041,UK,82.030289,years,projection,ons_npp,NPP-2024based-2026-04-28,sourced,
people.npp.hhh.life_expectancy_male,2042,UK,82.206147,years,projection,ons_npp,NPP-2024based-2026-04-28,sourced,
people.npp.hhh.life_expectancy_male,2043,UK,82.385549,years,projection,ons_npp,NPP-2024based-2026-04-28,sourced,
people.npp.hhh.life_expectancy_male,2044,UK,82.565292,years,projection,ons_npp,NPP-2024based-2026-04-28,sourced,
people.npp.hhh.life_expectancy_male,2045,UK,82.745563,years,projection,ons_npp,NPP-2024based-2026-04-28,sourced,
people.npp.hhh.life_expectancy_male,2046,UK,82.928087,years,projection,ons_npp,NPP-2024based-2026-04-28,sourced,
people.npp.hhh.life_expectancy_male,2047,UK,83.109477,years,projection,ons_npp,NPP-2024based-2026-04-28,sourced,
people.npp.hhh.life_expectancy_male,2048,UK,83.291207,years,projection,ons_npp,NPP-2024based-2026-04-28,sourced,
people.npp.hhh.life_expectancy_male,2049,UK,83.47334,years,projection,ons_npp,NPP-2024based-2026-04-28,sourced,
people.npp.hhh.life_expectancy_male,2050,UK,83.654636,years,projection,ons_npp,NPP-2024based-2026-04-28,sourced,
people.npp.hhh.life_expectancy_male,2051,UK,83.835039,years,projection,ons_npp,NPP-2024based-2026-04-28,sourced,
people.npp.hhh.life_expectancy_male,2052,UK,84.015473,years,projection,ons_npp,NPP-2024based-2026-04-28,sourced,
people.npp.hhh.life_expectancy_male,2053,UK,84.194956,years,projection,ons_npp,NPP-2024based-2026-04-28,sourced,
people.npp.hhh.life_expectancy_male,2054,UK,84.372492,years,projection,ons_npp,NPP-2024based-2026-04-28,sourced,
people.npp.hhh.life_expectancy_male,2055,UK,84.550509,years,projection,ons_npp,NPP-2024based-2026-04-28,sourced,
people.npp.hhh.life_expectancy_male,2056,UK,84.727966,years,projection,ons_npp,NPP-2024based-2026-04-28,sourced,
people.npp.hhh.life_expectancy_male,2057,UK,84.903604,years,projection,ons_npp,NPP-2024based-2026-04-28,sourced,
people.npp.hhh.life_expectancy_male,2058,UK,85.078441,years,projection,ons_npp,NPP-2024based-2026-04-28,sourced,
people.npp.hhh.life_expectancy_male,2059,UK,85.253225,years,projection,ons_npp,NPP-2024based-2026-04-28,sourced,
people.npp.hhh.life_expectancy_male,2060,UK,85.426268,years,projection,ons_npp,NPP-2024based-2026-04-28,sourced,
people.npp.hhh.life_expectancy_male,2061,UK,85.599911,years,projection,ons_npp,NPP-2024based-2026-04-28,sourced,
people.npp.hhh.life_expectancy_male,2062,UK,85.772137,years,projection,ons_npp,NPP-2024based-2026-04-28,sourced,
people.npp.hhh.life_expectancy_male,2063,UK,85.942219,years,projection,ons_npp,NPP-2024based-2026-04-28,sourced,
people.npp.hhh.life_expectancy_male,2064,UK,86.112833,years,projection,ons_npp,NPP-2024based-2026-04-28,sourced,
people.npp.hhh.life_expectancy_male,2065,UK,86.281946,years,projection,ons_npp,NPP-2024based-2026-04-28,sourced,
people.npp.hhh.life_expectancy_male,2066,UK,86.450708,years,projection,ons_npp,NPP-2024based-2026-04-28,sourced,
people.npp.hhh.life_expectancy_male,2067,UK,86.619154,years,projection,ons_npp,NPP-2024based-2026-04-28,sourced,
people.npp.hhh.life_expectancy_male,2068,UK,86.785669,years,projection,ons_npp,NPP-2024based-2026-04-28,sourced,
people.npp.hhh.life_expectancy_male,2069,UK,86.95155,years,projection,ons_npp,NPP-2024based-2026-04-28,sourced,
people.npp.hhh.life_expectancy_male,2070,UK,87.116093,years,projection,ons_npp,NPP-2024based-2026-04-28,sourced,
people.npp.hhh.life_expectancy_male,2071,UK,87.280116,years,projection,ons_npp,NPP-2024based-2026-04-28,sourced,
people.npp.hhh.life_expectancy_male,2072,UK,87.44356,years,projection,ons_npp,NPP-2024based-2026-04-28,sourced,
people.npp.hhh.life_expectancy_male,2073,UK,87.606042,years,projection,ons_npp,NPP-2024based-2026-04-28,sourced,
people.npp.hhh.life_expectancy_male,2074,UK,87.767977,years,projection,ons_npp,NPP-2024based-2026-04-28,sourced,
people.npp.hhh.life_expectancy_male,2075,UK,87.927635,years,projection,ons_npp,NPP-2024based-2026-04-28,sourced,
people.npp.hhh.net_migration,2025,UK,204.0,persons_k,projection,ons_npp,NPP-2024based-2026-04-28,sourced,
people.npp.hhh.net_migration,2026,UK,273.0,persons_k,projection,ons_npp,NPP-2024based-2026-04-28,sourced,
people.npp.hhh.net_migration,2027,UK,455.0,persons_k,projection,ons_npp,NPP-2024based-2026-04-28,sourced,
people.npp.hhh.net_migration,2028,UK,455.0,persons_k,projection,ons_npp,NPP-2024based-2026-04-28,sourced,
people.npp.hhh.net_migration,2029,UK,455.0,persons_k,projection,ons_npp,NPP-2024based-2026-04-28,sourced,
people.npp.hhh.net_migration,2030,UK,455.0,persons_k,projection,ons_npp,NPP-2024based-2026-04-28,sourced,
people.npp.hhh.net_migration,2031,UK,455.0,persons_k,projection,ons_npp,NPP-2024based-2026-04-28,sourced,
people.npp.hhh.net_migration,2032,UK,455.0,persons_k,projection,ons_npp,NPP-2024based-2026-04-28,sourced,
people.npp.hhh.net_migration,2033,UK,455.0,persons_k,projection,ons_npp,NPP-2024based-2026-04-28,sourced,
people.npp.hhh.net_migration,2034,UK,455.0,persons_k,projection,ons_npp,NPP-2024based-2026-04-28,sourced,
people.npp.hhh.net_migration,2035,UK,455.0,persons_k,projection,ons_npp,NPP-2024based-2026-04-28,sourced,
people.npp.hhh.net_migration,2036,UK,455.0,persons_k,projection,ons_npp,NPP-2024based-2026-04-28,sourced,
people.npp.hhh.net_migration,2037,UK,455.0,persons_k,projection,ons_npp,NPP-2024based-2026-04-28,sourced,
people.npp.hhh.net_migration,2038,UK,455.0,persons_k,projection,ons_npp,NPP-2024based-2026-04-28,sourced,
people.npp.hhh.net_migration,2039,UK,455.0,persons_k,projection,ons_npp,NPP-2024based-2026-04-28,sourced,
people.npp.hhh.net_migration,2040,UK,455.0,persons_k,projection,ons_npp,NPP-2024based-2026-04-28,sourced,
people.npp.hhh.net_migration,2041,UK,455.0,persons_k,projection,ons_npp,NPP-2024based-2026-04-28,sourced,
people.npp.hhh.net_migration,2042,UK,455.0,persons_k,projection,ons_npp,NPP-2024based-2026-04-28,sourced,
people.npp.hhh.net_migration,2043,UK,455.0,persons_k,projection,ons_npp,NPP-2024based-2026-04-28,sourced,
people.npp.hhh.net_migration,2044,UK,455.0,persons_k,projection,ons_npp,NPP-2024based-2026-04-28,sourced,
people.npp.hhh.net_migration,2045,UK,455.0,persons_k,projection,ons_npp,NPP-2024based-2026-04-28,sourced,
people.npp.hhh.net_migration,2046,UK,455.0,persons_k,projection,ons_npp,NPP-2024based-2026-04-28,sourced,
people.npp.hhh.net_migration,2047,UK,455.0,persons_k,projection,ons_npp,NPP-2024based-2026-04-28,sourced,
people.npp.hhh.net_migration,2048,UK,455.0,persons_k,projection,ons_npp,NPP-2024based-2026-04-28,sourced,
people.npp.hhh.net_migration,2049,UK,455.0,persons_k,projection,ons_npp,NPP-2024based-2026-04-28,sourced,
people.npp.hhh.net_migration,2050,UK,455.0,persons_k,projection,ons_npp,NPP-2024based-2026-04-28,sourced,
people.npp.hhh.net_migration,2051,UK,455.0,persons_k,projection,ons_npp,NPP-2024based-2026-04-28,sourced,
people.npp.hhh.net_migration,2052,UK,455.0,persons_k,projection,ons_npp,NPP-2024based-2026-04-28,sourced,
people.npp.hhh.net_migration,2053,UK,455.0,persons_k,projection,ons_npp,NPP-2024based-2026-04-28,sourced,
people.npp.hhh.net_migration,2054,UK,455.0,persons_k,projection,ons_npp,NPP-2024based-2026-04-28,sourced,
people.npp.hhh.net_migration,2055,UK,455.0,persons_k,projection,ons_npp,NPP-2024based-2026-04-28,sourced,
people.npp.hhh.net_migration,2056,UK,455.0,persons_k,projection,ons_npp,NPP-2024based-2026-04-28,sourced,
people.npp.hhh.net_migration,2057,UK,455.0,persons_k,projection,ons_npp,NPP-2024based-2026-04-28,sourced,
people.npp.hhh.net_migration,2058,UK,455.0,persons_k,projection,ons_npp,NPP-2024based-2026-04-28,sourced,
people.npp.hhh.net_migration,2059,UK,455.0,persons_k,projection,ons_npp,NPP-2024based-2026-04-28,sourced,
people.npp.hhh.net_migration,2060,UK,455.0,persons_k,projection,ons_npp,NPP-2024based-2026-04-28,sourced,
people.npp.hhh.net_migration,2061,UK,455.0,persons_k,projection,ons_npp,NPP-2024based-2026-04-28,sourced,
people.npp.hhh.net_migration,2062,UK,455.0,persons_k,projection,ons_npp,NPP-2024based-2026-04-28,sourced,
people.npp.hhh.net_migration,2063,UK,455.0,persons_k,projection,ons_npp,NPP-2024based-2026-04-28,sourced,
people.npp.hhh.net_migration,2064,UK,455.0,persons_k,projection,ons_npp,NPP-2024based-2026-04-28,sourced,
people.npp.hhh.net_migration,2065,UK,455.0,persons_k,projection,ons_npp,NPP-2024based-2026-04-28,sourced,
people.npp.hhh.net_migration,2066,UK,455.0,persons_k,projection,ons_npp,NPP-2024based-2026-04-28,sourced,
people.npp.hhh.net_migration,2067,UK,455.0,persons_k,projection,ons_npp,NPP-2024based-2026-04-28,sourced,
people.npp.hhh.net_migration,2068,UK,455.0,persons_k,projection,ons_npp,NPP-2024based-2026-04-28,sourced,
people.npp.hhh.net_migration,2069,UK,455.0,persons_k,projection,ons_npp,NPP-2024based-2026-04-28,sourced,
people.npp.hhh.net_migration,2070,UK,455.0,persons_k,projection,ons_npp,NPP-2024based-2026-04-28,sourced,
people.npp.hhh.net_migration,2071,UK,455.0,persons_k,projection,ons_npp,NPP-2024based-2026-04-28,sourced,
people.npp.hhh.net_migration,2072,UK,455.0,persons_k,projection,ons_npp,NPP-2024based-2026-04-28,sourced,
people.npp.hhh.net_migration,2073,UK,455.0,persons_k,projection,ons_npp,NPP-2024based-2026-04-28,sourced,
people.npp.hhh.net_migration,2074,UK,455.0,persons_k,projection,ons_npp,NPP-2024based-2026-04-28,sourced,
people.npp.hhh.net_migration,2075,UK,455.0,persons_k,projection,ons_npp,NPP-2024based-2026-04-28,sourced,
people.npp.hhh.oadr,2024,UK,279.682164,per_1000,outturn,ons_npp,NPP-2024based-2026-04-28,sourced,"Base year of the 2024-based projections: ONS mid-2024 population estimate. ONS: Children under 16, working age, and pensionable age populations are based on State Pension Age (SPA) for a given year. Women's SPA increased to 65 between April 2016 and November 2018. From December 2018, the SPA for both sexes increased to 66 by October 2020 (Pensions Act 2011). Between 2026 and 2028, the SPA will increase from 66 to 67 years for both sexes (Pensions Act 2014), and will increase to 68 between 2044 and 2046 (Pensions Act 2007)."
people.npp.hhh.oadr,2025,UK,284.391322,per_1000,projection,ons_npp,NPP-2024based-2026-04-28,sourced,
people.npp.hhh.oadr,2026,UK,285.1164,per_1000,projection,ons_npp,NPP-2024based-2026-04-28,sourced,
people.npp.hhh.oadr,2027,UK,277.403629,per_1000,projection,ons_npp,NPP-2024based-2026-04-28,sourced,
people.npp.hhh.oadr,2028,UK,273.146914,per_1000,projection,ons_npp,NPP-2024based-2026-04-28,sourced,
people.npp.hhh.oadr,2029,UK,277.455771,per_1000,projection,ons_npp,NPP-2024based-2026-04-28,sourced,
people.npp.hhh.oadr,2030,UK,282.133833,per_1000,projection,ons_npp,NPP-2024based-2026-04-28,sourced,
people.npp.hhh.oadr,2031,UK,287.030547,per_1000,projection,ons_npp,NPP-2024based-2026-04-28,sourced,
people.npp.hhh.oadr,2032,UK,291.861425,per_1000,projection,ons_npp,NPP-2024based-2026-04-28,sourced,
people.npp.hhh.oadr,2033,UK,296.364103,per_1000,projection,ons_npp,NPP-2024based-2026-04-28,sourced,
people.npp.hhh.oadr,2034,UK,300.752105,per_1000,projection,ons_npp,NPP-2024based-2026-04-28,sourced,
people.npp.hhh.oadr,2035,UK,304.752451,per_1000,projection,ons_npp,NPP-2024based-2026-04-28,sourced,
people.npp.hhh.oadr,2036,UK,308.598514,per_1000,projection,ons_npp,NPP-2024based-2026-04-28,sourced,
people.npp.hhh.oadr,2037,UK,311.813816,per_1000,projection,ons_npp,NPP-2024based-2026-04-28,sourced,
people.npp.hhh.oadr,2038,UK,315.315086,per_1000,projection,ons_npp,NPP-2024based-2026-04-28,sourced,
people.npp.hhh.oadr,2039,UK,318.004449,per_1000,projection,ons_npp,NPP-2024based-2026-04-28,sourced,
people.npp.hhh.oadr,2040,UK,319.82201,per_1000,projection,ons_npp,NPP-2024based-2026-04-28,sourced,
people.npp.hhh.oadr,2041,UK,320.814101,per_1000,projection,ons_npp,NPP-2024based-2026-04-28,sourced,
people.npp.hhh.oadr,2042,UK,321.364414,per_1000,projection,ons_npp,NPP-2024based-2026-04-28,sourced,
people.npp.hhh.oadr,2043,UK,321.451885,per_1000,projection,ons_npp,NPP-2024based-2026-04-28,sourced,
people.npp.hhh.oadr,2044,UK,318.050183,per_1000,projection,ons_npp,NPP-2024based-2026-04-28,sourced,
people.npp.hhh.oadr,2045,UK,308.160532,per_1000,projection,ons_npp,NPP-2024based-2026-04-28,sourced,
people.npp.hhh.oadr,2046,UK,301.250587,per_1000,projection,ons_npp,NPP-2024based-2026-04-28,sourced,
people.npp.hhh.oadr,2047,UK,302.516356,per_1000,projection,ons_npp,NPP-2024based-2026-04-28,sourced,
people.npp.hhh.oadr,2048,UK,304.577402,per_1000,projection,ons_npp,NPP-2024based-2026-04-28,sourced,
people.npp.hhh.oadr,2049,UK,306.54886,per_1000,projection,ons_npp,NPP-2024based-2026-04-28,sourced,
people.npp.hhh.oadr,2050,UK,308.291572,per_1000,projection,ons_npp,NPP-2024based-2026-04-28,sourced,
people.npp.hhh.oadr,2051,UK,310.143448,per_1000,projection,ons_npp,NPP-2024based-2026-04-28,sourced,
people.npp.hhh.oadr,2052,UK,311.959628,per_1000,projection,ons_npp,NPP-2024based-2026-04-28,sourced,
people.npp.hhh.oadr,2053,UK,314.406557,per_1000,projection,ons_npp,NPP-2024based-2026-04-28,sourced,
people.npp.hhh.oadr,2054,UK,316.950427,per_1000,projection,ons_npp,NPP-2024based-2026-04-28,sourced,
people.npp.hhh.oadr,2055,UK,319.627579,per_1000,projection,ons_npp,NPP-2024based-2026-04-28,sourced,
people.npp.hhh.oadr,2056,UK,322.800266,per_1000,projection,ons_npp,NPP-2024based-2026-04-28,sourced,
people.npp.hhh.oadr,2057,UK,325.788275,per_1000,projection,ons_npp,NPP-2024based-2026-04-28,sourced,
people.npp.hhh.oadr,2058,UK,329.012237,per_1000,projection,ons_npp,NPP-2024based-2026-04-28,sourced,
people.npp.hhh.oadr,2059,UK,332.401912,per_1000,projection,ons_npp,NPP-2024based-2026-04-28,sourced,
people.npp.hhh.oadr,2060,UK,335.657684,per_1000,projection,ons_npp,NPP-2024based-2026-04-28,sourced,
people.npp.hhh.oadr,2061,UK,338.566262,per_1000,projection,ons_npp,NPP-2024based-2026-04-28,sourced,
people.npp.hhh.oadr,2062,UK,341.683253,per_1000,projection,ons_npp,NPP-2024based-2026-04-28,sourced,
people.npp.hhh.oadr,2063,UK,344.585544,per_1000,projection,ons_npp,NPP-2024based-2026-04-28,sourced,
people.npp.hhh.oadr,2064,UK,347.55247,per_1000,projection,ons_npp,NPP-2024based-2026-04-28,sourced,
people.npp.hhh.oadr,2065,UK,351.137815,per_1000,projection,ons_npp,NPP-2024based-2026-04-28,sourced,
people.npp.hhh.oadr,2066,UK,354.604407,per_1000,projection,ons_npp,NPP-2024based-2026-04-28,sourced,
people.npp.hhh.oadr,2067,UK,357.951263,per_1000,projection,ons_npp,NPP-2024based-2026-04-28,sourced,
people.npp.hhh.oadr,2068,UK,360.638744,per_1000,projection,ons_npp,NPP-2024based-2026-04-28,sourced,
people.npp.hhh.oadr,2069,UK,362.824884,per_1000,projection,ons_npp,NPP-2024based-2026-04-28,sourced,
people.npp.hhh.oadr,2070,UK,365.034806,per_1000,projection,ons_npp,NPP-2024based-2026-04-28,sourced,
people.npp.hhh.oadr,2071,UK,367.666938,per_1000,projection,ons_npp,NPP-2024based-2026-04-28,sourced,
people.npp.hhh.oadr,2072,UK,370.899798,per_1000,projection,ons_npp,NPP-2024based-2026-04-28,sourced,
people.npp.hhh.oadr,2073,UK,374.707377,per_1000,projection,ons_npp,NPP-2024based-2026-04-28,sourced,
people.npp.hhh.oadr,2074,UK,378.807072,per_1000,projection,ons_npp,NPP-2024based-2026-04-28,sourced,
people.npp.hhh.oadr,2075,UK,383.44276,per_1000,projection,ons_npp,NPP-2024based-2026-04-28,sourced,
people.npp.hhh.pension_age,2024,UK,12388.913,persons_k,outturn,ons_npp,NPP-2024based-2026-04-28,sourced,"Base year of the 2024-based projections: ONS mid-2024 population estimate. ONS: Children under 16, working age, and pensionable age populations are based on State Pension Age (SPA) for a given year. Women's SPA increased to 65 between April 2016 and November 2018. From December 2018, the SPA for both sexes increased to 66 by October 2020 (Pensions Act 2011). Between 2026 and 2028, the SPA will increase from 66 to 67 years for both sexes (Pensions Act 2014), and will increase to 68 between 2044 and 2046 (Pensions Act 2007)."
people.npp.hhh.pension_age,2025,UK,12633.51,persons_k,projection,ons_npp,NPP-2024based-2026-04-28,sourced,
people.npp.hhh.pension_age,2026,UK,12747.67088,persons_k,projection,ons_npp,NPP-2024based-2026-04-28,sourced,
people.npp.hhh.pension_age,2027,UK,12602.123332,persons_k,projection,ons_npp,NPP-2024based-2026-04-28,sourced,
people.npp.hhh.pension_age,2028,UK,12573.074,persons_k,projection,ons_npp,NPP-2024based-2026-04-28,sourced,
people.npp.hhh.pension_age,2029,UK,12847.999,persons_k,projection,ons_npp,NPP-2024based-2026-04-28,sourced,
people.npp.hhh.pension_age,2030,UK,13133.605,persons_k,projection,ons_npp,NPP-2024based-2026-04-28,sourced,
people.npp.hhh.pension_age,2031,UK,13427.694,persons_k,projection,ons_npp,NPP-2024based-2026-04-28,sourced,
people.npp.hhh.pension_age,2032,UK,13721.822,persons_k,projection,ons_npp,NPP-2024based-2026-04-28,sourced,
people.npp.hhh.pension_age,2033,UK,14000.071,persons_k,projection,ons_npp,NPP-2024based-2026-04-28,sourced,
people.npp.hhh.pension_age,2034,UK,14270.888,persons_k,projection,ons_npp,NPP-2024based-2026-04-28,sourced,
people.npp.hhh.pension_age,2035,UK,14526.149,persons_k,projection,ons_npp,NPP-2024based-2026-04-28,sourced,
people.npp.hhh.pension_age,2036,UK,14772.938,persons_k,projection,ons_npp,NPP-2024based-2026-04-28,sourced,
people.npp.hhh.pension_age,2037,UK,14990.892,persons_k,projection,ons_npp,NPP-2024based-2026-04-28,sourced,
people.npp.hhh.pension_age,2038,UK,15221.044,persons_k,projection,ons_npp,NPP-2024based-2026-04-28,sourced,
people.npp.hhh.pension_age,2039,UK,15412.672,persons_k,projection,ons_npp,NPP-2024based-2026-04-28,sourced,
people.npp.hhh.pension_age,2040,UK,15568.488,persons_k,projection,ons_npp,NPP-2024based-2026-04-28,sourced,
people.npp.hhh.pension_age,2041,UK,15690.189,persons_k,projection,ons_npp,NPP-2024based-2026-04-28,sourced,
people.npp.hhh.pension_age,2042,UK,15799.346,persons_k,projection,ons_npp,NPP-2024based-2026-04-28,sourced,
people.npp.hhh.pension_age,2043,UK,15892.695,persons_k,projection,ons_npp,NPP-2024based-2026-04-28,sourced,
people.npp.hhh.pension_age,2044,UK,15856.108855,persons_k,projection,ons_npp,NPP-2024based-2026-04-28,sourced,
people.npp.hhh.pension_age,2045,UK,15569.719288,persons_k,projection,ons_npp,NPP-2024based-2026-04-28,sourced,
people.npp.hhh.pension_age,2046,UK,15392.055,persons_k,projection,ons_npp,NPP-2024based-2026-04-28,sourced,
people.npp.hhh.pension_age,2047,UK,15534.302,persons_k,projection,ons_npp,NPP-2024based-2026-04-28,sourced,
people.npp.hhh.pension_age,2048,UK,15710.057,persons_k,projection,ons_npp,NPP-2024based-2026-04-28,sourced,
people.npp.hhh.pension_age,2049,UK,15884.434,persons_k,projection,ons_npp,NPP-2024based-2026-04-28,sourced,
people.npp.hhh.pension_age,2050,UK,16051.829,persons_k,projection,ons_npp,NPP-2024based-2026-04-28,sourced,
people.npp.hhh.pension_age,2051,UK,16225.629,persons_k,projection,ons_npp,NPP-2024based-2026-04-28,sourced,
people.npp.hhh.pension_age,2052,UK,16400.204,persons_k,projection,ons_npp,NPP-2024based-2026-04-28,sourced,
people.npp.hhh.pension_age,2053,UK,16602.425,persons_k,projection,ons_npp,NPP-2024based-2026-04-28,sourced,
people.npp.hhh.pension_age,2054,UK,16811.063,persons_k,projection,ons_npp,NPP-2024based-2026-04-28,sourced,
people.npp.hhh.pension_age,2055,UK,17027.683,persons_k,projection,ons_npp,NPP-2024based-2026-04-28,sourced,
people.npp.hhh.pension_age,2056,UK,17266.931,persons_k,projection,ons_npp,NPP-2024based-2026-04-28,sourced,
people.npp.hhh.pension_age,2057,UK,17501.179,persons_k,projection,ons_npp,NPP-2024based-2026-04-28,sourced,
people.npp.hhh.pension_age,2058,UK,17747.282,persons_k,projection,ons_npp,NPP-2024based-2026-04-28,sourced,
people.npp.hhh.pension_age,2059,UK,18002.253,persons_k,projection,ons_npp,NPP-2024based-2026-04-28,sourced,
people.npp.hhh.pension_age,2060,UK,18253.708,persons_k,projection,ons_npp,NPP-2024based-2026-04-28,sourced,
people.npp.hhh.pension_age,2061,UK,18492.669,persons_k,projection,ons_npp,NPP-2024based-2026-04-28,sourced,
people.npp.hhh.pension_age,2062,UK,18741.499,persons_k,projection,ons_npp,NPP-2024based-2026-04-28,sourced,
people.npp.hhh.pension_age,2063,UK,18982.78,persons_k,projection,ons_npp,NPP-2024based-2026-04-28,sourced,
people.npp.hhh.pension_age,2064,UK,19227.776,persons_k,projection,ons_npp,NPP-2024based-2026-04-28,sourced,
people.npp.hhh.pension_age,2065,UK,19499.086,persons_k,projection,ons_npp,NPP-2024based-2026-04-28,sourced,
people.npp.hhh.pension_age,2066,UK,19766.072,persons_k,projection,ons_npp,NPP-2024based-2026-04-28,sourced,
people.npp.hhh.pension_age,2067,UK,20028.272,persons_k,projection,ons_npp,NPP-2024based-2026-04-28,sourced,
people.npp.hhh.pension_age,2068,UK,20263.208,persons_k,projection,ons_npp,NPP-2024based-2026-04-28,sourced,
people.npp.hhh.pension_age,2069,UK,20477.068,persons_k,projection,ons_npp,NPP-2024based-2026-04-28,sourced,
people.npp.hhh.pension_age,2070,UK,20691.288,persons_k,projection,ons_npp,NPP-2024based-2026-04-28,sourced,
people.npp.hhh.pension_age,2071,UK,20922.332,persons_k,projection,ons_npp,NPP-2024based-2026-04-28,sourced,
people.npp.hhh.pension_age,2072,UK,21177.706,persons_k,projection,ons_npp,NPP-2024based-2026-04-28,sourced,
people.npp.hhh.pension_age,2073,UK,21456.45,persons_k,projection,ons_npp,NPP-2024based-2026-04-28,sourced,
people.npp.hhh.pension_age,2074,UK,21746.831,persons_k,projection,ons_npp,NPP-2024based-2026-04-28,sourced,
people.npp.hhh.pension_age,2075,UK,22058.998,persons_k,projection,ons_npp,NPP-2024based-2026-04-28,sourced,
people.npp.hhh.population,2024,UK,69281.437,persons_k,outturn,ons_npp,NPP-2024based-2026-04-28,sourced,Base year of the 2024-based projections: ONS mid-2024 population estimate.
people.npp.hhh.population,2025,UK,69502.339,persons_k,projection,ons_npp,NPP-2024based-2026-04-28,sourced,
people.npp.hhh.population,2026,UK,69777.899,persons_k,projection,ons_npp,NPP-2024based-2026-04-28,sourced,
people.npp.hhh.population,2027,UK,70239.875,persons_k,projection,ons_npp,NPP-2024based-2026-04-28,sourced,
people.npp.hhh.population,2028,UK,70706.881,persons_k,projection,ons_npp,NPP-2024based-2026-04-28,sourced,
people.npp.hhh.population,2029,UK,71178.216,persons_k,projection,ons_npp,NPP-2024based-2026-04-28,sourced,
people.npp.hhh.population,2030,UK,71653.429,persons_k,projection,ons_npp,NPP-2024based-2026-04-28,sourced,
people.npp.hhh.population,2031,UK,72132.093,persons_k,projection,ons_npp,NPP-2024based-2026-04-28,sourced,
people.npp.hhh.population,2032,UK,72613.599,persons_k,projection,ons_npp,NPP-2024based-2026-04-28,sourced,
people.npp.hhh.population,2033,UK,73097.721,persons_k,projection,ons_npp,NPP-2024based-2026-04-28,sourced,
people.npp.hhh.population,2034,UK,73584.438,persons_k,projection,ons_npp,NPP-2024based-2026-04-28,sourced,
people.npp.hhh.population,2035,UK,74074.049,persons_k,projection,ons_npp,NPP-2024based-2026-04-28,sourced,
people.npp.hhh.population,2036,UK,74567.512,persons_k,projection,ons_npp,NPP-2024based-2026-04-28,sourced,
people.npp.hhh.population,2037,UK,75065.568,persons_k,projection,ons_npp,NPP-2024based-2026-04-28,sourced,
people.npp.hhh.population,2038,UK,75568.825,persons_k,projection,ons_npp,NPP-2024based-2026-04-28,sourced,
people.npp.hhh.population,2039,UK,76077.718,persons_k,projection,ons_npp,NPP-2024based-2026-04-28,sourced,
people.npp.hhh.population,2040,UK,76592.287,persons_k,projection,ons_npp,NPP-2024based-2026-04-28,sourced,
people.npp.hhh.population,2041,UK,77111.875,persons_k,projection,ons_npp,NPP-2024based-2026-04-28,sourced,
people.npp.hhh.population,2042,UK,77635.644,persons_k,projection,ons_npp,NPP-2024based-2026-04-28,sourced,
people.npp.hhh.population,2043,UK,78162.8,persons_k,projection,ons_npp,NPP-2024based-2026-04-28,sourced,
people.npp.hhh.population,2044,UK,78692.228,persons_k,projection,ons_npp,NPP-2024based-2026-04-28,sourced,
people.npp.hhh.population,2045,UK,79222.55,persons_k,projection,ons_npp,NPP-2024based-2026-04-28,sourced,
people.npp.hhh.population,2046,UK,79752.449,persons_k,projection,ons_npp,NPP-2024based-2026-04-28,sourced,
people.npp.hhh.population,2047,UK,80280.945,persons_k,projection,ons_npp,NPP-2024based-2026-04-28,sourced,
people.npp.hhh.population,2048,UK,80807.053,persons_k,projection,ons_npp,NPP-2024based-2026-04-28,sourced,
people.npp.hhh.population,2049,UK,81329.627,persons_k,projection,ons_npp,NPP-2024based-2026-04-28,sourced,
people.npp.hhh.population,2050,UK,81846.85,persons_k,projection,ons_npp,NPP-2024based-2026-04-28,sourced,
people.npp.hhh.population,2051,UK,82357.062,persons_k,projection,ons_npp,NPP-2024based-2026-04-28,sourced,
people.npp.hhh.population,2052,UK,82859.72,persons_k,projection,ons_npp,NPP-2024based-2026-04-28,sourced,
people.npp.hhh.population,2053,UK,83354.471,persons_k,projection,ons_npp,NPP-2024based-2026-04-28,sourced,
people.npp.hhh.population,2054,UK,83841.146,persons_k,projection,ons_npp,NPP-2024based-2026-04-28,sourced,
people.npp.hhh.population,2055,UK,84320.181,persons_k,projection,ons_npp,NPP-2024based-2026-04-28,sourced,
people.npp.hhh.population,2056,UK,84792.632,persons_k,projection,ons_npp,NPP-2024based-2026-04-28,sourced,
people.npp.hhh.population,2057,UK,85259.993,persons_k,projection,ons_npp,NPP-2024based-2026-04-28,sourced,
people.npp.hhh.population,2058,UK,85723.763,persons_k,projection,ons_npp,NPP-2024based-2026-04-28,sourced,
people.npp.hhh.population,2059,UK,86185.456,persons_k,projection,ons_npp,NPP-2024based-2026-04-28,sourced,
people.npp.hhh.population,2060,UK,86646.708,persons_k,projection,ons_npp,NPP-2024based-2026-04-28,sourced,
people.npp.hhh.population,2061,UK,87109.185,persons_k,projection,ons_npp,NPP-2024based-2026-04-28,sourced,
people.npp.hhh.population,2062,UK,87574.395,persons_k,projection,ons_npp,NPP-2024based-2026-04-28,sourced,
people.npp.hhh.population,2063,UK,88043.457,persons_k,projection,ons_npp,NPP-2024based-2026-04-28,sourced,
people.npp.hhh.population,2064,UK,88517.122,persons_k,projection,ons_npp,NPP-2024based-2026-04-28,sourced,
people.npp.hhh.population,2065,UK,88996.129,persons_k,projection,ons_npp,NPP-2024based-2026-04-28,sourced,
people.npp.hhh.population,2066,UK,89481.054,persons_k,projection,ons_npp,NPP-2024based-2026-04-28,sourced,
people.npp.hhh.population,2067,UK,89972.227,persons_k,projection,ons_npp,NPP-2024based-2026-04-28,sourced,
people.npp.hhh.population,2068,UK,90469.62,persons_k,projection,ons_npp,NPP-2024based-2026-04-28,sourced,
people.npp.hhh.population,2069,UK,90972.898,persons_k,projection,ons_npp,NPP-2024based-2026-04-28,sourced,
people.npp.hhh.population,2070,UK,91481.341,persons_k,projection,ons_npp,NPP-2024based-2026-04-28,sourced,
people.npp.hhh.population,2071,UK,91994.085,persons_k,projection,ons_npp,NPP-2024based-2026-04-28,sourced,
people.npp.hhh.population,2072,UK,92509.993,persons_k,projection,ons_npp,NPP-2024based-2026-04-28,sourced,
people.npp.hhh.population,2073,UK,93027.817,persons_k,projection,ons_npp,NPP-2024based-2026-04-28,sourced,
people.npp.hhh.population,2074,UK,93546.223,persons_k,projection,ons_npp,NPP-2024based-2026-04-28,sourced,
people.npp.hhh.population,2075,UK,94063.835,persons_k,projection,ons_npp,NPP-2024based-2026-04-28,sourced,
people.npp.hhh.tfr,2025,UK,1.3894,children_per_woman,projection,ons_npp,NPP-2024based-2026-04-28,sourced,
people.npp.hhh.tfr,2026,UK,1.42729,children_per_woman,projection,ons_npp,NPP-2024based-2026-04-28,sourced,
people.npp.hhh.tfr,2027,UK,1.443387,children_per_woman,projection,ons_npp,NPP-2024based-2026-04-28,sourced,
people.npp.hhh.tfr,2028,UK,1.459452,children_per_woman,projection,ons_npp,NPP-2024based-2026-04-28,sourced,
people.npp.hhh.tfr,2029,UK,1.475603,children_per_woman,projection,ons_npp,NPP-2024based-2026-04-28,sourced,
people.npp.hhh.tfr,2030,UK,1.491798,children_per_woman,projection,ons_npp,NPP-2024based-2026-04-28,sourced,
people.npp.hhh.tfr,2031,UK,1.507455,children_per_woman,projection,ons_npp,NPP-2024based-2026-04-28,sourced,
people.npp.hhh.tfr,2032,UK,1.521587,children_per_woman,projection,ons_npp,NPP-2024based-2026-04-28,sourced,
people.npp.hhh.tfr,2033,UK,1.534267,children_per_woman,projection,ons_npp,NPP-2024based-2026-04-28,sourced,
people.npp.hhh.tfr,2034,UK,1.545423,children_per_woman,projection,ons_npp,NPP-2024based-2026-04-28,sourced,
people.npp.hhh.tfr,2035,UK,1.555118,children_per_woman,projection,ons_npp,NPP-2024based-2026-04-28,sourced,
people.npp.hhh.tfr,2036,UK,1.564302,children_per_woman,projection,ons_npp,NPP-2024based-2026-04-28,sourced,
people.npp.hhh.tfr,2037,UK,1.572485,children_per_woman,projection,ons_npp,NPP-2024based-2026-04-28,sourced,
people.npp.hhh.tfr,2038,UK,1.579686,children_per_woman,projection,ons_npp,NPP-2024based-2026-04-28,sourced,
people.npp.hhh.tfr,2039,UK,1.586396,children_per_woman,projection,ons_npp,NPP-2024based-2026-04-28,sourced,
people.npp.hhh.tfr,2040,UK,1.592606,children_per_woman,projection,ons_npp,NPP-2024based-2026-04-28,sourced,
people.npp.hhh.tfr,2041,UK,1.597822,children_per_woman,projection,ons_npp,NPP-2024based-2026-04-28,sourced,
people.npp.hhh.tfr,2042,UK,1.602003,children_per_woman,projection,ons_npp,NPP-2024based-2026-04-28,sourced,
people.npp.hhh.tfr,2043,UK,1.605549,children_per_woman,projection,ons_npp,NPP-2024based-2026-04-28,sourced,
people.npp.hhh.tfr,2044,UK,1.608738,children_per_woman,projection,ons_npp,NPP-2024based-2026-04-28,sourced,
people.npp.hhh.tfr,2045,UK,1.611301,children_per_woman,projection,ons_npp,NPP-2024based-2026-04-28,sourced,
people.npp.hhh.tfr,2046,UK,1.613049,children_per_woman,projection,ons_npp,NPP-2024based-2026-04-28,sourced,
people.npp.hhh.tfr,2047,UK,1.614941,children_per_woman,projection,ons_npp,NPP-2024based-2026-04-28,sourced,
people.npp.hhh.tfr,2048,UK,1.616958,children_per_woman,projection,ons_npp,NPP-2024based-2026-04-28,sourced,
people.npp.hhh.tfr,2049,UK,1.619097,children_per_woman,projection,ons_npp,NPP-2024based-2026-04-28,sourced,
people.npp.hhh.tfr,2050,UK,1.620185,children_per_woman,projection,ons_npp,NPP-2024based-2026-04-28,sourced,
people.npp.hhh.tfr,2051,UK,1.620174,children_per_woman,projection,ons_npp,NPP-2024based-2026-04-28,sourced,
people.npp.hhh.tfr,2052,UK,1.620166,children_per_woman,projection,ons_npp,NPP-2024based-2026-04-28,sourced,
people.npp.hhh.tfr,2053,UK,1.62016,children_per_woman,projection,ons_npp,NPP-2024based-2026-04-28,sourced,
people.npp.hhh.tfr,2054,UK,1.620161,children_per_woman,projection,ons_npp,NPP-2024based-2026-04-28,sourced,
people.npp.hhh.tfr,2055,UK,1.620179,children_per_woman,projection,ons_npp,NPP-2024based-2026-04-28,sourced,
people.npp.hhh.tfr,2056,UK,1.620172,children_per_woman,projection,ons_npp,NPP-2024based-2026-04-28,sourced,
people.npp.hhh.tfr,2057,UK,1.62018,children_per_woman,projection,ons_npp,NPP-2024based-2026-04-28,sourced,
people.npp.hhh.tfr,2058,UK,1.620191,children_per_woman,projection,ons_npp,NPP-2024based-2026-04-28,sourced,
people.npp.hhh.tfr,2059,UK,1.620199,children_per_woman,projection,ons_npp,NPP-2024based-2026-04-28,sourced,
people.npp.hhh.tfr,2060,UK,1.620222,children_per_woman,projection,ons_npp,NPP-2024based-2026-04-28,sourced,
people.npp.hhh.tfr,2061,UK,1.620232,children_per_woman,projection,ons_npp,NPP-2024based-2026-04-28,sourced,
people.npp.hhh.tfr,2062,UK,1.620253,children_per_woman,projection,ons_npp,NPP-2024based-2026-04-28,sourced,
people.npp.hhh.tfr,2063,UK,1.620251,children_per_woman,projection,ons_npp,NPP-2024based-2026-04-28,sourced,
people.npp.hhh.tfr,2064,UK,1.620261,children_per_woman,projection,ons_npp,NPP-2024based-2026-04-28,sourced,
people.npp.hhh.tfr,2065,UK,1.620259,children_per_woman,projection,ons_npp,NPP-2024based-2026-04-28,sourced,
people.npp.hhh.tfr,2066,UK,1.62028,children_per_woman,projection,ons_npp,NPP-2024based-2026-04-28,sourced,
people.npp.hhh.tfr,2067,UK,1.620296,children_per_woman,projection,ons_npp,NPP-2024based-2026-04-28,sourced,
people.npp.hhh.tfr,2068,UK,1.620286,children_per_woman,projection,ons_npp,NPP-2024based-2026-04-28,sourced,
people.npp.hhh.tfr,2069,UK,1.620287,children_per_woman,projection,ons_npp,NPP-2024based-2026-04-28,sourced,
people.npp.hhh.tfr,2070,UK,1.620295,children_per_woman,projection,ons_npp,NPP-2024based-2026-04-28,sourced,
people.npp.hhh.tfr,2071,UK,1.620315,children_per_woman,projection,ons_npp,NPP-2024based-2026-04-28,sourced,
people.npp.hhh.tfr,2072,UK,1.620327,children_per_woman,projection,ons_npp,NPP-2024based-2026-04-28,sourced,
people.npp.hhh.tfr,2073,UK,1.620332,children_per_woman,projection,ons_npp,NPP-2024based-2026-04-28,sourced,
people.npp.hhh.tfr,2074,UK,1.620335,children_per_woman,projection,ons_npp,NPP-2024based-2026-04-28,sourced,
people.npp.hhh.tfr,2075,UK,1.62035,children_per_woman,projection,ons_npp,NPP-2024based-2026-04-28,sourced,
people.npp.hhh.working_age,2024,UK,44296.4,persons_k,outturn,ons_npp,NPP-2024based-2026-04-28,sourced,"Base year of the 2024-based projections: ONS mid-2024 population estimate. ONS: Children under 16, working age, and pensionable age populations are based on State Pension Age (SPA) for a given year. Women's SPA increased to 65 between April 2016 and November 2018. From December 2018, the SPA for both sexes increased to 66 by October 2020 (Pensions Act 2011). Between 2026 and 2028, the SPA will increase from 66 to 67 years for both sexes (Pensions Act 2014), and will increase to 68 between 2044 and 2046 (Pensions Act 2007)."
people.npp.hhh.working_age,2025,UK,44422.98,persons_k,projection,ons_npp,NPP-2024based-2026-04-28,sourced,
people.npp.hhh.working_age,2026,UK,44710.40912,persons_k,projection,ons_npp,NPP-2024based-2026-04-28,sourced,
people.npp.hhh.working_age,2027,UK,45428.833668,persons_k,projection,ons_npp,NPP-2024based-2026-04-28,sourced,
people.npp.hhh.working_age,2028,UK,46030.445,persons_k,projection,ons_npp,NPP-2024based-2026-04-28,sourced,
people.npp.hhh.working_age,2029,UK,46306.476,persons_k,projection,ons_npp,NPP-2024based-2026-04-28,sourced,
people.npp.hhh.working_age,2030,UK,46550.975,persons_k,projection,ons_npp,NPP-2024based-2026-04-28,sourced,
people.npp.hhh.working_age,2031,UK,46781.411,persons_k,projection,ons_npp,NPP-2024based-2026-04-28,sourced,
people.npp.hhh.working_age,2032,UK,47014.853,persons_k,projection,ons_npp,NPP-2024based-2026-04-28,sourced,
people.npp.hhh.working_age,2033,UK,47239.429,persons_k,projection,ons_npp,NPP-2024based-2026-04-28,sourced,
people.npp.hhh.working_age,2034,UK,47450.667,persons_k,projection,ons_npp,NPP-2024based-2026-04-28,sourced,
people.npp.hhh.working_age,2035,UK,47665.405,persons_k,projection,ons_npp,NPP-2024based-2026-04-28,sourced,
people.npp.hhh.working_age,2036,UK,47871.06,persons_k,projection,ons_npp,NPP-2024based-2026-04-28,sourced,
people.npp.hhh.working_age,2037,UK,48076.42,persons_k,projection,ons_npp,NPP-2024based-2026-04-28,sourced,
people.npp.hhh.working_age,2038,UK,48272.489,persons_k,projection,ons_npp,NPP-2024based-2026-04-28,sourced,
people.npp.hhh.working_age,2039,UK,48466.844,persons_k,projection,ons_npp,NPP-2024based-2026-04-28,sourced,
people.npp.hhh.working_age,2040,UK,48678.601,persons_k,projection,ons_npp,NPP-2024based-2026-04-28,sourced,
people.npp.hhh.working_age,2041,UK,48907.417,persons_k,projection,ons_npp,NPP-2024based-2026-04-28,sourced,
people.npp.hhh.working_age,2042,UK,49163.334,persons_k,projection,ons_npp,NPP-2024based-2026-04-28,sourced,
people.npp.hhh.working_age,2043,UK,49440.354,persons_k,projection,ons_npp,NPP-2024based-2026-04-28,sourced,
people.npp.hhh.working_age,2044,UK,49854.110145,persons_k,projection,ons_npp,NPP-2024based-2026-04-28,sourced,
people.npp.hhh.working_age,2045,UK,50524.702712,persons_k,projection,ons_npp,NPP-2024based-2026-04-28,sourced,
people.npp.hhh.working_age,2046,UK,51093.859,persons_k,projection,ons_npp,NPP-2024based-2026-04-28,sourced,
people.npp.hhh.working_age,2047,UK,51350.288,persons_k,projection,ons_npp,NPP-2024based-2026-04-28,sourced,
people.npp.hhh.working_age,2048,UK,51579.851,persons_k,projection,ons_npp,NPP-2024based-2026-04-28,sourced,
people.npp.hhh.working_age,2049,UK,51816.973,persons_k,projection,ons_npp,NPP-2024based-2026-04-28,sourced,
people.npp.hhh.working_age,2050,UK,52067.038,persons_k,projection,ons_npp,NPP-2024based-2026-04-28,sourced,
people.npp.hhh.working_age,2051,UK,52316.53,persons_k,projection,ons_npp,NPP-2024based-2026-04-28,sourced,
people.npp.hhh.working_age,2052,UK,52571.559,persons_k,projection,ons_npp,NPP-2024based-2026-04-28,sourced,
people.npp.hhh.working_age,2053,UK,52805.594,persons_k,projection,ons_npp,NPP-2024based-2026-04-28,sourced,
people.npp.hhh.working_age,2054,UK,53040.039,persons_k,projection,ons_npp,NPP-2024based-2026-04-28,sourced,
people.npp.hhh.working_age,2055,UK,53273.51,persons_k,projection,ons_npp,NPP-2024based-2026-04-28,sourced,
people.npp.hhh.working_age,2056,UK,53491.068,persons_k,projection,ons_npp,NPP-2024based-2026-04-28,sourced,
people.npp.hhh.working_age,2057,UK,53719.487,persons_k,projection,ons_npp,NPP-2024based-2026-04-28,sourced,
people.npp.hhh.working_age,2058,UK,53941.1,persons_k,projection,ons_npp,NPP-2024based-2026-04-28,sourced,
people.npp.hhh.working_age,2059,UK,54158.091,persons_k,projection,ons_npp,NPP-2024based-2026-04-28,sourced,
people.npp.hhh.working_age,2060,UK,54381.916,persons_k,projection,ons_npp,NPP-2024based-2026-04-28,sourced,
people.npp.hhh.working_age,2061,UK,54620.531,persons_k,projection,ons_npp,NPP-2024based-2026-04-28,sourced,
people.npp.hhh.working_age,2062,UK,54850.505,persons_k,projection,ons_npp,NPP-2024based-2026-04-28,sourced,
people.npp.hhh.working_age,2063,UK,55088.73,persons_k,projection,ons_npp,NPP-2024based-2026-04-28,sourced,
people.npp.hhh.working_age,2064,UK,55323.376,persons_k,projection,ons_npp,NPP-2024based-2026-04-28,sourced,
people.npp.hhh.working_age,2065,UK,55531.148,persons_k,projection,ons_npp,NPP-2024based-2026-04-28,sourced,
people.npp.hhh.working_age,2066,UK,55741.191,persons_k,projection,ons_npp,NPP-2024based-2026-04-28,sourced,
people.npp.hhh.working_age,2067,UK,55952.511,persons_k,projection,ons_npp,NPP-2024based-2026-04-28,sourced,
people.npp.hhh.working_age,2068,UK,56186.997,persons_k,projection,ons_npp,NPP-2024based-2026-04-28,sourced,
people.npp.hhh.working_age,2069,UK,56437.882,persons_k,projection,ons_npp,NPP-2024based-2026-04-28,sourced,
people.npp.hhh.working_age,2070,UK,56683.055,persons_k,projection,ons_npp,NPP-2024based-2026-04-28,sourced,
people.npp.hhh.working_age,2071,UK,56905.666,persons_k,projection,ons_npp,NPP-2024based-2026-04-28,sourced,
people.npp.hhh.working_age,2072,UK,57098.187,persons_k,projection,ons_npp,NPP-2024based-2026-04-28,sourced,
people.npp.hhh.working_age,2073,UK,57261.883,persons_k,projection,ons_npp,NPP-2024based-2026-04-28,sourced,
people.npp.hhh.working_age,2074,UK,57408.725,persons_k,projection,ons_npp,NPP-2024based-2026-04-28,sourced,
people.npp.hhh.working_age,2075,UK,57528.79,persons_k,projection,ons_npp,NPP-2024based-2026-04-28,sourced,
people.npp.hlh.births,2025,UK,651.889,persons_k,projection,ons_npp,NPP-2024based-2026-04-28,sourced,
people.npp.hlh.births,2026,UK,668.331,persons_k,projection,ons_npp,NPP-2024based-2026-04-28,sourced,
people.npp.hlh.births,2027,UK,676.545,persons_k,projection,ons_npp,NPP-2024based-2026-04-28,sourced,
people.npp.hlh.births,2028,UK,686.451,persons_k,projection,ons_npp,NPP-2024based-2026-04-28,sourced,
people.npp.hlh.births,2029,UK,696.427,persons_k,projection,ons_npp,NPP-2024based-2026-04-28,sourced,
people.npp.hlh.births,2030,UK,706.513,persons_k,projection,ons_npp,NPP-2024based-2026-04-28,sourced,
people.npp.hlh.births,2031,UK,716.563,persons_k,projection,ons_npp,NPP-2024based-2026-04-28,sourced,
people.npp.hlh.births,2032,UK,726.235,persons_k,projection,ons_npp,NPP-2024based-2026-04-28,sourced,
people.npp.hlh.births,2033,UK,735.728,persons_k,projection,ons_npp,NPP-2024based-2026-04-28,sourced,
people.npp.hlh.births,2034,UK,745.244,persons_k,projection,ons_npp,NPP-2024based-2026-04-28,sourced,
people.npp.hlh.births,2035,UK,754.897,persons_k,projection,ons_npp,NPP-2024based-2026-04-28,sourced,
people.npp.hlh.births,2036,UK,765.243,persons_k,projection,ons_npp,NPP-2024based-2026-04-28,sourced,
people.npp.hlh.births,2037,UK,776.022,persons_k,projection,ons_npp,NPP-2024based-2026-04-28,sourced,
people.npp.hlh.births,2038,UK,787.034,persons_k,projection,ons_npp,NPP-2024based-2026-04-28,sourced,
people.npp.hlh.births,2039,UK,798.085,persons_k,projection,ons_npp,NPP-2024based-2026-04-28,sourced,
people.npp.hlh.births,2040,UK,808.611,persons_k,projection,ons_npp,NPP-2024based-2026-04-28,sourced,
people.npp.hlh.births,2041,UK,817.965,persons_k,projection,ons_npp,NPP-2024based-2026-04-28,sourced,
people.npp.hlh.births,2042,UK,826.019,persons_k,projection,ons_npp,NPP-2024based-2026-04-28,sourced,
people.npp.hlh.births,2043,UK,832.812,persons_k,projection,ons_npp,NPP-2024based-2026-04-28,sourced,
people.npp.hlh.births,2044,UK,838.188,persons_k,projection,ons_npp,NPP-2024based-2026-04-28,sourced,
people.npp.hlh.births,2045,UK,841.994,persons_k,projection,ons_npp,NPP-2024based-2026-04-28,sourced,
people.npp.hlh.births,2046,UK,844.328,persons_k,projection,ons_npp,NPP-2024based-2026-04-28,sourced,
people.npp.hlh.births,2047,UK,845.761,persons_k,projection,ons_npp,NPP-2024based-2026-04-28,sourced,
people.npp.hlh.births,2048,UK,846.365,persons_k,projection,ons_npp,NPP-2024based-2026-04-28,sourced,
people.npp.hlh.births,2049,UK,846.096,persons_k,projection,ons_npp,NPP-2024based-2026-04-28,sourced,
people.npp.hlh.births,2050,UK,844.255,persons_k,projection,ons_npp,NPP-2024based-2026-04-28,sourced,
people.npp.hlh.births,2051,UK,841.037,persons_k,projection,ons_npp,NPP-2024based-2026-04-28,sourced,
people.npp.hlh.births,2052,UK,837.466,persons_k,projection,ons_npp,NPP-2024based-2026-04-28,sourced,
people.npp.hlh.births,2053,UK,833.64,persons_k,projection,ons_npp,NPP-2024based-2026-04-28,sourced,
people.npp.hlh.births,2054,UK,829.711,persons_k,projection,ons_npp,NPP-2024based-2026-04-28,sourced,
people.npp.hlh.births,2055,UK,826.072,persons_k,projection,ons_npp,NPP-2024based-2026-04-28,sourced,
people.npp.hlh.births,2056,UK,823.263,persons_k,projection,ons_npp,NPP-2024based-2026-04-28,sourced,
people.npp.hlh.births,2057,UK,821.63,persons_k,projection,ons_npp,NPP-2024based-2026-04-28,sourced,
people.npp.hlh.births,2058,UK,821.019,persons_k,projection,ons_npp,NPP-2024based-2026-04-28,sourced,
people.npp.hlh.births,2059,UK,821.473,persons_k,projection,ons_npp,NPP-2024based-2026-04-28,sourced,
people.npp.hlh.births,2060,UK,823.076,persons_k,projection,ons_npp,NPP-2024based-2026-04-28,sourced,
people.npp.hlh.births,2061,UK,825.812,persons_k,projection,ons_npp,NPP-2024based-2026-04-28,sourced,
people.npp.hlh.births,2062,UK,829.653,persons_k,projection,ons_npp,NPP-2024based-2026-04-28,sourced,
people.npp.hlh.births,2063,UK,834.231,persons_k,projection,ons_npp,NPP-2024based-2026-04-28,sourced,
people.npp.hlh.births,2064,UK,839.305,persons_k,projection,ons_npp,NPP-2024based-2026-04-28,sourced,
people.npp.hlh.births,2065,UK,844.934,persons_k,projection,ons_npp,NPP-2024based-2026-04-28,sourced,
people.npp.hlh.births,2066,UK,851.075,persons_k,projection,ons_npp,NPP-2024based-2026-04-28,sourced,
people.npp.hlh.births,2067,UK,857.62,persons_k,projection,ons_npp,NPP-2024based-2026-04-28,sourced,
people.npp.hlh.births,2068,UK,864.367,persons_k,projection,ons_npp,NPP-2024based-2026-04-28,sourced,
people.npp.hlh.births,2069,UK,871.115,persons_k,projection,ons_npp,NPP-2024based-2026-04-28,sourced,
people.npp.hlh.births,2070,UK,877.706,persons_k,projection,ons_npp,NPP-2024based-2026-04-28,sourced,
people.npp.hlh.births,2071,UK,884.108,persons_k,projection,ons_npp,NPP-2024based-2026-04-28,sourced,
people.npp.hlh.births,2072,UK,890.216,persons_k,projection,ons_npp,NPP-2024based-2026-04-28,sourced,
people.npp.hlh.births,2073,UK,895.915,persons_k,projection,ons_npp,NPP-2024based-2026-04-28,sourced,
people.npp.hlh.births,2074,UK,901.103,persons_k,projection,ons_npp,NPP-2024based-2026-04-28,sourced,
people.npp.hlh.births,2075,UK,905.747,persons_k,projection,ons_npp,NPP-2024based-2026-04-28,sourced,
people.npp.hlh.deaths,2025,UK,634.986,persons_k,projection,ons_npp,NPP-2024based-2026-04-28,sourced,
people.npp.hlh.deaths,2026,UK,665.921,persons_k,projection,ons_npp,NPP-2024based-2026-04-28,sourced,
people.npp.hlh.deaths,2027,UK,670.265,persons_k,projection,ons_npp,NPP-2024based-2026-04-28,sourced,
people.npp.hlh.deaths,2028,UK,676.127,persons_k,projection,ons_npp,NPP-2024based-2026-04-28,sourced,
people.npp.hlh.deaths,2029,UK,683.218,persons_k,projection,ons_npp,NPP-2024based-2026-04-28,sourced,
people.npp.hlh.deaths,2030,UK,691.314,persons_k,projection,ons_npp,NPP-2024based-2026-04-28,sourced,
people.npp.hlh.deaths,2031,UK,700.224,persons_k,projection,ons_npp,NPP-2024based-2026-04-28,sourced,
people.npp.hlh.deaths,2032,UK,709.795,persons_k,projection,ons_npp,NPP-2024based-2026-04-28,sourced,
people.npp.hlh.deaths,2033,UK,719.834,persons_k,projection,ons_npp,NPP-2024based-2026-04-28,sourced,
people.npp.hlh.deaths,2034,UK,730.221,persons_k,projection,ons_npp,NPP-2024based-2026-04-28,sourced,
people.npp.hlh.deaths,2035,UK,740.815,persons_k,projection,ons_npp,NPP-2024based-2026-04-28,sourced,
people.npp.hlh.deaths,2036,UK,751.395,persons_k,projection,ons_npp,NPP-2024based-2026-04-28,sourced,
people.npp.hlh.deaths,2037,UK,761.892,persons_k,projection,ons_npp,NPP-2024based-2026-04-28,sourced,
people.npp.hlh.deaths,2038,UK,772.192,persons_k,projection,ons_npp,NPP-2024based-2026-04-28,sourced,
people.npp.hlh.deaths,2039,UK,782.14,persons_k,projection,ons_npp,NPP-2024based-2026-04-28,sourced,
people.npp.hlh.deaths,2040,UK,791.626,persons_k,projection,ons_npp,NPP-2024based-2026-04-28,sourced,
people.npp.hlh.deaths,2041,UK,800.594,persons_k,projection,ons_npp,NPP-2024based-2026-04-28,sourced,
people.npp.hlh.deaths,2042,UK,809.111,persons_k,projection,ons_npp,NPP-2024based-2026-04-28,sourced,
people.npp.hlh.deaths,2043,UK,817.184,persons_k,projection,ons_npp,NPP-2024based-2026-04-28,sourced,
people.npp.hlh.deaths,2044,UK,824.928,persons_k,projection,ons_npp,NPP-2024based-2026-04-28,sourced,
people.npp.hlh.deaths,2045,UK,832.457,persons_k,projection,ons_npp,NPP-2024based-2026-04-28,sourced,
people.npp.hlh.deaths,2046,UK,839.836,persons_k,projection,ons_npp,NPP-2024based-2026-04-28,sourced,
people.npp.hlh.deaths,2047,UK,847.21,persons_k,projection,ons_npp,NPP-2024based-2026-04-28,sourced,
people.npp.hlh.deaths,2048,UK,854.672,persons_k,projection,ons_npp,NPP-2024based-2026-04-28,sourced,
people.npp.hlh.deaths,2049,UK,862.196,persons_k,projection,ons_npp,NPP-2024based-2026-04-28,sourced,
people.npp.hlh.deaths,2050,UK,869.758,persons_k,projection,ons_npp,NPP-2024based-2026-04-28,sourced,
people.npp.hlh.deaths,2051,UK,877.239,persons_k,projection,ons_npp,NPP-2024based-2026-04-28,sourced,
people.npp.hlh.deaths,2052,UK,884.528,persons_k,projection,ons_npp,NPP-2024based-2026-04-28,sourced,
people.npp.hlh.deaths,2053,UK,891.473,persons_k,projection,ons_npp,NPP-2024based-2026-04-28,sourced,
people.npp.hlh.deaths,2054,UK,898.008,persons_k,projection,ons_npp,NPP-2024based-2026-04-28,sourced,
people.npp.hlh.deaths,2055,UK,903.948,persons_k,projection,ons_npp,NPP-2024based-2026-04-28,sourced,
people.npp.hlh.deaths,2056,UK,909.204,persons_k,projection,ons_npp,NPP-2024based-2026-04-28,sourced,
people.npp.hlh.deaths,2057,UK,913.746,persons_k,projection,ons_npp,NPP-2024based-2026-04-28,sourced,
people.npp.hlh.deaths,2058,UK,917.493,persons_k,projection,ons_npp,NPP-2024based-2026-04-28,sourced,
people.npp.hlh.deaths,2059,UK,920.558,persons_k,projection,ons_npp,NPP-2024based-2026-04-28,sourced,
people.npp.hlh.deaths,2060,UK,922.981,persons_k,projection,ons_npp,NPP-2024based-2026-04-28,sourced,
people.npp.hlh.deaths,2061,UK,924.922,persons_k,projection,ons_npp,NPP-2024based-2026-04-28,sourced,
people.npp.hlh.deaths,2062,UK,926.492,persons_k,projection,ons_npp,NPP-2024based-2026-04-28,sourced,
people.npp.hlh.deaths,2063,UK,927.935,persons_k,projection,ons_npp,NPP-2024based-2026-04-28,sourced,
people.npp.hlh.deaths,2064,UK,929.409,persons_k,projection,ons_npp,NPP-2024based-2026-04-28,sourced,
people.npp.hlh.deaths,2065,UK,931.098,persons_k,projection,ons_npp,NPP-2024based-2026-04-28,sourced,
people.npp.hlh.deaths,2066,UK,933.151,persons_k,projection,ons_npp,NPP-2024based-2026-04-28,sourced,
people.npp.hlh.deaths,2067,UK,935.761,persons_k,projection,ons_npp,NPP-2024based-2026-04-28,sourced,
people.npp.hlh.deaths,2068,UK,939.055,persons_k,projection,ons_npp,NPP-2024based-2026-04-28,sourced,
people.npp.hlh.deaths,2069,UK,943.117,persons_k,projection,ons_npp,NPP-2024based-2026-04-28,sourced,
people.npp.hlh.deaths,2070,UK,948.003,persons_k,projection,ons_npp,NPP-2024based-2026-04-28,sourced,
people.npp.hlh.deaths,2071,UK,953.769,persons_k,projection,ons_npp,NPP-2024based-2026-04-28,sourced,
people.npp.hlh.deaths,2072,UK,960.31,persons_k,projection,ons_npp,NPP-2024based-2026-04-28,sourced,
people.npp.hlh.deaths,2073,UK,967.522,persons_k,projection,ons_npp,NPP-2024based-2026-04-28,sourced,
people.npp.hlh.deaths,2074,UK,975.29,persons_k,projection,ons_npp,NPP-2024based-2026-04-28,sourced,
people.npp.hlh.deaths,2075,UK,983.399,persons_k,projection,ons_npp,NPP-2024based-2026-04-28,sourced,
people.npp.hlh.life_expectancy_female,2025,UK,83.63176,years,projection,ons_npp,NPP-2024based-2026-04-28,sourced,
people.npp.hlh.life_expectancy_female,2026,UK,83.481444,years,projection,ons_npp,NPP-2024based-2026-04-28,sourced,
people.npp.hlh.life_expectancy_female,2027,UK,83.607618,years,projection,ons_npp,NPP-2024based-2026-04-28,sourced,
people.npp.hlh.life_expectancy_female,2028,UK,83.727321,years,projection,ons_npp,NPP-2024based-2026-04-28,sourced,
people.npp.hlh.life_expectancy_female,2029,UK,83.839047,years,projection,ons_npp,NPP-2024based-2026-04-28,sourced,
people.npp.hlh.life_expectancy_female,2030,UK,83.944167,years,projection,ons_npp,NPP-2024based-2026-04-28,sourced,
people.npp.hlh.life_expectancy_female,2031,UK,84.043711,years,projection,ons_npp,NPP-2024based-2026-04-28,sourced,
people.npp.hlh.life_expectancy_female,2032,UK,84.137027,years,projection,ons_npp,NPP-2024based-2026-04-28,sourced,
people.npp.hlh.life_expectancy_female,2033,UK,84.2249,years,projection,ons_npp,NPP-2024based-2026-04-28,sourced,
people.npp.hlh.life_expectancy_female,2034,UK,84.307092,years,projection,ons_npp,NPP-2024based-2026-04-28,sourced,
people.npp.hlh.life_expectancy_female,2035,UK,84.384369,years,projection,ons_npp,NPP-2024based-2026-04-28,sourced,
people.npp.hlh.life_expectancy_female,2036,UK,84.457404,years,projection,ons_npp,NPP-2024based-2026-04-28,sourced,
people.npp.hlh.life_expectancy_female,2037,UK,84.526915,years,projection,ons_npp,NPP-2024based-2026-04-28,sourced,
people.npp.hlh.life_expectancy_female,2038,UK,84.591995,years,projection,ons_npp,NPP-2024based-2026-04-28,sourced,
people.npp.hlh.life_expectancy_female,2039,UK,84.654998,years,projection,ons_npp,NPP-2024based-2026-04-28,sourced,
people.npp.hlh.life_expectancy_female,2040,UK,84.713523,years,projection,ons_npp,NPP-2024based-2026-04-28,sourced,
people.npp.hlh.life_expectancy_female,2041,UK,84.771087,years,projection,ons_npp,NPP-2024based-2026-04-28,sourced,
people.npp.hlh.life_expectancy_female,2042,UK,84.824546,years,projection,ons_npp,NPP-2024based-2026-04-28,sourced,
people.npp.hlh.life_expectancy_female,2043,UK,84.877056,years,projection,ons_npp,NPP-2024based-2026-04-28,sourced,
people.npp.hlh.life_expectancy_female,2044,UK,84.927089,years,projection,ons_npp,NPP-2024based-2026-04-28,sourced,
people.npp.hlh.life_expectancy_female,2045,UK,84.975449,years,projection,ons_npp,NPP-2024based-2026-04-28,sourced,
people.npp.hlh.life_expectancy_female,2046,UK,85.024544,years,projection,ons_npp,NPP-2024based-2026-04-28,sourced,
people.npp.hlh.life_expectancy_female,2047,UK,85.071792,years,projection,ons_npp,NPP-2024based-2026-04-28,sourced,
people.npp.hlh.life_expectancy_female,2048,UK,85.117446,years,projection,ons_npp,NPP-2024based-2026-04-28,sourced,
people.npp.hlh.life_expectancy_female,2049,UK,85.163866,years,projection,ons_npp,NPP-2024based-2026-04-28,sourced,
people.npp.hlh.life_expectancy_female,2050,UK,85.207708,years,projection,ons_npp,NPP-2024based-2026-04-28,sourced,
people.npp.hlh.life_expectancy_female,2051,UK,85.253725,years,projection,ons_npp,NPP-2024based-2026-04-28,sourced,
people.npp.hlh.life_expectancy_female,2052,UK,85.298576,years,projection,ons_npp,NPP-2024based-2026-04-28,sourced,
people.npp.hlh.life_expectancy_female,2053,UK,85.3449,years,projection,ons_npp,NPP-2024based-2026-04-28,sourced,
people.npp.hlh.life_expectancy_female,2054,UK,85.389102,years,projection,ons_npp,NPP-2024based-2026-04-28,sourced,
people.npp.hlh.life_expectancy_female,2055,UK,85.433648,years,projection,ons_npp,NPP-2024based-2026-04-28,sourced,
people.npp.hlh.life_expectancy_female,2056,UK,85.478519,years,projection,ons_npp,NPP-2024based-2026-04-28,sourced,
people.npp.hlh.life_expectancy_female,2057,UK,85.522903,years,projection,ons_npp,NPP-2024based-2026-04-28,sourced,
people.npp.hlh.life_expectancy_female,2058,UK,85.568256,years,projection,ons_npp,NPP-2024based-2026-04-28,sourced,
people.npp.hlh.life_expectancy_female,2059,UK,85.612823,years,projection,ons_npp,NPP-2024based-2026-04-28,sourced,
people.npp.hlh.life_expectancy_female,2060,UK,85.657867,years,projection,ons_npp,NPP-2024based-2026-04-28,sourced,
people.npp.hlh.life_expectancy_female,2061,UK,85.70211,years,projection,ons_npp,NPP-2024based-2026-04-28,sourced,
people.npp.hlh.life_expectancy_female,2062,UK,85.747412,years,projection,ons_npp,NPP-2024based-2026-04-28,sourced,
people.npp.hlh.life_expectancy_female,2063,UK,85.791259,years,projection,ons_npp,NPP-2024based-2026-04-28,sourced,
people.npp.hlh.life_expectancy_female,2064,UK,85.835515,years,projection,ons_npp,NPP-2024based-2026-04-28,sourced,
people.npp.hlh.life_expectancy_female,2065,UK,85.8792,years,projection,ons_npp,NPP-2024based-2026-04-28,sourced,
people.npp.hlh.life_expectancy_female,2066,UK,85.923727,years,projection,ons_npp,NPP-2024based-2026-04-28,sourced,
people.npp.hlh.life_expectancy_female,2067,UK,85.967598,years,projection,ons_npp,NPP-2024based-2026-04-28,sourced,
people.npp.hlh.life_expectancy_female,2068,UK,86.011642,years,projection,ons_npp,NPP-2024based-2026-04-28,sourced,
people.npp.hlh.life_expectancy_female,2069,UK,86.055485,years,projection,ons_npp,NPP-2024based-2026-04-28,sourced,
people.npp.hlh.life_expectancy_female,2070,UK,86.100082,years,projection,ons_npp,NPP-2024based-2026-04-28,sourced,
people.npp.hlh.life_expectancy_female,2071,UK,86.143663,years,projection,ons_npp,NPP-2024based-2026-04-28,sourced,
people.npp.hlh.life_expectancy_female,2072,UK,86.186927,years,projection,ons_npp,NPP-2024based-2026-04-28,sourced,
people.npp.hlh.life_expectancy_female,2073,UK,86.230954,years,projection,ons_npp,NPP-2024based-2026-04-28,sourced,
people.npp.hlh.life_expectancy_female,2074,UK,86.273913,years,projection,ons_npp,NPP-2024based-2026-04-28,sourced,
people.npp.hlh.life_expectancy_female,2075,UK,86.317308,years,projection,ons_npp,NPP-2024based-2026-04-28,sourced,
people.npp.hlh.life_expectancy_male,2025,UK,79.853947,years,projection,ons_npp,NPP-2024based-2026-04-28,sourced,
people.npp.hlh.life_expectancy_male,2026,UK,79.6427,years,projection,ons_npp,NPP-2024based-2026-04-28,sourced,
people.npp.hlh.life_expectancy_male,2027,UK,79.780175,years,projection,ons_npp,NPP-2024based-2026-04-28,sourced,
people.npp.hlh.life_expectancy_male,2028,UK,79.910676,years,projection,ons_npp,NPP-2024based-2026-04-28,sourced,
people.npp.hlh.life_expectancy_male,2029,UK,80.032794,years,projection,ons_npp,NPP-2024based-2026-04-28,sourced,
people.npp.hlh.life_expectancy_male,2030,UK,80.148957,years,projection,ons_npp,NPP-2024based-2026-04-28,sourced,
people.npp.hlh.life_expectancy_male,2031,UK,80.258276,years,projection,ons_npp,NPP-2024based-2026-04-28,sourced,
people.npp.hlh.life_expectancy_male,2032,UK,80.359369,years,projection,ons_npp,NPP-2024based-2026-04-28,sourced,
people.npp.hlh.life_expectancy_male,2033,UK,80.456507,years,projection,ons_npp,NPP-2024based-2026-04-28,sourced,
people.npp.hlh.life_expectancy_male,2034,UK,80.549144,years,projection,ons_npp,NPP-2024based-2026-04-28,sourced,
people.npp.hlh.life_expectancy_male,2035,UK,80.635204,years,projection,ons_npp,NPP-2024based-2026-04-28,sourced,
people.npp.hlh.life_expectancy_male,2036,UK,80.717532,years,projection,ons_npp,NPP-2024based-2026-04-28,sourced,
people.npp.hlh.life_expectancy_male,2037,UK,80.795706,years,projection,ons_npp,NPP-2024based-2026-04-28,sourced,
people.npp.hlh.life_expectancy_male,2038,UK,80.870535,years,projection,ons_npp,NPP-2024based-2026-04-28,sourced,
people.npp.hlh.life_expectancy_male,2039,UK,80.940685,years,projection,ons_npp,NPP-2024based-2026-04-28,sourced,
people.npp.hlh.life_expectancy_male,2040,UK,81.008796,years,projection,ons_npp,NPP-2024based-2026-04-28,sourced,
people.npp.hlh.life_expectancy_male,2041,UK,81.074272,years,projection,ons_npp,NPP-2024based-2026-04-28,sourced,
people.npp.hlh.life_expectancy_male,2042,UK,81.136526,years,projection,ons_npp,NPP-2024based-2026-04-28,sourced,
people.npp.hlh.life_expectancy_male,2043,UK,81.196896,years,projection,ons_npp,NPP-2024based-2026-04-28,sourced,
people.npp.hlh.life_expectancy_male,2044,UK,81.255648,years,projection,ons_npp,NPP-2024based-2026-04-28,sourced,
people.npp.hlh.life_expectancy_male,2045,UK,81.311768,years,projection,ons_npp,NPP-2024based-2026-04-28,sourced,
people.npp.hlh.life_expectancy_male,2046,UK,81.366079,years,projection,ons_npp,NPP-2024based-2026-04-28,sourced,
people.npp.hlh.life_expectancy_male,2047,UK,81.418539,years,projection,ons_npp,NPP-2024based-2026-04-28,sourced,
people.npp.hlh.life_expectancy_male,2048,UK,81.470545,years,projection,ons_npp,NPP-2024based-2026-04-28,sourced,
people.npp.hlh.life_expectancy_male,2049,UK,81.521448,years,projection,ons_npp,NPP-2024based-2026-04-28,sourced,
people.npp.hlh.life_expectancy_male,2050,UK,81.572291,years,projection,ons_npp,NPP-2024based-2026-04-28,sourced,
people.npp.hlh.life_expectancy_male,2051,UK,81.622376,years,projection,ons_npp,NPP-2024based-2026-04-28,sourced,
people.npp.hlh.life_expectancy_male,2052,UK,81.671691,years,projection,ons_npp,NPP-2024based-2026-04-28,sourced,
people.npp.hlh.life_expectancy_male,2053,UK,81.722979,years,projection,ons_npp,NPP-2024based-2026-04-28,sourced,
people.npp.hlh.life_expectancy_male,2054,UK,81.77334,years,projection,ons_npp,NPP-2024based-2026-04-28,sourced,
people.npp.hlh.life_expectancy_male,2055,UK,81.823865,years,projection,ons_npp,NPP-2024based-2026-04-28,sourced,
people.npp.hlh.life_expectancy_male,2056,UK,81.873361,years,projection,ons_npp,NPP-2024based-2026-04-28,sourced,
people.npp.hlh.life_expectancy_male,2057,UK,81.92309,years,projection,ons_npp,NPP-2024based-2026-04-28,sourced,
people.npp.hlh.life_expectancy_male,2058,UK,81.973236,years,projection,ons_npp,NPP-2024based-2026-04-28,sourced,
people.npp.hlh.life_expectancy_male,2059,UK,82.023514,years,projection,ons_npp,NPP-2024based-2026-04-28,sourced,
people.npp.hlh.life_expectancy_male,2060,UK,82.073009,years,projection,ons_npp,NPP-2024based-2026-04-28,sourced,
people.npp.hlh.life_expectancy_male,2061,UK,82.124001,years,projection,ons_npp,NPP-2024based-2026-04-28,sourced,
people.npp.hlh.life_expectancy_male,2062,UK,82.173878,years,projection,ons_npp,NPP-2024based-2026-04-28,sourced,
people.npp.hlh.life_expectancy_male,2063,UK,82.223549,years,projection,ons_npp,NPP-2024based-2026-04-28,sourced,
people.npp.hlh.life_expectancy_male,2064,UK,82.272205,years,projection,ons_npp,NPP-2024based-2026-04-28,sourced,
people.npp.hlh.life_expectancy_male,2065,UK,82.321458,years,projection,ons_npp,NPP-2024based-2026-04-28,sourced,
people.npp.hlh.life_expectancy_male,2066,UK,82.371151,years,projection,ons_npp,NPP-2024based-2026-04-28,sourced,
people.npp.hlh.life_expectancy_male,2067,UK,82.420253,years,projection,ons_npp,NPP-2024based-2026-04-28,sourced,
people.npp.hlh.life_expectancy_male,2068,UK,82.46946,years,projection,ons_npp,NPP-2024based-2026-04-28,sourced,
people.npp.hlh.life_expectancy_male,2069,UK,82.518054,years,projection,ons_npp,NPP-2024based-2026-04-28,sourced,
people.npp.hlh.life_expectancy_male,2070,UK,82.567935,years,projection,ons_npp,NPP-2024based-2026-04-28,sourced,
people.npp.hlh.life_expectancy_male,2071,UK,82.616818,years,projection,ons_npp,NPP-2024based-2026-04-28,sourced,
people.npp.hlh.life_expectancy_male,2072,UK,82.666374,years,projection,ons_npp,NPP-2024based-2026-04-28,sourced,
people.npp.hlh.life_expectancy_male,2073,UK,82.715668,years,projection,ons_npp,NPP-2024based-2026-04-28,sourced,
people.npp.hlh.life_expectancy_male,2074,UK,82.763535,years,projection,ons_npp,NPP-2024based-2026-04-28,sourced,
people.npp.hlh.life_expectancy_male,2075,UK,82.812434,years,projection,ons_npp,NPP-2024based-2026-04-28,sourced,
people.npp.hlh.net_migration,2025,UK,204.0,persons_k,projection,ons_npp,NPP-2024based-2026-04-28,sourced,
people.npp.hlh.net_migration,2026,UK,273.0,persons_k,projection,ons_npp,NPP-2024based-2026-04-28,sourced,
people.npp.hlh.net_migration,2027,UK,455.0,persons_k,projection,ons_npp,NPP-2024based-2026-04-28,sourced,
people.npp.hlh.net_migration,2028,UK,455.0,persons_k,projection,ons_npp,NPP-2024based-2026-04-28,sourced,
people.npp.hlh.net_migration,2029,UK,455.0,persons_k,projection,ons_npp,NPP-2024based-2026-04-28,sourced,
people.npp.hlh.net_migration,2030,UK,455.0,persons_k,projection,ons_npp,NPP-2024based-2026-04-28,sourced,
people.npp.hlh.net_migration,2031,UK,455.0,persons_k,projection,ons_npp,NPP-2024based-2026-04-28,sourced,
people.npp.hlh.net_migration,2032,UK,455.0,persons_k,projection,ons_npp,NPP-2024based-2026-04-28,sourced,
people.npp.hlh.net_migration,2033,UK,455.0,persons_k,projection,ons_npp,NPP-2024based-2026-04-28,sourced,
people.npp.hlh.net_migration,2034,UK,455.0,persons_k,projection,ons_npp,NPP-2024based-2026-04-28,sourced,
people.npp.hlh.net_migration,2035,UK,455.0,persons_k,projection,ons_npp,NPP-2024based-2026-04-28,sourced,
people.npp.hlh.net_migration,2036,UK,455.0,persons_k,projection,ons_npp,NPP-2024based-2026-04-28,sourced,
people.npp.hlh.net_migration,2037,UK,455.0,persons_k,projection,ons_npp,NPP-2024based-2026-04-28,sourced,
people.npp.hlh.net_migration,2038,UK,455.0,persons_k,projection,ons_npp,NPP-2024based-2026-04-28,sourced,
people.npp.hlh.net_migration,2039,UK,455.0,persons_k,projection,ons_npp,NPP-2024based-2026-04-28,sourced,
people.npp.hlh.net_migration,2040,UK,455.0,persons_k,projection,ons_npp,NPP-2024based-2026-04-28,sourced,
people.npp.hlh.net_migration,2041,UK,455.0,persons_k,projection,ons_npp,NPP-2024based-2026-04-28,sourced,
people.npp.hlh.net_migration,2042,UK,455.0,persons_k,projection,ons_npp,NPP-2024based-2026-04-28,sourced,
people.npp.hlh.net_migration,2043,UK,455.0,persons_k,projection,ons_npp,NPP-2024based-2026-04-28,sourced,
people.npp.hlh.net_migration,2044,UK,455.0,persons_k,projection,ons_npp,NPP-2024based-2026-04-28,sourced,
people.npp.hlh.net_migration,2045,UK,455.0,persons_k,projection,ons_npp,NPP-2024based-2026-04-28,sourced,
people.npp.hlh.net_migration,2046,UK,455.0,persons_k,projection,ons_npp,NPP-2024based-2026-04-28,sourced,
people.npp.hlh.net_migration,2047,UK,455.0,persons_k,projection,ons_npp,NPP-2024based-2026-04-28,sourced,
people.npp.hlh.net_migration,2048,UK,455.0,persons_k,projection,ons_npp,NPP-2024based-2026-04-28,sourced,
people.npp.hlh.net_migration,2049,UK,455.0,persons_k,projection,ons_npp,NPP-2024based-2026-04-28,sourced,
people.npp.hlh.net_migration,2050,UK,455.0,persons_k,projection,ons_npp,NPP-2024based-2026-04-28,sourced,
people.npp.hlh.net_migration,2051,UK,455.0,persons_k,projection,ons_npp,NPP-2024based-2026-04-28,sourced,
people.npp.hlh.net_migration,2052,UK,455.0,persons_k,projection,ons_npp,NPP-2024based-2026-04-28,sourced,
people.npp.hlh.net_migration,2053,UK,455.0,persons_k,projection,ons_npp,NPP-2024based-2026-04-28,sourced,
people.npp.hlh.net_migration,2054,UK,455.0,persons_k,projection,ons_npp,NPP-2024based-2026-04-28,sourced,
people.npp.hlh.net_migration,2055,UK,455.0,persons_k,projection,ons_npp,NPP-2024based-2026-04-28,sourced,
people.npp.hlh.net_migration,2056,UK,455.0,persons_k,projection,ons_npp,NPP-2024based-2026-04-28,sourced,
people.npp.hlh.net_migration,2057,UK,455.0,persons_k,projection,ons_npp,NPP-2024based-2026-04-28,sourced,
people.npp.hlh.net_migration,2058,UK,455.0,persons_k,projection,ons_npp,NPP-2024based-2026-04-28,sourced,
people.npp.hlh.net_migration,2059,UK,455.0,persons_k,projection,ons_npp,NPP-2024based-2026-04-28,sourced,
people.npp.hlh.net_migration,2060,UK,455.0,persons_k,projection,ons_npp,NPP-2024based-2026-04-28,sourced,
people.npp.hlh.net_migration,2061,UK,455.0,persons_k,projection,ons_npp,NPP-2024based-2026-04-28,sourced,
people.npp.hlh.net_migration,2062,UK,455.0,persons_k,projection,ons_npp,NPP-2024based-2026-04-28,sourced,
people.npp.hlh.net_migration,2063,UK,455.0,persons_k,projection,ons_npp,NPP-2024based-2026-04-28,sourced,
people.npp.hlh.net_migration,2064,UK,455.0,persons_k,projection,ons_npp,NPP-2024based-2026-04-28,sourced,
people.npp.hlh.net_migration,2065,UK,455.0,persons_k,projection,ons_npp,NPP-2024based-2026-04-28,sourced,
people.npp.hlh.net_migration,2066,UK,455.0,persons_k,projection,ons_npp,NPP-2024based-2026-04-28,sourced,
people.npp.hlh.net_migration,2067,UK,455.0,persons_k,projection,ons_npp,NPP-2024based-2026-04-28,sourced,
people.npp.hlh.net_migration,2068,UK,455.0,persons_k,projection,ons_npp,NPP-2024based-2026-04-28,sourced,
people.npp.hlh.net_migration,2069,UK,455.0,persons_k,projection,ons_npp,NPP-2024based-2026-04-28,sourced,
people.npp.hlh.net_migration,2070,UK,455.0,persons_k,projection,ons_npp,NPP-2024based-2026-04-28,sourced,
people.npp.hlh.net_migration,2071,UK,455.0,persons_k,projection,ons_npp,NPP-2024based-2026-04-28,sourced,
people.npp.hlh.net_migration,2072,UK,455.0,persons_k,projection,ons_npp,NPP-2024based-2026-04-28,sourced,
people.npp.hlh.net_migration,2073,UK,455.0,persons_k,projection,ons_npp,NPP-2024based-2026-04-28,sourced,
people.npp.hlh.net_migration,2074,UK,455.0,persons_k,projection,ons_npp,NPP-2024based-2026-04-28,sourced,
people.npp.hlh.net_migration,2075,UK,455.0,persons_k,projection,ons_npp,NPP-2024based-2026-04-28,sourced,
people.npp.hlh.oadr,2024,UK,279.682164,per_1000,outturn,ons_npp,NPP-2024based-2026-04-28,sourced,"Base year of the 2024-based projections: ONS mid-2024 population estimate. ONS: Children under 16, working age, and pensionable age populations are based on State Pension Age (SPA) for a given year. Women's SPA increased to 65 between April 2016 and November 2018. From December 2018, the SPA for both sexes increased to 66 by October 2020 (Pensions Act 2011). Between 2026 and 2028, the SPA will increase from 66 to 67 years for both sexes (Pensions Act 2014), and will increase to 68 between 2044 and 2046 (Pensions Act 2007)."
people.npp.hlh.oadr,2025,UK,284.391322,per_1000,projection,ons_npp,NPP-2024based-2026-04-28,sourced,
people.npp.hlh.oadr,2026,UK,285.11361,per_1000,projection,ons_npp,NPP-2024based-2026-04-28,sourced,
people.npp.hlh.oadr,2027,UK,277.388913,per_1000,projection,ons_npp,NPP-2024based-2026-04-28,sourced,
people.npp.hlh.oadr,2028,UK,273.104355,per_1000,projection,ons_npp,NPP-2024based-2026-04-28,sourced,
people.npp.hlh.oadr,2029,UK,277.360967,per_1000,projection,ons_npp,NPP-2024based-2026-04-28,sourced,
people.npp.hlh.oadr,2030,UK,281.955755,per_1000,projection,ons_npp,NPP-2024based-2026-04-28,sourced,
people.npp.hlh.oadr,2031,UK,286.730512,per_1000,projection,ons_npp,NPP-2024based-2026-04-28,sourced,
people.npp.hlh.oadr,2032,UK,291.393853,per_1000,projection,ons_npp,NPP-2024based-2026-04-28,sourced,
people.npp.hlh.oadr,2033,UK,295.677032,per_1000,projection,ons_npp,NPP-2024based-2026-04-28,sourced,
people.npp.hlh.oadr,2034,UK,299.786799,per_1000,projection,ons_npp,NPP-2024based-2026-04-28,sourced,
people.npp.hlh.oadr,2035,UK,303.445319,per_1000,projection,ons_npp,NPP-2024based-2026-04-28,sourced,
people.npp.hlh.oadr,2036,UK,306.881601,per_1000,projection,ons_npp,NPP-2024based-2026-04-28,sourced,
people.npp.hlh.oadr,2037,UK,309.61634,per_1000,projection,ons_npp,NPP-2024based-2026-04-28,sourced,
people.npp.hlh.oadr,2038,UK,312.561301,per_1000,projection,ons_npp,NPP-2024based-2026-04-28,sourced,
people.npp.hlh.oadr,2039,UK,314.621709,per_1000,projection,ons_npp,NPP-2024based-2026-04-28,sourced,
people.npp.hlh.oadr,2040,UK,315.739848,per_1000,projection,ons_npp,NPP-2024based-2026-04-28,sourced,
people.npp.hlh.oadr,2041,UK,315.96301,per_1000,projection,ons_npp,NPP-2024based-2026-04-28,sourced,
people.npp.hlh.oadr,2042,UK,315.678616,per_1000,projection,ons_npp,NPP-2024based-2026-04-28,sourced,
people.npp.hlh.oadr,2043,UK,314.868086,per_1000,projection,ons_npp,NPP-2024based-2026-04-28,sourced,
people.npp.hlh.oadr,2044,UK,310.541341,per_1000,projection,ons_npp,NPP-2024based-2026-04-28,sourced,
people.npp.hlh.oadr,2045,UK,299.752132,per_1000,projection,ons_npp,NPP-2024based-2026-04-28,sourced,
people.npp.hlh.oadr,2046,UK,291.870351,per_1000,projection,ons_npp,NPP-2024based-2026-04-28,sourced,
people.npp.hlh.oadr,2047,UK,292.006516,per_1000,projection,ons_npp,NPP-2024based-2026-04-28,sourced,
people.npp.hlh.oadr,2048,UK,292.86536,per_1000,projection,ons_npp,NPP-2024based-2026-04-28,sourced,
people.npp.hlh.oadr,2049,UK,293.578383,per_1000,projection,ons_npp,NPP-2024based-2026-04-28,sourced,
people.npp.hlh.oadr,2050,UK,294.015183,per_1000,projection,ons_npp,NPP-2024based-2026-04-28,sourced,
people.npp.hlh.oadr,2051,UK,294.513051,per_1000,projection,ons_npp,NPP-2024based-2026-04-28,sourced,
people.npp.hlh.oadr,2052,UK,294.938607,per_1000,projection,ons_npp,NPP-2024based-2026-04-28,sourced,
people.npp.hlh.oadr,2053,UK,295.94934,per_1000,projection,ons_npp,NPP-2024based-2026-04-28,sourced,
people.npp.hlh.oadr,2054,UK,297.030912,per_1000,projection,ons_npp,NPP-2024based-2026-04-28,sourced,
people.npp.hlh.oadr,2055,UK,298.227435,per_1000,projection,ons_npp,NPP-2024based-2026-04-28,sourced,
people.npp.hlh.oadr,2056,UK,299.896143,per_1000,projection,ons_npp,NPP-2024based-2026-04-28,sourced,
people.npp.hlh.oadr,2057,UK,301.382284,per_1000,projection,ons_npp,NPP-2024based-2026-04-28,sourced,
people.npp.hlh.oadr,2058,UK,303.099878,per_1000,projection,ons_npp,NPP-2024based-2026-04-28,sourced,
people.npp.hlh.oadr,2059,UK,304.982153,per_1000,projection,ons_npp,NPP-2024based-2026-04-28,sourced,
people.npp.hlh.oadr,2060,UK,306.742923,per_1000,projection,ons_npp,NPP-2024based-2026-04-28,sourced,
people.npp.hlh.oadr,2061,UK,308.17736,per_1000,projection,ons_npp,NPP-2024based-2026-04-28,sourced,
people.npp.hlh.oadr,2062,UK,309.81835,per_1000,projection,ons_npp,NPP-2024based-2026-04-28,sourced,
people.npp.hlh.oadr,2063,UK,311.256572,per_1000,projection,ons_npp,NPP-2024based-2026-04-28,sourced,
people.npp.hlh.oadr,2064,UK,312.753532,per_1000,projection,ons_npp,NPP-2024based-2026-04-28,sourced,
people.npp.hlh.oadr,2065,UK,314.828356,per_1000,projection,ons_npp,NPP-2024based-2026-04-28,sourced,
people.npp.hlh.oadr,2066,UK,316.76916,per_1000,projection,ons_npp,NPP-2024based-2026-04-28,sourced,
people.npp.hlh.oadr,2067,UK,318.565188,per_1000,projection,ons_npp,NPP-2024based-2026-04-28,sourced,
people.npp.hlh.oadr,2068,UK,319.697614,per_1000,projection,ons_npp,NPP-2024based-2026-04-28,sourced,
people.npp.hlh.oadr,2069,UK,320.315642,per_1000,projection,ons_npp,NPP-2024based-2026-04-28,sourced,
people.npp.hlh.oadr,2070,UK,320.912889,per_1000,projection,ons_npp,NPP-2024based-2026-04-28,sourced,
people.npp.hlh.oadr,2071,UK,321.861113,per_1000,projection,ons_npp,NPP-2024based-2026-04-28,sourced,
people.npp.hlh.oadr,2072,UK,323.326343,per_1000,projection,ons_npp,NPP-2024based-2026-04-28,sourced,
people.npp.hlh.oadr,2073,UK,325.282297,per_1000,projection,ons_npp,NPP-2024based-2026-04-28,sourced,
people.npp.hlh.oadr,2074,UK,327.46485,per_1000,projection,ons_npp,NPP-2024based-2026-04-28,sourced,
people.npp.hlh.oadr,2075,UK,330.105098,per_1000,projection,ons_npp,NPP-2024based-2026-04-28,sourced,
people.npp.hlh.pension_age,2024,UK,12388.913,persons_k,outturn,ons_npp,NPP-2024based-2026-04-28,sourced,"Base year of the 2024-based projections: ONS mid-2024 population estimate. ONS: Children under 16, working age, and pensionable age populations are based on State Pension Age (SPA) for a given year. Women's SPA increased to 65 between April 2016 and November 2018. From December 2018, the SPA for both sexes increased to 66 by October 2020 (Pensions Act 2011). Between 2026 and 2028, the SPA will increase from 66 to 67 years for both sexes (Pensions Act 2014), and will increase to 68 between 2044 and 2046 (Pensions Act 2007)."
people.npp.hlh.pension_age,2025,UK,12633.51,persons_k,projection,ons_npp,NPP-2024based-2026-04-28,sourced,
people.npp.hlh.pension_age,2026,UK,12747.538339,persons_k,projection,ons_npp,NPP-2024based-2026-04-28,sourced,
people.npp.hlh.pension_age,2027,UK,12601.411474,persons_k,projection,ons_npp,NPP-2024based-2026-04-28,sourced,
people.npp.hlh.pension_age,2028,UK,12570.991,persons_k,projection,ons_npp,NPP-2024based-2026-04-28,sourced,
people.npp.hlh.pension_age,2029,UK,12843.338,persons_k,projection,ons_npp,NPP-2024based-2026-04-28,sourced,
people.npp.hlh.pension_age,2030,UK,13124.801,persons_k,projection,ons_npp,NPP-2024based-2026-04-28,sourced,
people.npp.hlh.pension_age,2031,UK,13412.792,persons_k,projection,ons_npp,NPP-2024based-2026-04-28,sourced,
people.npp.hlh.pension_age,2032,UK,13698.497,persons_k,projection,ons_npp,NPP-2024based-2026-04-28,sourced,
people.npp.hlh.pension_age,2033,UK,13965.647,persons_k,projection,ons_npp,NPP-2024based-2026-04-28,sourced,
people.npp.hlh.pension_age,2034,UK,14222.345,persons_k,projection,ons_npp,NPP-2024based-2026-04-28,sourced,
people.npp.hlh.pension_age,2035,UK,14460.169,persons_k,projection,ons_npp,NPP-2024based-2026-04-28,sourced,
people.npp.hlh.pension_age,2036,UK,14685.966,persons_k,projection,ons_npp,NPP-2024based-2026-04-28,sourced,
people.npp.hlh.pension_age,2037,UK,14879.186,persons_k,projection,ons_npp,NPP-2024based-2026-04-28,sourced,
people.npp.hlh.pension_age,2038,UK,15080.603,persons_k,projection,ons_npp,NPP-2024based-2026-04-28,sourced,
people.npp.hlh.pension_age,2039,UK,15239.579,persons_k,projection,ons_npp,NPP-2024based-2026-04-28,sourced,
people.npp.hlh.pension_age,2040,UK,15358.804,persons_k,projection,ons_npp,NPP-2024based-2026-04-28,sourced,
people.npp.hlh.pension_age,2041,UK,15439.96,persons_k,projection,ons_npp,NPP-2024based-2026-04-28,sourced,
people.npp.hlh.pension_age,2042,UK,15504.643,persons_k,projection,ons_npp,NPP-2024based-2026-04-28,sourced,
people.npp.hlh.pension_age,2043,UK,15549.631,persons_k,projection,ons_npp,NPP-2024based-2026-04-28,sourced,
people.npp.hlh.pension_age,2044,UK,15461.582666,persons_k,projection,ons_npp,NPP-2024based-2026-04-28,sourced,
people.npp.hlh.pension_age,2045,UK,15121.840526,persons_k,projection,ons_npp,NPP-2024based-2026-04-28,sourced,
people.npp.hlh.pension_age,2046,UK,14886.727,persons_k,projection,ons_npp,NPP-2024based-2026-04-28,sourced,
people.npp.hlh.pension_age,2047,UK,14965.409,persons_k,projection,ons_npp,NPP-2024based-2026-04-28,sourced,
people.npp.hlh.pension_age,2048,UK,15073.431,persons_k,projection,ons_npp,NPP-2024based-2026-04-28,sourced,
people.npp.hlh.pension_age,2049,UK,15176.361,persons_k,projection,ons_npp,NPP-2024based-2026-04-28,sourced,
people.npp.hlh.pension_age,2050,UK,15268.9,persons_k,projection,ons_npp,NPP-2024based-2026-04-28,sourced,
people.npp.hlh.pension_age,2051,UK,15364.55,persons_k,projection,ons_npp,NPP-2024based-2026-04-28,sourced,
people.npp.hlh.pension_age,2052,UK,15458.15,persons_k,projection,ons_npp,NPP-2024based-2026-04-28,sourced,
people.npp.hlh.pension_age,2053,UK,15576.551,persons_k,projection,ons_npp,NPP-2024based-2026-04-28,sourced,
people.npp.hlh.pension_age,2054,UK,15699.202,persons_k,projection,ons_npp,NPP-2024based-2026-04-28,sourced,
people.npp.hlh.pension_age,2055,UK,15828.091,persons_k,projection,ons_npp,NPP-2024based-2026-04-28,sourced,
people.npp.hlh.pension_age,2056,UK,15977.954,persons_k,projection,ons_npp,NPP-2024based-2026-04-28,sourced,
people.npp.hlh.pension_age,2057,UK,16121.942,persons_k,projection,ons_npp,NPP-2024based-2026-04-28,sourced,
people.npp.hlh.pension_age,2058,UK,16276.959,persons_k,projection,ons_npp,NPP-2024based-2026-04-28,sourced,
people.npp.hlh.pension_age,2059,UK,16440.195,persons_k,projection,ons_npp,NPP-2024based-2026-04-28,sourced,
people.npp.hlh.pension_age,2060,UK,16599.677,persons_k,projection,ons_npp,NPP-2024based-2026-04-28,sourced,
people.npp.hlh.pension_age,2061,UK,16746.608,persons_k,projection,ons_npp,NPP-2024based-2026-04-28,sourced,
people.npp.hlh.pension_age,2062,UK,16902.822,persons_k,projection,ons_npp,NPP-2024based-2026-04-28,sourced,
people.npp.hlh.pension_age,2063,UK,17051.105,persons_k,projection,ons_npp,NPP-2024based-2026-04-28,sourced,
people.npp.hlh.pension_age,2064,UK,17202.137,persons_k,projection,ons_npp,NPP-2024based-2026-04-28,sourced,
people.npp.hlh.pension_age,2065,UK,17377.475,persons_k,projection,ons_npp,NPP-2024based-2026-04-28,sourced,
people.npp.hlh.pension_age,2066,UK,17546.859,persons_k,projection,ons_npp,NPP-2024based-2026-04-28,sourced,
people.npp.hlh.pension_age,2067,UK,17709.315,persons_k,projection,ons_npp,NPP-2024based-2026-04-28,sourced,
people.npp.hlh.pension_age,2068,UK,17842.601,persons_k,projection,ons_npp,NPP-2024based-2026-04-28,sourced,
people.npp.hlh.pension_age,2069,UK,17952.529,persons_k,projection,ons_npp,NPP-2024based-2026-04-28,sourced,
people.npp.hlh.pension_age,2070,UK,18059.653,persons_k,projection,ons_npp,NPP-2024based-2026-04-28,sourced,
people.npp.hlh.pension_age,2071,UK,18179.707,persons_k,projection,ons_npp,NPP-2024based-2026-04-28,sourced,
people.npp.hlh.pension_age,2072,UK,18319.926,persons_k,projection,ons_npp,NPP-2024based-2026-04-28,sourced,
people.npp.hlh.pension_age,2073,UK,18479.42,persons_k,projection,ons_npp,NPP-2024based-2026-04-28,sourced,
people.npp.hlh.pension_age,2074,UK,18647.014,persons_k,projection,ons_npp,NPP-2024based-2026-04-28,sourced,
people.npp.hlh.pension_age,2075,UK,18832.789,persons_k,projection,ons_npp,NPP-2024based-2026-04-28,sourced,
people.npp.hlh.population,2024,UK,69281.437,persons_k,outturn,ons_npp,NPP-2024based-2026-04-28,sourced,Base year of the 2024-based projections: ONS mid-2024 population estimate.
people.npp.hlh.population,2025,UK,69502.339,persons_k,projection,ons_npp,NPP-2024based-2026-04-28,sourced,
people.npp.hlh.population,2026,UK,69777.739,persons_k,projection,ons_npp,NPP-2024based-2026-04-28,sourced,
people.npp.hlh.population,2027,UK,70239.001,persons_k,projection,ons_npp,NPP-2024based-2026-04-28,sourced,
people.npp.hlh.population,2028,UK,70704.327,persons_k,projection,ons_npp,NPP-2024based-2026-04-28,sourced,
people.npp.hlh.population,2029,UK,71172.543,persons_k,projection,ons_npp,NPP-2024based-2026-04-28,sourced,
people.npp.hlh.population,2030,UK,71642.738,persons_k,projection,ons_npp,NPP-2024based-2026-04-28,sourced,
people.npp.hlh.population,2031,UK,72114.071,persons_k,projection,ons_npp,NPP-2024based-2026-04-28,sourced,
people.npp.hlh.population,2032,UK,72585.51,persons_k,projection,ons_npp,NPP-2024based-2026-04-28,sourced,
people.npp.hlh.population,2033,UK,73056.406,persons_k,projection,ons_npp,NPP-2024based-2026-04-28,sourced,
people.npp.hlh.population,2034,UK,73526.424,persons_k,projection,ons_npp,NPP-2024based-2026-04-28,sourced,
people.npp.hlh.population,2035,UK,73995.494,persons_k,projection,ons_npp,NPP-2024based-2026-04-28,sourced,
people.npp.hlh.population,2036,UK,74464.339,persons_k,projection,ons_npp,NPP-2024based-2026-04-28,sourced,
people.npp.hlh.population,2037,UK,74933.481,persons_k,projection,ons_npp,NPP-2024based-2026-04-28,sourced,
people.npp.hlh.population,2038,UK,75403.319,persons_k,projection,ons_npp,NPP-2024based-2026-04-28,sourced,
people.npp.hlh.population,2039,UK,75874.255,persons_k,projection,ons_npp,NPP-2024based-2026-04-28,sourced,
people.npp.hlh.population,2040,UK,76346.229,persons_k,projection,ons_npp,NPP-2024based-2026-04-28,sourced,
people.npp.hlh.population,2041,UK,76818.593,persons_k,projection,ons_npp,NPP-2024based-2026-04-28,sourced,
people.npp.hlh.population,2042,UK,77290.501,persons_k,projection,ons_npp,NPP-2024based-2026-04-28,sourced,
people.npp.hlh.population,2043,UK,77761.134,persons_k,projection,ons_npp,NPP-2024based-2026-04-28,sourced,
people.npp.hlh.population,2044,UK,78229.386,persons_k,projection,ons_npp,NPP-2024based-2026-04-28,sourced,
people.npp.hlh.population,2045,UK,78693.908,persons_k,projection,ons_npp,NPP-2024based-2026-04-28,sourced,
people.npp.hlh.population,2046,UK,79153.39,persons_k,projection,ons_npp,NPP-2024based-2026-04-28,sourced,
people.npp.hlh.population,2047,UK,79606.935,persons_k,projection,ons_npp,NPP-2024based-2026-04-28,sourced,
people.npp.hlh.population,2048,UK,80053.631,persons_k,projection,ons_npp,NPP-2024based-2026-04-28,sourced,
people.npp.hlh.population,2049,UK,80492.526,persons_k,projection,ons_npp,NPP-2024based-2026-04-28,sourced,
people.npp.hlh.population,2050,UK,80922.028,persons_k,projection,ons_npp,NPP-2024based-2026-04-28,sourced,
people.npp.hlh.population,2051,UK,81340.821,persons_k,projection,ons_npp,NPP-2024based-2026-04-28,sourced,
people.npp.hlh.population,2052,UK,81748.763,persons_k,projection,ons_npp,NPP-2024based-2026-04-28,sourced,
people.npp.hlh.population,2053,UK,82145.922,persons_k,projection,ons_npp,NPP-2024based-2026-04-28,sourced,
people.npp.hlh.population,2054,UK,82532.618,persons_k,projection,ons_npp,NPP-2024based-2026-04-28,sourced,
people.npp.hlh.population,2055,UK,82909.745,persons_k,projection,ons_npp,NPP-2024based-2026-04-28,sourced,
people.npp.hlh.population,2056,UK,83278.813,persons_k,projection,ons_npp,NPP-2024based-2026-04-28,sourced,
people.npp.hlh.population,2057,UK,83641.684,persons_k,projection,ons_npp,NPP-2024based-2026-04-28,sourced,
people.npp.hlh.population,2058,UK,84000.213,persons_k,projection,ons_npp,NPP-2024based-2026-04-28,sourced,
people.npp.hlh.population,2059,UK,84356.12,persons_k,projection,ons_npp,NPP-2024based-2026-04-28,sourced,
people.npp.hlh.population,2060,UK,84711.228,persons_k,projection,ons_npp,NPP-2024based-2026-04-28,sourced,
people.npp.hlh.population,2061,UK,85067.101,persons_k,projection,ons_npp,NPP-2024based-2026-04-28,sourced,
people.npp.hlh.population,2062,UK,85425.266,persons_k,projection,ons_npp,NPP-2024based-2026-04-28,sourced,
people.npp.hlh.population,2063,UK,85786.561,persons_k,projection,ons_npp,NPP-2024based-2026-04-28,sourced,
people.npp.hlh.population,2064,UK,86151.452,persons_k,projection,ons_npp,NPP-2024based-2026-04-28,sourced,
people.npp.hlh.population,2065,UK,86520.275,persons_k,projection,ons_npp,NPP-2024based-2026-04-28,sourced,
people.npp.hlh.population,2066,UK,86893.198,persons_k,projection,ons_npp,NPP-2024based-2026-04-28,sourced,
people.npp.hlh.population,2067,UK,87270.064,persons_k,projection,ons_npp,NPP-2024based-2026-04-28,sourced,
people.npp.hlh.population,2068,UK,87650.384,persons_k,projection,ons_npp,NPP-2024based-2026-04-28,sourced,
people.npp.hlh.population,2069,UK,88033.389,persons_k,projection,ons_npp,NPP-2024based-2026-04-28,sourced,
people.npp.hlh.population,2070,UK,88418.082,persons_k,projection,ons_npp,NPP-2024based-2026-04-28,sourced,
people.npp.hlh.population,2071,UK,88803.423,persons_k,projection,ons_npp,NPP-2024based-2026-04-28,sourced,
people.npp.hlh.population,2072,UK,89188.307,persons_k,projection,ons_npp,NPP-2024based-2026-04-28,sourced,
people.npp.hlh.population,2073,UK,89571.702,persons_k,projection,ons_npp,NPP-2024based-2026-04-28,sourced,
people.npp.hlh.population,2074,UK,89952.512,persons_k,projection,ons_npp,NPP-2024based-2026-04-28,sourced,
people.npp.hlh.population,2075,UK,90329.849,persons_k,projection,ons_npp,NPP-2024based-2026-04-28,sourced,
people.npp.hlh.tfr,2025,UK,1.3894,children_per_woman,projection,ons_npp,NPP-2024based-2026-04-28,sourced,
people.npp.hlh.tfr,2026,UK,1.42729,children_per_woman,projection,ons_npp,NPP-2024based-2026-04-28,sourced,
people.npp.hlh.tfr,2027,UK,1.443388,children_per_woman,projection,ons_npp,NPP-2024based-2026-04-28,sourced,
people.npp.hlh.tfr,2028,UK,1.459453,children_per_woman,projection,ons_npp,NPP-2024based-2026-04-28,sourced,
people.npp.hlh.tfr,2029,UK,1.475602,children_per_woman,projection,ons_npp,NPP-2024based-2026-04-28,sourced,
people.npp.hlh.tfr,2030,UK,1.491792,children_per_woman,projection,ons_npp,NPP-2024based-2026-04-28,sourced,
people.npp.hlh.tfr,2031,UK,1.507455,children_per_woman,projection,ons_npp,NPP-2024based-2026-04-28,sourced,
people.npp.hlh.tfr,2032,UK,1.521589,children_per_woman,projection,ons_npp,NPP-2024based-2026-04-28,sourced,
people.npp.hlh.tfr,2033,UK,1.534263,children_per_woman,projection,ons_npp,NPP-2024based-2026-04-28,sourced,
people.npp.hlh.tfr,2034,UK,1.545425,children_per_woman,projection,ons_npp,NPP-2024based-2026-04-28,sourced,
people.npp.hlh.tfr,2035,UK,1.555108,children_per_woman,projection,ons_npp,NPP-2024based-2026-04-28,sourced,
people.npp.hlh.tfr,2036,UK,1.564301,children_per_woman,projection,ons_npp,NPP-2024based-2026-04-28,sourced,
people.npp.hlh.tfr,2037,UK,1.572485,children_per_woman,projection,ons_npp,NPP-2024based-2026-04-28,sourced,
people.npp.hlh.tfr,2038,UK,1.579696,children_per_woman,projection,ons_npp,NPP-2024based-2026-04-28,sourced,
people.npp.hlh.tfr,2039,UK,1.586395,children_per_woman,projection,ons_npp,NPP-2024based-2026-04-28,sourced,
people.npp.hlh.tfr,2040,UK,1.592611,children_per_woman,projection,ons_npp,NPP-2024based-2026-04-28,sourced,
people.npp.hlh.tfr,2041,UK,1.59784,children_per_woman,projection,ons_npp,NPP-2024based-2026-04-28,sourced,
people.npp.hlh.tfr,2042,UK,1.602009,children_per_woman,projection,ons_npp,NPP-2024based-2026-04-28,sourced,
people.npp.hlh.tfr,2043,UK,1.605541,children_per_woman,projection,ons_npp,NPP-2024based-2026-04-28,sourced,
people.npp.hlh.tfr,2044,UK,1.608735,children_per_woman,projection,ons_npp,NPP-2024based-2026-04-28,sourced,
people.npp.hlh.tfr,2045,UK,1.611304,children_per_woman,projection,ons_npp,NPP-2024based-2026-04-28,sourced,
people.npp.hlh.tfr,2046,UK,1.613058,children_per_woman,projection,ons_npp,NPP-2024based-2026-04-28,sourced,
people.npp.hlh.tfr,2047,UK,1.614937,children_per_woman,projection,ons_npp,NPP-2024based-2026-04-28,sourced,
people.npp.hlh.tfr,2048,UK,1.616957,children_per_woman,projection,ons_npp,NPP-2024based-2026-04-28,sourced,
people.npp.hlh.tfr,2049,UK,1.619089,children_per_woman,projection,ons_npp,NPP-2024based-2026-04-28,sourced,
people.npp.hlh.tfr,2050,UK,1.620175,children_per_woman,projection,ons_npp,NPP-2024based-2026-04-28,sourced,
people.npp.hlh.tfr,2051,UK,1.620188,children_per_woman,projection,ons_npp,NPP-2024based-2026-04-28,sourced,
people.npp.hlh.tfr,2052,UK,1.620167,children_per_woman,projection,ons_npp,NPP-2024based-2026-04-28,sourced,
people.npp.hlh.tfr,2053,UK,1.620157,children_per_woman,projection,ons_npp,NPP-2024based-2026-04-28,sourced,
people.npp.hlh.tfr,2054,UK,1.620178,children_per_woman,projection,ons_npp,NPP-2024based-2026-04-28,sourced,
people.npp.hlh.tfr,2055,UK,1.620178,children_per_woman,projection,ons_npp,NPP-2024based-2026-04-28,sourced,
people.npp.hlh.tfr,2056,UK,1.620178,children_per_woman,projection,ons_npp,NPP-2024based-2026-04-28,sourced,
people.npp.hlh.tfr,2057,UK,1.620202,children_per_woman,projection,ons_npp,NPP-2024based-2026-04-28,sourced,
people.npp.hlh.tfr,2058,UK,1.620201,children_per_woman,projection,ons_npp,NPP-2024based-2026-04-28,sourced,
people.npp.hlh.tfr,2059,UK,1.620204,children_per_woman,projection,ons_npp,NPP-2024based-2026-04-28,sourced,
people.npp.hlh.tfr,2060,UK,1.620204,children_per_woman,projection,ons_npp,NPP-2024based-2026-04-28,sourced,
people.npp.hlh.tfr,2061,UK,1.620232,children_per_woman,projection,ons_npp,NPP-2024based-2026-04-28,sourced,
people.npp.hlh.tfr,2062,UK,1.62025,children_per_woman,projection,ons_npp,NPP-2024based-2026-04-28,sourced,
people.npp.hlh.tfr,2063,UK,1.620258,children_per_woman,projection,ons_npp,NPP-2024based-2026-04-28,sourced,
people.npp.hlh.tfr,2064,UK,1.620263,children_per_woman,projection,ons_npp,NPP-2024based-2026-04-28,sourced,
people.npp.hlh.tfr,2065,UK,1.620279,children_per_woman,projection,ons_npp,NPP-2024based-2026-04-28,sourced,
people.npp.hlh.tfr,2066,UK,1.620275,children_per_woman,projection,ons_npp,NPP-2024based-2026-04-28,sourced,
people.npp.hlh.tfr,2067,UK,1.620288,children_per_woman,projection,ons_npp,NPP-2024based-2026-04-28,sourced,
people.npp.hlh.tfr,2068,UK,1.620289,children_per_woman,projection,ons_npp,NPP-2024based-2026-04-28,sourced,
people.npp.hlh.tfr,2069,UK,1.620305,children_per_woman,projection,ons_npp,NPP-2024based-2026-04-28,sourced,
people.npp.hlh.tfr,2070,UK,1.620317,children_per_woman,projection,ons_npp,NPP-2024based-2026-04-28,sourced,
people.npp.hlh.tfr,2071,UK,1.620333,children_per_woman,projection,ons_npp,NPP-2024based-2026-04-28,sourced,
people.npp.hlh.tfr,2072,UK,1.620344,children_per_woman,projection,ons_npp,NPP-2024based-2026-04-28,sourced,
people.npp.hlh.tfr,2073,UK,1.62034,children_per_woman,projection,ons_npp,NPP-2024based-2026-04-28,sourced,
people.npp.hlh.tfr,2074,UK,1.620348,children_per_woman,projection,ons_npp,NPP-2024based-2026-04-28,sourced,
people.npp.hlh.tfr,2075,UK,1.620365,children_per_woman,projection,ons_npp,NPP-2024based-2026-04-28,sourced,
people.npp.hlh.working_age,2024,UK,44296.4,persons_k,outturn,ons_npp,NPP-2024based-2026-04-28,sourced,"Base year of the 2024-based projections: ONS mid-2024 population estimate. ONS: Children under 16, working age, and pensionable age populations are based on State Pension Age (SPA) for a given year. Women's SPA increased to 65 between April 2016 and November 2018. From December 2018, the SPA for both sexes increased to 66 by October 2020 (Pensions Act 2011). Between 2026 and 2028, the SPA will increase from 66 to 67 years for both sexes (Pensions Act 2014), and will increase to 68 between 2044 and 2046 (Pensions Act 2007)."
people.npp.hlh.working_age,2025,UK,44422.98,persons_k,projection,ons_npp,NPP-2024based-2026-04-28,sourced,
people.npp.hlh.working_age,2026,UK,44710.381661,persons_k,projection,ons_npp,NPP-2024based-2026-04-28,sourced,
people.npp.hlh.working_age,2027,UK,45428.677526,persons_k,projection,ons_npp,NPP-2024based-2026-04-28,sourced,
people.npp.hlh.working_age,2028,UK,46029.991,persons_k,projection,ons_npp,NPP-2024based-2026-04-28,sourced,
people.npp.hlh.working_age,2029,UK,46305.499,persons_k,projection,ons_npp,NPP-2024based-2026-04-28,sourced,
people.npp.hlh.working_age,2030,UK,46549.151,persons_k,projection,ons_npp,NPP-2024based-2026-04-28,sourced,
people.npp.hlh.working_age,2031,UK,46778.391,persons_k,projection,ons_npp,NPP-2024based-2026-04-28,sourced,
people.npp.hlh.working_age,2032,UK,47010.247,persons_k,projection,ons_npp,NPP-2024based-2026-04-28,sourced,
people.npp.hlh.working_age,2033,UK,47232.776,persons_k,projection,ons_npp,NPP-2024based-2026-04-28,sourced,
people.npp.hlh.working_age,2034,UK,47441.532,persons_k,projection,ons_npp,NPP-2024based-2026-04-28,sourced,
people.npp.hlh.working_age,2035,UK,47653.294,persons_k,projection,ons_npp,NPP-2024based-2026-04-28,sourced,
people.npp.hlh.working_age,2036,UK,47855.479,persons_k,projection,ons_npp,NPP-2024based-2026-04-28,sourced,
people.npp.hlh.working_age,2037,UK,48056.85,persons_k,projection,ons_npp,NPP-2024based-2026-04-28,sourced,
people.npp.hlh.working_age,2038,UK,48248.465,persons_k,projection,ons_npp,NPP-2024based-2026-04-28,sourced,
people.npp.hlh.working_age,2039,UK,48437.786,persons_k,projection,ons_npp,NPP-2024based-2026-04-28,sourced,
people.npp.hlh.working_age,2040,UK,48643.857,persons_k,projection,ons_npp,NPP-2024based-2026-04-28,sourced,
people.npp.hlh.working_age,2041,UK,48866.353,persons_k,projection,ons_npp,NPP-2024based-2026-04-28,sourced,
people.npp.hlh.working_age,2042,UK,49115.278,persons_k,projection,ons_npp,NPP-2024based-2026-04-28,sourced,
people.npp.hlh.working_age,2043,UK,49384.589,persons_k,projection,ons_npp,NPP-2024based-2026-04-28,sourced,
people.npp.hlh.working_age,2044,UK,49789.128334,persons_k,projection,ons_npp,NPP-2024based-2026-04-28,sourced,
people.npp.hlh.working_age,2045,UK,50447.816474,persons_k,projection,ons_npp,NPP-2024based-2026-04-28,sourced,
people.npp.hlh.working_age,2046,UK,51004.588,persons_k,projection,ons_npp,NPP-2024based-2026-04-28,sourced,
people.npp.hlh.working_age,2047,UK,51250.257,persons_k,projection,ons_npp,NPP-2024based-2026-04-28,sourced,
people.npp.hlh.working_age,2048,UK,51468.808,persons_k,projection,ons_npp,NPP-2024based-2026-04-28,sourced,
people.npp.hlh.working_age,2049,UK,51694.409,persons_k,projection,ons_npp,NPP-2024based-2026-04-28,sourced,
people.npp.hlh.working_age,2050,UK,51932.352,persons_k,projection,ons_npp,NPP-2024based-2026-04-28,sourced,
people.npp.hlh.working_age,2051,UK,52169.335,persons_k,projection,ons_npp,NPP-2024based-2026-04-28,sourced,
people.npp.hlh.working_age,2052,UK,52411.416,persons_k,projection,ons_npp,NPP-2024based-2026-04-28,sourced,
people.npp.hlh.working_age,2053,UK,52632.491,persons_k,projection,ons_npp,NPP-2024based-2026-04-28,sourced,
people.npp.hlh.working_age,2054,UK,52853.765,persons_k,projection,ons_npp,NPP-2024based-2026-04-28,sourced,
people.npp.hlh.working_age,2055,UK,53073.893,persons_k,projection,ons_npp,NPP-2024based-2026-04-28,sourced,
people.npp.hlh.working_age,2056,UK,53278.291,persons_k,projection,ons_npp,NPP-2024based-2026-04-28,sourced,
people.npp.hlh.working_age,2057,UK,53493.33,persons_k,projection,ons_npp,NPP-2024based-2026-04-28,sourced,
people.npp.hlh.working_age,2058,UK,53701.635,persons_k,projection,ons_npp,NPP-2024based-2026-04-28,sourced,
people.npp.hlh.working_age,2059,UK,53905.433,persons_k,projection,ons_npp,NPP-2024based-2026-04-28,sourced,
people.npp.hlh.working_age,2060,UK,54115.925,persons_k,projection,ons_npp,NPP-2024based-2026-04-28,sourced,
people.npp.hlh.working_age,2061,UK,54340.812,persons_k,projection,ons_npp,NPP-2024based-2026-04-28,sourced,
people.npp.hlh.working_age,2062,UK,54557.201,persons_k,projection,ons_npp,NPP-2024based-2026-04-28,sourced,
people.npp.hlh.working_age,2063,UK,54781.51,persons_k,projection,ons_npp,NPP-2024based-2026-04-28,sourced,
people.npp.hlh.working_age,2064,UK,55002.215,persons_k,projection,ons_npp,NPP-2024based-2026-04-28,sourced,
people.npp.hlh.working_age,2065,UK,55196.664,persons_k,projection,ons_npp,NPP-2024based-2026-04-28,sourced,
people.npp.hlh.working_age,2066,UK,55393.205,persons_k,projection,ons_npp,NPP-2024based-2026-04-28,sourced,
people.npp.hlh.working_age,2067,UK,55590.867,persons_k,projection,ons_npp,NPP-2024based-2026-04-28,sourced,
people.npp.hlh.working_age,2068,UK,55810.867,persons_k,projection,ons_npp,NPP-2024based-2026-04-28,sourced,
people.npp.hlh.working_age,2069,UK,56046.37,persons_k,projection,ons_npp,NPP-2024based-2026-04-28,sourced,
people.npp.hlh.working_age,2070,UK,56275.873,persons_k,projection,ons_npp,NPP-2024based-2026-04-28,sourced,
people.npp.hlh.working_age,2071,UK,56483.08,persons_k,projection,ons_npp,NPP-2024based-2026-04-28,sourced,
people.npp.hlh.working_age,2072,UK,56660.79,persons_k,projection,ons_npp,NPP-2024based-2026-04-28,sourced,
people.npp.hlh.working_age,2073,UK,56810.408,persons_k,projection,ons_npp,NPP-2024based-2026-04-28,sourced,
people.npp.hlh.working_age,2074,UK,56943.559,persons_k,projection,ons_npp,NPP-2024based-2026-04-28,sourced,
people.npp.hlh.working_age,2075,UK,57050.888,persons_k,projection,ons_npp,NPP-2024based-2026-04-28,sourced,
people.npp.hpp.births,2025,UK,651.889,persons_k,projection,ons_npp,NPP-2024based-2026-04-28,sourced,
people.npp.hpp.births,2026,UK,666.996,persons_k,projection,ons_npp,NPP-2024based-2026-04-28,sourced,
people.npp.hpp.births,2027,UK,671.506,persons_k,projection,ons_npp,NPP-2024based-2026-04-28,sourced,
people.npp.hpp.births,2028,UK,676.563,persons_k,projection,ons_npp,NPP-2024based-2026-04-28,sourced,
people.npp.hpp.births,2029,UK,681.44,persons_k,projection,ons_npp,NPP-2024based-2026-04-28,sourced,
people.npp.hpp.births,2030,UK,686.196,persons_k,projection,ons_npp,NPP-2024based-2026-04-28,sourced,
people.npp.hpp.births,2031,UK,690.701,persons_k,projection,ons_npp,NPP-2024based-2026-04-28,sourced,
people.npp.hpp.births,2032,UK,694.687,persons_k,projection,ons_npp,NPP-2024based-2026-04-28,sourced,
people.npp.hpp.births,2033,UK,698.37,persons_k,projection,ons_npp,NPP-2024based-2026-04-28,sourced,
people.npp.hpp.births,2034,UK,701.97,persons_k,projection,ons_npp,NPP-2024based-2026-04-28,sourced,
people.npp.hpp.births,2035,UK,705.586,persons_k,projection,ons_npp,NPP-2024based-2026-04-28,sourced,
people.npp.hpp.births,2036,UK,709.811,persons_k,projection,ons_npp,NPP-2024based-2026-04-28,sourced,
people.npp.hpp.births,2037,UK,714.426,persons_k,projection,ons_npp,NPP-2024based-2026-04-28,sourced,
people.npp.hpp.births,2038,UK,719.315,persons_k,projection,ons_npp,NPP-2024based-2026-04-28,sourced,
people.npp.hpp.births,2039,UK,724.411,persons_k,projection,ons_npp,NPP-2024based-2026-04-28,sourced,
people.npp.hpp.births,2040,UK,729.287,persons_k,projection,ons_npp,NPP-2024based-2026-04-28,sourced,
people.npp.hpp.births,2041,UK,733.425,persons_k,projection,ons_npp,NPP-2024based-2026-04-28,sourced,
people.npp.hpp.births,2042,UK,736.727,persons_k,projection,ons_npp,NPP-2024based-2026-04-28,sourced,
people.npp.hpp.births,2043,UK,739.162,persons_k,projection,ons_npp,NPP-2024based-2026-04-28,sourced,
people.npp.hpp.births,2044,UK,740.534,persons_k,projection,ons_npp,NPP-2024based-2026-04-28,sourced,
people.npp.hpp.births,2045,UK,740.697,persons_k,projection,ons_npp,NPP-2024based-2026-04-28,sourced,
people.npp.hpp.births,2046,UK,739.71,persons_k,projection,ons_npp,NPP-2024based-2026-04-28,sourced,
people.npp.hpp.births,2047,UK,738.058,persons_k,projection,ons_npp,NPP-2024based-2026-04-28,sourced,
people.npp.hpp.births,2048,UK,735.776,persons_k,projection,ons_npp,NPP-2024based-2026-04-28,sourced,
people.npp.hpp.births,2049,UK,732.775,persons_k,projection,ons_npp,NPP-2024based-2026-04-28,sourced,
people.npp.hpp.births,2050,UK,728.461,persons_k,projection,ons_npp,NPP-2024based-2026-04-28,sourced,
people.npp.hpp.births,2051,UK,722.984,persons_k,projection,ons_npp,NPP-2024based-2026-04-28,sourced,
people.npp.hpp.births,2052,UK,717.196,persons_k,projection,ons_npp,NPP-2024based-2026-04-28,sourced,
people.npp.hpp.births,2053,UK,711.119,persons_k,projection,ons_npp,NPP-2024based-2026-04-28,sourced,
people.npp.hpp.births,2054,UK,704.851,persons_k,projection,ons_npp,NPP-2024based-2026-04-28,sourced,
people.npp.hpp.births,2055,UK,698.773,persons_k,projection,ons_npp,NPP-2024based-2026-04-28,sourced,
people.npp.hpp.births,2056,UK,693.372,persons_k,projection,ons_npp,NPP-2024based-2026-04-28,sourced,
people.npp.hpp.births,2057,UK,688.982,persons_k,projection,ons_npp,NPP-2024based-2026-04-28,sourced,
people.npp.hpp.births,2058,UK,685.452,persons_k,projection,ons_npp,NPP-2024based-2026-04-28,sourced,
people.npp.hpp.births,2059,UK,682.789,persons_k,projection,ons_npp,NPP-2024based-2026-04-28,sourced,
people.npp.hpp.births,2060,UK,681.103,persons_k,projection,ons_npp,NPP-2024based-2026-04-28,sourced,
people.npp.hpp.births,2061,UK,680.369,persons_k,projection,ons_npp,NPP-2024based-2026-04-28,sourced,
people.npp.hpp.births,2062,UK,680.59,persons_k,projection,ons_npp,NPP-2024based-2026-04-28,sourced,
people.npp.hpp.births,2063,UK,681.404,persons_k,projection,ons_npp,NPP-2024based-2026-04-28,sourced,
people.npp.hpp.births,2064,UK,682.585,persons_k,projection,ons_npp,NPP-2024based-2026-04-28,sourced,
people.npp.hpp.births,2065,UK,684.202,persons_k,projection,ons_npp,NPP-2024based-2026-04-28,sourced,
people.npp.hpp.births,2066,UK,686.281,persons_k,projection,ons_npp,NPP-2024based-2026-04-28,sourced,
people.npp.hpp.births,2067,UK,688.72,persons_k,projection,ons_npp,NPP-2024based-2026-04-28,sourced,
people.npp.hpp.births,2068,UK,691.335,persons_k,projection,ons_npp,NPP-2024based-2026-04-28,sourced,
people.npp.hpp.births,2069,UK,693.965,persons_k,projection,ons_npp,NPP-2024based-2026-04-28,sourced,
people.npp.hpp.births,2070,UK,696.475,persons_k,projection,ons_npp,NPP-2024based-2026-04-28,sourced,
people.npp.hpp.births,2071,UK,698.865,persons_k,projection,ons_npp,NPP-2024based-2026-04-28,sourced,
people.npp.hpp.births,2072,UK,701.072,persons_k,projection,ons_npp,NPP-2024based-2026-04-28,sourced,
people.npp.hpp.births,2073,UK,702.998,persons_k,projection,ons_npp,NPP-2024based-2026-04-28,sourced,
people.npp.hpp.births,2074,UK,704.547,persons_k,projection,ons_npp,NPP-2024based-2026-04-28,sourced,
people.npp.hpp.births,2075,UK,705.701,persons_k,projection,ons_npp,NPP-2024based-2026-04-28,sourced,
people.npp.hpp.deaths,2025,UK,634.986,persons_k,projection,ons_npp,NPP-2024based-2026-04-28,sourced,
people.npp.hpp.deaths,2026,UK,665.805,persons_k,projection,ons_npp,NPP-2024based-2026-04-28,sourced,
people.npp.hpp.deaths,2027,UK,669.715,persons_k,projection,ons_npp,NPP-2024based-2026-04-28,sourced,
people.npp.hpp.deaths,2028,UK,674.917,persons_k,projection,ons_npp,NPP-2024based-2026-04-28,sourced,
people.npp.hpp.deaths,2029,UK,681.116,persons_k,projection,ons_npp,NPP-2024based-2026-04-28,sourced,
people.npp.hpp.deaths,2030,UK,688.121,persons_k,projection,ons_npp,NPP-2024based-2026-04-28,sourced,
people.npp.hpp.deaths,2031,UK,695.712,persons_k,projection,ons_npp,NPP-2024based-2026-04-28,sourced,
people.npp.hpp.deaths,2032,UK,703.78,persons_k,projection,ons_npp,NPP-2024based-2026-04-28,sourced,
people.npp.hpp.deaths,2033,UK,712.139,persons_k,projection,ons_npp,NPP-2024based-2026-04-28,sourced,
people.npp.hpp.deaths,2034,UK,720.658,persons_k,projection,ons_npp,NPP-2024based-2026-04-28,sourced,
people.npp.hpp.deaths,2035,UK,729.193,persons_k,projection,ons_npp,NPP-2024based-2026-04-28,sourced,
people.npp.hpp.deaths,2036,UK,737.626,persons_k,projection,ons_npp,NPP-2024based-2026-04-28,sourced,
people.npp.hpp.deaths,2037,UK,745.837,persons_k,projection,ons_npp,NPP-2024based-2026-04-28,sourced,
people.npp.hpp.deaths,2038,UK,753.748,persons_k,projection,ons_npp,NPP-2024based-2026-04-28,sourced,
people.npp.hpp.deaths,2039,UK,761.249,persons_k,projection,ons_npp,NPP-2024based-2026-04-28,sourced,
people.npp.hpp.deaths,2040,UK,768.231,persons_k,projection,ons_npp,NPP-2024based-2026-04-28,sourced,
people.npp.hpp.deaths,2041,UK,774.66,persons_k,projection,ons_npp,NPP-2024based-2026-04-28,sourced,
people.npp.hpp.deaths,2042,UK,780.579,persons_k,projection,ons_npp,NPP-2024based-2026-04-28,sourced,
people.npp.hpp.deaths,2043,UK,786.071,persons_k,projection,ons_npp,NPP-2024based-2026-04-28,sourced,
people.npp.hpp.deaths,2044,UK,791.172,persons_k,projection,ons_npp,NPP-2024based-2026-04-28,sourced,
people.npp.hpp.deaths,2045,UK,796.032,persons_k,projection,ons_npp,NPP-2024based-2026-04-28,sourced,
people.npp.hpp.deaths,2046,UK,800.75,persons_k,projection,ons_npp,NPP-2024based-2026-04-28,sourced,
people.npp.hpp.deaths,2047,UK,805.432,persons_k,projection,ons_npp,NPP-2024based-2026-04-28,sourced,
people.npp.hpp.deaths,2048,UK,810.22,persons_k,projection,ons_npp,NPP-2024based-2026-04-28,sourced,
people.npp.hpp.deaths,2049,UK,815.125,persons_k,projection,ons_npp,NPP-2024based-2026-04-28,sourced,
people.npp.hpp.deaths,2050,UK,820.126,persons_k,projection,ons_npp,NPP-2024based-2026-04-28,sourced,
people.npp.hpp.deaths,2051,UK,825.172,persons_k,projection,ons_npp,NPP-2024based-2026-04-28,sourced,
people.npp.hpp.deaths,2052,UK,830.186,persons_k,projection,ons_npp,NPP-2024based-2026-04-28,sourced,
people.npp.hpp.deaths,2053,UK,835.028,persons_k,projection,ons_npp,NPP-2024based-2026-04-28,sourced,
people.npp.hpp.deaths,2054,UK,839.58,persons_k,projection,ons_npp,NPP-2024based-2026-04-28,sourced,
people.npp.hpp.deaths,2055,UK,843.738,persons_k,projection,ons_npp,NPP-2024based-2026-04-28,sourced,
people.npp.hpp.deaths,2056,UK,847.337,persons_k,projection,ons_npp,NPP-2024based-2026-04-28,sourced,
people.npp.hpp.deaths,2057,UK,850.34,persons_k,projection,ons_npp,NPP-2024based-2026-04-28,sourced,
people.npp.hpp.deaths,2058,UK,852.627,persons_k,projection,ons_npp,NPP-2024based-2026-04-28,sourced,
people.npp.hpp.deaths,2059,UK,854.245,persons_k,projection,ons_npp,NPP-2024based-2026-04-28,sourced,
people.npp.hpp.deaths,2060,UK,855.224,persons_k,projection,ons_npp,NPP-2024based-2026-04-28,sourced,
people.npp.hpp.deaths,2061,UK,855.596,persons_k,projection,ons_npp,NPP-2024based-2026-04-28,sourced,
people.npp.hpp.deaths,2062,UK,855.527,persons_k,projection,ons_npp,NPP-2024based-2026-04-28,sourced,
people.npp.hpp.deaths,2063,UK,855.081,persons_k,projection,ons_npp,NPP-2024based-2026-04-28,sourced,
people.npp.hpp.deaths,2064,UK,854.459,persons_k,projection,ons_npp,NPP-2024based-2026-04-28,sourced,
people.npp.hpp.deaths,2065,UK,853.727,persons_k,projection,ons_npp,NPP-2024based-2026-04-28,sourced,
people.npp.hpp.deaths,2066,UK,853.131,persons_k,projection,ons_npp,NPP-2024based-2026-04-28,sourced,
people.npp.hpp.deaths,2067,UK,852.741,persons_k,projection,ons_npp,NPP-2024based-2026-04-28,sourced,
people.npp.hpp.deaths,2068,UK,852.763,persons_k,projection,ons_npp,NPP-2024based-2026-04-28,sourced,
people.npp.hpp.deaths,2069,UK,853.254,persons_k,projection,ons_npp,NPP-2024based-2026-04-28,sourced,
people.npp.hpp.deaths,2070,UK,854.387,persons_k,projection,ons_npp,NPP-2024based-2026-04-28,sourced,
people.npp.hpp.deaths,2071,UK,856.247,persons_k,projection,ons_npp,NPP-2024based-2026-04-28,sourced,
people.npp.hpp.deaths,2072,UK,858.808,persons_k,projection,ons_npp,NPP-2024based-2026-04-28,sourced,
people.npp.hpp.deaths,2073,UK,862.075,persons_k,projection,ons_npp,NPP-2024based-2026-04-28,sourced,
people.npp.hpp.deaths,2074,UK,865.894,persons_k,projection,ons_npp,NPP-2024based-2026-04-28,sourced,
people.npp.hpp.deaths,2075,UK,870.195,persons_k,projection,ons_npp,NPP-2024based-2026-04-28,sourced,
people.npp.hpp.life_expectancy_female,2025,UK,83.63176,years,projection,ons_npp,NPP-2024based-2026-04-28,sourced,
people.npp.hpp.life_expectancy_female,2026,UK,83.481519,years,projection,ons_npp,NPP-2024based-2026-04-28,sourced,
people.npp.hpp.life_expectancy_female,2027,UK,83.612131,years,projection,ons_npp,NPP-2024based-2026-04-28,sourced,
people.npp.hpp.life_expectancy_female,2028,UK,83.737545,years,projection,ons_npp,NPP-2024based-2026-04-28,sourced,
people.npp.hpp.life_expectancy_female,2029,UK,83.858448,years,projection,ons_npp,NPP-2024based-2026-04-28,sourced,
people.npp.hpp.life_expectancy_female,2030,UK,83.976779,years,projection,ons_npp,NPP-2024based-2026-04-28,sourced,
people.npp.hpp.life_expectancy_female,2031,UK,84.092373,years,projection,ons_npp,NPP-2024based-2026-04-28,sourced,
people.npp.hpp.life_expectancy_female,2032,UK,84.205066,years,projection,ons_npp,NPP-2024based-2026-04-28,sourced,
people.npp.hpp.life_expectancy_female,2033,UK,84.314385,years,projection,ons_npp,NPP-2024based-2026-04-28,sourced,
people.npp.hpp.life_expectancy_female,2034,UK,84.422419,years,projection,ons_npp,NPP-2024based-2026-04-28,sourced,
people.npp.hpp.life_expectancy_female,2035,UK,84.52788,years,projection,ons_npp,NPP-2024based-2026-04-28,sourced,
people.npp.hpp.life_expectancy_female,2036,UK,84.632404,years,projection,ons_npp,NPP-2024based-2026-04-28,sourced,
people.npp.hpp.life_expectancy_female,2037,UK,84.734612,years,projection,ons_npp,NPP-2024based-2026-04-28,sourced,
people.npp.hpp.life_expectancy_female,2038,UK,84.836907,years,projection,ons_npp,NPP-2024based-2026-04-28,sourced,
people.npp.hpp.life_expectancy_female,2039,UK,84.935902,years,projection,ons_npp,NPP-2024based-2026-04-28,sourced,
people.npp.hpp.life_expectancy_female,2040,UK,85.035785,years,projection,ons_npp,NPP-2024based-2026-04-28,sourced,
people.npp.hpp.life_expectancy_female,2041,UK,85.134404,years,projection,ons_npp,NPP-2024based-2026-04-28,sourced,
people.npp.hpp.life_expectancy_female,2042,UK,85.233196,years,projection,ons_npp,NPP-2024based-2026-04-28,sourced,
people.npp.hpp.life_expectancy_female,2043,UK,85.331051,years,projection,ons_npp,NPP-2024based-2026-04-28,sourced,
people.npp.hpp.life_expectancy_female,2044,UK,85.429274,years,projection,ons_npp,NPP-2024based-2026-04-28,sourced,
people.npp.hpp.life_expectancy_female,2045,UK,85.527397,years,projection,ons_npp,NPP-2024based-2026-04-28,sourced,
people.npp.hpp.life_expectancy_female,2046,UK,85.624172,years,projection,ons_npp,NPP-2024based-2026-04-28,sourced,
people.npp.hpp.life_expectancy_female,2047,UK,85.721339,years,projection,ons_npp,NPP-2024based-2026-04-28,sourced,
people.npp.hpp.life_expectancy_female,2048,UK,85.818088,years,projection,ons_npp,NPP-2024based-2026-04-28,sourced,
people.npp.hpp.life_expectancy_female,2049,UK,85.913206,years,projection,ons_npp,NPP-2024based-2026-04-28,sourced,
people.npp.hpp.life_expectancy_female,2050,UK,86.009223,years,projection,ons_npp,NPP-2024based-2026-04-28,sourced,
people.npp.hpp.life_expectancy_female,2051,UK,86.1052,years,projection,ons_npp,NPP-2024based-2026-04-28,sourced,
people.npp.hpp.life_expectancy_female,2052,UK,86.201595,years,projection,ons_npp,NPP-2024based-2026-04-28,sourced,
people.npp.hpp.life_expectancy_female,2053,UK,86.296235,years,projection,ons_npp,NPP-2024based-2026-04-28,sourced,
people.npp.hpp.life_expectancy_female,2054,UK,86.391249,years,projection,ons_npp,NPP-2024based-2026-04-28,sourced,
people.npp.hpp.life_expectancy_female,2055,UK,86.485571,years,projection,ons_npp,NPP-2024based-2026-04-28,sourced,
people.npp.hpp.life_expectancy_female,2056,UK,86.580368,years,projection,ons_npp,NPP-2024based-2026-04-28,sourced,
people.npp.hpp.life_expectancy_female,2057,UK,86.673677,years,projection,ons_npp,NPP-2024based-2026-04-28,sourced,
people.npp.hpp.life_expectancy_female,2058,UK,86.768918,years,projection,ons_npp,NPP-2024based-2026-04-28,sourced,
people.npp.hpp.life_expectancy_female,2059,UK,86.862478,years,projection,ons_npp,NPP-2024based-2026-04-28,sourced,
people.npp.hpp.life_expectancy_female,2060,UK,86.954837,years,projection,ons_npp,NPP-2024based-2026-04-28,sourced,
people.npp.hpp.life_expectancy_female,2061,UK,87.047367,years,projection,ons_npp,NPP-2024based-2026-04-28,sourced,
people.npp.hpp.life_expectancy_female,2062,UK,87.140725,years,projection,ons_npp,NPP-2024based-2026-04-28,sourced,
people.npp.hpp.life_expectancy_female,2063,UK,87.233345,years,projection,ons_npp,NPP-2024based-2026-04-28,sourced,
people.npp.hpp.life_expectancy_female,2064,UK,87.32486,years,projection,ons_npp,NPP-2024based-2026-04-28,sourced,
people.npp.hpp.life_expectancy_female,2065,UK,87.417907,years,projection,ons_npp,NPP-2024based-2026-04-28,sourced,
people.npp.hpp.life_expectancy_female,2066,UK,87.507922,years,projection,ons_npp,NPP-2024based-2026-04-28,sourced,
people.npp.hpp.life_expectancy_female,2067,UK,87.600023,years,projection,ons_npp,NPP-2024based-2026-04-28,sourced,
people.npp.hpp.life_expectancy_female,2068,UK,87.690271,years,projection,ons_npp,NPP-2024based-2026-04-28,sourced,
people.npp.hpp.life_expectancy_female,2069,UK,87.781587,years,projection,ons_npp,NPP-2024based-2026-04-28,sourced,
people.npp.hpp.life_expectancy_female,2070,UK,87.871864,years,projection,ons_npp,NPP-2024based-2026-04-28,sourced,
people.npp.hpp.life_expectancy_female,2071,UK,87.961784,years,projection,ons_npp,NPP-2024based-2026-04-28,sourced,
people.npp.hpp.life_expectancy_female,2072,UK,88.052086,years,projection,ons_npp,NPP-2024based-2026-04-28,sourced,
people.npp.hpp.life_expectancy_female,2073,UK,88.141704,years,projection,ons_npp,NPP-2024based-2026-04-28,sourced,
people.npp.hpp.life_expectancy_female,2074,UK,88.229723,years,projection,ons_npp,NPP-2024based-2026-04-28,sourced,
people.npp.hpp.life_expectancy_female,2075,UK,88.318573,years,projection,ons_npp,NPP-2024based-2026-04-28,sourced,
people.npp.hpp.life_expectancy_male,2025,UK,79.853947,years,projection,ons_npp,NPP-2024based-2026-04-28,sourced,
people.npp.hpp.life_expectancy_male,2026,UK,79.644116,years,projection,ons_npp,NPP-2024based-2026-04-28,sourced,
people.npp.hpp.life_expectancy_male,2027,UK,79.785178,years,projection,ons_npp,NPP-2024based-2026-04-28,sourced,
people.npp.hpp.life_expectancy_male,2028,UK,79.921682,years,projection,ons_npp,NPP-2024based-2026-04-28,sourced,
people.npp.hpp.life_expectancy_male,2029,UK,80.054256,years,projection,ons_npp,NPP-2024based-2026-04-28,sourced,
people.npp.hpp.life_expectancy_male,2030,UK,80.184473,years,projection,ons_npp,NPP-2024based-2026-04-28,sourced,
people.npp.hpp.life_expectancy_male,2031,UK,80.312112,years,projection,ons_npp,NPP-2024based-2026-04-28,sourced,
people.npp.hpp.life_expectancy_male,2032,UK,80.435685,years,projection,ons_npp,NPP-2024based-2026-04-28,sourced,
people.npp.hpp.life_expectancy_male,2033,UK,80.557339,years,projection,ons_npp,NPP-2024based-2026-04-28,sourced,
people.npp.hpp.life_expectancy_male,2034,UK,80.677861,years,projection,ons_npp,NPP-2024based-2026-04-28,sourced,
people.npp.hpp.life_expectancy_male,2035,UK,80.795641,years,projection,ons_npp,NPP-2024based-2026-04-28,sourced,
people.npp.hpp.life_expectancy_male,2036,UK,80.91209,years,projection,ons_npp,NPP-2024based-2026-04-28,sourced,
people.npp.hpp.life_expectancy_male,2037,UK,81.028047,years,projection,ons_npp,NPP-2024based-2026-04-28,sourced,
people.npp.hpp.life_expectancy_male,2038,UK,81.142453,years,projection,ons_npp,NPP-2024based-2026-04-28,sourced,
people.npp.hpp.life_expectancy_male,2039,UK,81.256718,years,projection,ons_npp,NPP-2024based-2026-04-28,sourced,
people.npp.hpp.life_expectancy_male,2040,UK,81.369569,years,projection,ons_npp,NPP-2024based-2026-04-28,sourced,
people.npp.hpp.life_expectancy_male,2041,UK,81.483048,years,projection,ons_npp,NPP-2024based-2026-04-28,sourced,
people.npp.hpp.life_expectancy_male,2042,UK,81.594992,years,projection,ons_npp,NPP-2024based-2026-04-28,sourced,
people.npp.hpp.life_expectancy_male,2043,UK,81.705866,years,projection,ons_npp,NPP-2024based-2026-04-28,sourced,
people.npp.hpp.life_expectancy_male,2044,UK,81.816931,years,projection,ons_npp,NPP-2024based-2026-04-28,sourced,
people.npp.hpp.life_expectancy_male,2045,UK,81.926268,years,projection,ons_npp,NPP-2024based-2026-04-28,sourced,
people.npp.hpp.life_expectancy_male,2046,UK,82.036275,years,projection,ons_npp,NPP-2024based-2026-04-28,sourced,
people.npp.hpp.life_expectancy_male,2047,UK,82.144599,years,projection,ons_npp,NPP-2024based-2026-04-28,sourced,
people.npp.hpp.life_expectancy_male,2048,UK,82.252757,years,projection,ons_npp,NPP-2024based-2026-04-28,sourced,
people.npp.hpp.life_expectancy_male,2049,UK,82.361242,years,projection,ons_npp,NPP-2024based-2026-04-28,sourced,
people.npp.hpp.life_expectancy_male,2050,UK,82.469856,years,projection,ons_npp,NPP-2024based-2026-04-28,sourced,
people.npp.hpp.life_expectancy_male,2051,UK,82.577336,years,projection,ons_npp,NPP-2024based-2026-04-28,sourced,
people.npp.hpp.life_expectancy_male,2052,UK,82.684129,years,projection,ons_npp,NPP-2024based-2026-04-28,sourced,
people.npp.hpp.life_expectancy_male,2053,UK,82.791507,years,projection,ons_npp,NPP-2024based-2026-04-28,sourced,
people.npp.hpp.life_expectancy_male,2054,UK,82.897938,years,projection,ons_npp,NPP-2024based-2026-04-28,sourced,
people.npp.hpp.life_expectancy_male,2055,UK,83.003585,years,projection,ons_npp,NPP-2024based-2026-04-28,sourced,
people.npp.hpp.life_expectancy_male,2056,UK,83.109995,years,projection,ons_npp,NPP-2024based-2026-04-28,sourced,
people.npp.hpp.life_expectancy_male,2057,UK,83.216971,years,projection,ons_npp,NPP-2024based-2026-04-28,sourced,
people.npp.hpp.life_expectancy_male,2058,UK,83.322429,years,projection,ons_npp,NPP-2024based-2026-04-28,sourced,
people.npp.hpp.life_expectancy_male,2059,UK,83.427787,years,projection,ons_npp,NPP-2024based-2026-04-28,sourced,
people.npp.hpp.life_expectancy_male,2060,UK,83.533075,years,projection,ons_npp,NPP-2024based-2026-04-28,sourced,
people.npp.hpp.life_expectancy_male,2061,UK,83.638746,years,projection,ons_npp,NPP-2024based-2026-04-28,sourced,
people.npp.hpp.life_expectancy_male,2062,UK,83.741915,years,projection,ons_npp,NPP-2024based-2026-04-28,sourced,
people.npp.hpp.life_expectancy_male,2063,UK,83.847374,years,projection,ons_npp,NPP-2024based-2026-04-28,sourced,
people.npp.hpp.life_expectancy_male,2064,UK,83.95022,years,projection,ons_npp,NPP-2024based-2026-04-28,sourced,
people.npp.hpp.life_expectancy_male,2065,UK,84.053983,years,projection,ons_npp,NPP-2024based-2026-04-28,sourced,
people.npp.hpp.life_expectancy_male,2066,UK,84.158,years,projection,ons_npp,NPP-2024based-2026-04-28,sourced,
people.npp.hpp.life_expectancy_male,2067,UK,84.262189,years,projection,ons_npp,NPP-2024based-2026-04-28,sourced,
people.npp.hpp.life_expectancy_male,2068,UK,84.364629,years,projection,ons_npp,NPP-2024based-2026-04-28,sourced,
people.npp.hpp.life_expectancy_male,2069,UK,84.467911,years,projection,ons_npp,NPP-2024based-2026-04-28,sourced,
people.npp.hpp.life_expectancy_male,2070,UK,84.570517,years,projection,ons_npp,NPP-2024based-2026-04-28,sourced,
people.npp.hpp.life_expectancy_male,2071,UK,84.672771,years,projection,ons_npp,NPP-2024based-2026-04-28,sourced,
people.npp.hpp.life_expectancy_male,2072,UK,84.775776,years,projection,ons_npp,NPP-2024based-2026-04-28,sourced,
people.npp.hpp.life_expectancy_male,2073,UK,84.877303,years,projection,ons_npp,NPP-2024based-2026-04-28,sourced,
people.npp.hpp.life_expectancy_male,2074,UK,84.979503,years,projection,ons_npp,NPP-2024based-2026-04-28,sourced,
people.npp.hpp.life_expectancy_male,2075,UK,85.07962,years,projection,ons_npp,NPP-2024based-2026-04-28,sourced,
people.npp.hpp.net_migration,2025,UK,204.0,persons_k,projection,ons_npp,NPP-2024based-2026-04-28,sourced,
people.npp.hpp.net_migration,2026,UK,138.0,persons_k,projection,ons_npp,NPP-2024based-2026-04-28,sourced,
people.npp.hpp.net_migration,2027,UK,230.0,persons_k,projection,ons_npp,NPP-2024based-2026-04-28,sourced,
people.npp.hpp.net_migration,2028,UK,230.0,persons_k,projection,ons_npp,NPP-2024based-2026-04-28,sourced,
people.npp.hpp.net_migration,2029,UK,230.0,persons_k,projection,ons_npp,NPP-2024based-2026-04-28,sourced,
people.npp.hpp.net_migration,2030,UK,230.0,persons_k,projection,ons_npp,NPP-2024based-2026-04-28,sourced,
people.npp.hpp.net_migration,2031,UK,230.0,persons_k,projection,ons_npp,NPP-2024based-2026-04-28,sourced,
people.npp.hpp.net_migration,2032,UK,230.0,persons_k,projection,ons_npp,NPP-2024based-2026-04-28,sourced,
people.npp.hpp.net_migration,2033,UK,230.0,persons_k,projection,ons_npp,NPP-2024based-2026-04-28,sourced,
people.npp.hpp.net_migration,2034,UK,230.0,persons_k,projection,ons_npp,NPP-2024based-2026-04-28,sourced,
people.npp.hpp.net_migration,2035,UK,230.0,persons_k,projection,ons_npp,NPP-2024based-2026-04-28,sourced,
people.npp.hpp.net_migration,2036,UK,230.0,persons_k,projection,ons_npp,NPP-2024based-2026-04-28,sourced,
people.npp.hpp.net_migration,2037,UK,230.0,persons_k,projection,ons_npp,NPP-2024based-2026-04-28,sourced,
people.npp.hpp.net_migration,2038,UK,230.0,persons_k,projection,ons_npp,NPP-2024based-2026-04-28,sourced,
people.npp.hpp.net_migration,2039,UK,230.0,persons_k,projection,ons_npp,NPP-2024based-2026-04-28,sourced,
people.npp.hpp.net_migration,2040,UK,230.0,persons_k,projection,ons_npp,NPP-2024based-2026-04-28,sourced,
people.npp.hpp.net_migration,2041,UK,230.0,persons_k,projection,ons_npp,NPP-2024based-2026-04-28,sourced,
people.npp.hpp.net_migration,2042,UK,230.0,persons_k,projection,ons_npp,NPP-2024based-2026-04-28,sourced,
people.npp.hpp.net_migration,2043,UK,230.0,persons_k,projection,ons_npp,NPP-2024based-2026-04-28,sourced,
people.npp.hpp.net_migration,2044,UK,230.0,persons_k,projection,ons_npp,NPP-2024based-2026-04-28,sourced,
people.npp.hpp.net_migration,2045,UK,230.0,persons_k,projection,ons_npp,NPP-2024based-2026-04-28,sourced,
people.npp.hpp.net_migration,2046,UK,230.0,persons_k,projection,ons_npp,NPP-2024based-2026-04-28,sourced,
people.npp.hpp.net_migration,2047,UK,230.0,persons_k,projection,ons_npp,NPP-2024based-2026-04-28,sourced,
people.npp.hpp.net_migration,2048,UK,230.0,persons_k,projection,ons_npp,NPP-2024based-2026-04-28,sourced,
people.npp.hpp.net_migration,2049,UK,230.0,persons_k,projection,ons_npp,NPP-2024based-2026-04-28,sourced,
people.npp.hpp.net_migration,2050,UK,230.0,persons_k,projection,ons_npp,NPP-2024based-2026-04-28,sourced,
people.npp.hpp.net_migration,2051,UK,230.0,persons_k,projection,ons_npp,NPP-2024based-2026-04-28,sourced,
people.npp.hpp.net_migration,2052,UK,230.0,persons_k,projection,ons_npp,NPP-2024based-2026-04-28,sourced,
people.npp.hpp.net_migration,2053,UK,230.0,persons_k,projection,ons_npp,NPP-2024based-2026-04-28,sourced,
people.npp.hpp.net_migration,2054,UK,230.0,persons_k,projection,ons_npp,NPP-2024based-2026-04-28,sourced,
people.npp.hpp.net_migration,2055,UK,230.0,persons_k,projection,ons_npp,NPP-2024based-2026-04-28,sourced,
people.npp.hpp.net_migration,2056,UK,230.0,persons_k,projection,ons_npp,NPP-2024based-2026-04-28,sourced,
people.npp.hpp.net_migration,2057,UK,230.0,persons_k,projection,ons_npp,NPP-2024based-2026-04-28,sourced,
people.npp.hpp.net_migration,2058,UK,230.0,persons_k,projection,ons_npp,NPP-2024based-2026-04-28,sourced,
people.npp.hpp.net_migration,2059,UK,230.0,persons_k,projection,ons_npp,NPP-2024based-2026-04-28,sourced,
people.npp.hpp.net_migration,2060,UK,230.0,persons_k,projection,ons_npp,NPP-2024based-2026-04-28,sourced,
people.npp.hpp.net_migration,2061,UK,230.0,persons_k,projection,ons_npp,NPP-2024based-2026-04-28,sourced,
people.npp.hpp.net_migration,2062,UK,230.0,persons_k,projection,ons_npp,NPP-2024based-2026-04-28,sourced,
people.npp.hpp.net_migration,2063,UK,230.0,persons_k,projection,ons_npp,NPP-2024based-2026-04-28,sourced,
people.npp.hpp.net_migration,2064,UK,230.0,persons_k,projection,ons_npp,NPP-2024based-2026-04-28,sourced,
people.npp.hpp.net_migration,2065,UK,230.0,persons_k,projection,ons_npp,NPP-2024based-2026-04-28,sourced,
people.npp.hpp.net_migration,2066,UK,230.0,persons_k,projection,ons_npp,NPP-2024based-2026-04-28,sourced,
people.npp.hpp.net_migration,2067,UK,230.0,persons_k,projection,ons_npp,NPP-2024based-2026-04-28,sourced,
people.npp.hpp.net_migration,2068,UK,230.0,persons_k,projection,ons_npp,NPP-2024based-2026-04-28,sourced,
people.npp.hpp.net_migration,2069,UK,230.0,persons_k,projection,ons_npp,NPP-2024based-2026-04-28,sourced,
people.npp.hpp.net_migration,2070,UK,230.0,persons_k,projection,ons_npp,NPP-2024based-2026-04-28,sourced,
people.npp.hpp.net_migration,2071,UK,230.0,persons_k,projection,ons_npp,NPP-2024based-2026-04-28,sourced,
people.npp.hpp.net_migration,2072,UK,230.0,persons_k,projection,ons_npp,NPP-2024based-2026-04-28,sourced,
people.npp.hpp.net_migration,2073,UK,230.0,persons_k,projection,ons_npp,NPP-2024based-2026-04-28,sourced,
people.npp.hpp.net_migration,2074,UK,230.0,persons_k,projection,ons_npp,NPP-2024based-2026-04-28,sourced,
people.npp.hpp.net_migration,2075,UK,230.0,persons_k,projection,ons_npp,NPP-2024based-2026-04-28,sourced,
people.npp.hpp.oadr,2024,UK,279.682164,per_1000,outturn,ons_npp,NPP-2024based-2026-04-28,sourced,"Base year of the 2024-based projections: ONS mid-2024 population estimate. ONS: Children under 16, working age, and pensionable age populations are based on State Pension Age (SPA) for a given year. Women's SPA increased to 65 between April 2016 and November 2018. From December 2018, the SPA for both sexes increased to 66 by October 2020 (Pensions Act 2011). Between 2026 and 2028, the SPA will increase from 66 to 67 years for both sexes (Pensions Act 2014), and will increase to 68 between 2044 and 2046 (Pensions Act 2007)."
people.npp.hpp.oadr,2025,UK,284.391322,per_1000,projection,ons_npp,NPP-2024based-2026-04-28,sourced,
people.npp.hpp.oadr,2026,UK,285.726528,per_1000,projection,ons_npp,NPP-2024based-2026-04-28,sourced,
people.npp.hpp.oadr,2027,UK,279.029721,per_1000,projection,ons_npp,NPP-2024based-2026-04-28,sourced,
people.npp.hpp.oadr,2028,UK,275.748224,per_1000,projection,ons_npp,NPP-2024based-2026-04-28,sourced,
people.npp.hpp.oadr,2029,UK,281.112771,per_1000,projection,ons_npp,NPP-2024based-2026-04-28,sourced,
people.npp.hpp.oadr,2030,UK,286.871695,per_1000,projection,ons_npp,NPP-2024based-2026-04-28,sourced,
people.npp.hpp.oadr,2031,UK,292.873067,per_1000,projection,ons_npp,NPP-2024based-2026-04-28,sourced,
people.npp.hpp.oadr,2032,UK,298.822586,per_1000,projection,ons_npp,NPP-2024based-2026-04-28,sourced,
people.npp.hpp.oadr,2033,UK,304.448166,per_1000,projection,ons_npp,NPP-2024based-2026-04-28,sourced,
people.npp.hpp.oadr,2034,UK,309.964725,per_1000,projection,ons_npp,NPP-2024based-2026-04-28,sourced,
people.npp.hpp.oadr,2035,UK,315.082183,per_1000,projection,ons_npp,NPP-2024based-2026-04-28,sourced,
people.npp.hpp.oadr,2036,UK,320.040125,per_1000,projection,ons_npp,NPP-2024based-2026-04-28,sourced,
people.npp.hpp.oadr,2037,UK,324.332271,per_1000,projection,ons_npp,NPP-2024based-2026-04-28,sourced,
people.npp.hpp.oadr,2038,UK,328.916144,per_1000,projection,ons_npp,NPP-2024based-2026-04-28,sourced,
people.npp.hpp.oadr,2039,UK,332.636864,per_1000,projection,ons_npp,NPP-2024based-2026-04-28,sourced,
people.npp.hpp.oadr,2040,UK,335.424215,per_1000,projection,ons_npp,NPP-2024based-2026-04-28,sourced,
people.npp.hpp.oadr,2041,UK,337.310849,per_1000,projection,ons_npp,NPP-2024based-2026-04-28,sourced,
people.npp.hpp.oadr,2042,UK,338.678306,per_1000,projection,ons_npp,NPP-2024based-2026-04-28,sourced,
people.npp.hpp.oadr,2043,UK,339.503585,per_1000,projection,ons_npp,NPP-2024based-2026-04-28,sourced,
people.npp.hpp.oadr,2044,UK,336.519394,per_1000,projection,ons_npp,NPP-2024based-2026-04-28,sourced,
people.npp.hpp.oadr,2045,UK,326.46049,per_1000,projection,ons_npp,NPP-2024based-2026-04-28,sourced,
people.npp.hpp.oadr,2046,UK,319.538874,per_1000,projection,ons_npp,NPP-2024based-2026-04-28,sourced,
people.npp.hpp.oadr,2047,UK,321.446917,per_1000,projection,ons_npp,NPP-2024based-2026-04-28,sourced,
people.npp.hpp.oadr,2048,UK,324.210908,per_1000,projection,ons_npp,NPP-2024based-2026-04-28,sourced,
people.npp.hpp.oadr,2049,UK,326.855317,per_1000,projection,ons_npp,NPP-2024based-2026-04-28,sourced,
people.npp.hpp.oadr,2050,UK,329.221672,per_1000,projection,ons_npp,NPP-2024based-2026-04-28,sourced,
people.npp.hpp.oadr,2051,UK,331.686725,per_1000,projection,ons_npp,NPP-2024based-2026-04-28,sourced,
people.npp.hpp.oadr,2052,UK,334.090044,per_1000,projection,ons_npp,NPP-2024based-2026-04-28,sourced,
people.npp.hpp.oadr,2053,UK,337.188503,per_1000,projection,ons_npp,NPP-2024based-2026-04-28,sourced,
people.npp.hpp.oadr,2054,UK,340.381181,per_1000,projection,ons_npp,NPP-2024based-2026-04-28,sourced,
people.npp.hpp.oadr,2055,UK,343.708502,per_1000,projection,ons_npp,NPP-2024based-2026-04-28,sourced,
people.npp.hpp.oadr,2056,UK,347.587359,per_1000,projection,ons_npp,NPP-2024based-2026-04-28,sourced,
people.npp.hpp.oadr,2057,UK,351.227567,per_1000,projection,ons_npp,NPP-2024based-2026-04-28,sourced,
people.npp.hpp.oadr,2058,UK,355.105994,per_1000,projection,ons_npp,NPP-2024based-2026-04-28,sourced,
people.npp.hpp.oadr,2059,UK,359.134767,per_1000,projection,ons_npp,NPP-2024based-2026-04-28,sourced,
people.npp.hpp.oadr,2060,UK,362.956028,per_1000,projection,ons_npp,NPP-2024based-2026-04-28,sourced,
people.npp.hpp.oadr,2061,UK,366.30761,per_1000,projection,ons_npp,NPP-2024based-2026-04-28,sourced,
people.npp.hpp.oadr,2062,UK,369.816354,per_1000,projection,ons_npp,NPP-2024based-2026-04-28,sourced,
people.npp.hpp.oadr,2063,UK,372.954544,per_1000,projection,ons_npp,NPP-2024based-2026-04-28,sourced,
people.npp.hpp.oadr,2064,UK,376.046297,per_1000,projection,ons_npp,NPP-2024based-2026-04-28,sourced,
people.npp.hpp.oadr,2065,UK,379.751115,per_1000,projection,ons_npp,NPP-2024based-2026-04-28,sourced,
people.npp.hpp.oadr,2066,UK,383.179808,per_1000,projection,ons_npp,NPP-2024based-2026-04-28,sourced,
people.npp.hpp.oadr,2067,UK,386.345478,per_1000,projection,ons_npp,NPP-2024based-2026-04-28,sourced,
people.npp.hpp.oadr,2068,UK,388.67411,per_1000,projection,ons_npp,NPP-2024based-2026-04-28,sourced,
people.npp.hpp.oadr,2069,UK,390.482652,per_1000,projection,ons_npp,NPP-2024based-2026-04-28,sourced,
people.npp.hpp.oadr,2070,UK,392.254113,per_1000,projection,ons_npp,NPP-2024based-2026-04-28,sourced,
people.npp.hpp.oadr,2071,UK,394.263165,per_1000,projection,ons_npp,NPP-2024based-2026-04-28,sourced,
people.npp.hpp.oadr,2072,UK,396.75726,per_1000,projection,ons_npp,NPP-2024based-2026-04-28,sourced,
people.npp.hpp.oadr,2073,UK,399.657577,per_1000,projection,ons_npp,NPP-2024based-2026-04-28,sourced,
people.npp.hpp.oadr,2074,UK,402.539627,per_1000,projection,ons_npp,NPP-2024based-2026-04-28,sourced,
people.npp.hpp.oadr,2075,UK,405.80846,per_1000,projection,ons_npp,NPP-2024based-2026-04-28,sourced,
people.npp.hpp.pension_age,2024,UK,12388.913,persons_k,outturn,ons_npp,NPP-2024based-2026-04-28,sourced,"Base year of the 2024-based projections: ONS mid-2024 population estimate. ONS: Children under 16, working age, and pensionable age populations are based on State Pension Age (SPA) for a given year. Women's SPA increased to 65 between April 2016 and November 2018. From December 2018, the SPA for both sexes increased to 66 by October 2020 (Pensions Act 2011). Between 2026 and 2028, the SPA will increase from 66 to 67 years for both sexes (Pensions Act 2014), and will increase to 68 between 2044 and 2046 (Pensions Act 2007)."
people.npp.hpp.pension_age,2025,UK,12633.51,persons_k,projection,ons_npp,NPP-2024based-2026-04-28,sourced,
people.npp.hpp.pension_age,2026,UK,12745.027612,persons_k,projection,ons_npp,NPP-2024based-2026-04-28,sourced,
people.npp.hpp.pension_age,2027,UK,12595.174375,persons_k,projection,ons_npp,NPP-2024based-2026-04-28,sourced,
people.npp.hpp.pension_age,2028,UK,12561.313,persons_k,projection,ons_npp,NPP-2024based-2026-04-28,sourced,
people.npp.hpp.pension_age,2029,UK,12830.257,persons_k,projection,ons_npp,NPP-2024based-2026-04-28,sourced,
people.npp.hpp.pension_age,2030,UK,13108.681,persons_k,projection,ons_npp,NPP-2024based-2026-04-28,sourced,
people.npp.hpp.pension_age,2031,UK,13394.21,persons_k,projection,ons_npp,NPP-2024based-2026-04-28,sourced,
people.npp.hpp.pension_age,2032,UK,13678.19,persons_k,projection,ons_npp,NPP-2024based-2026-04-28,sourced,
people.npp.hpp.pension_age,2033,UK,13944.555,persons_k,projection,ons_npp,NPP-2024based-2026-04-28,sourced,
people.npp.hpp.pension_age,2034,UK,14201.576,persons_k,projection,ons_npp,NPP-2024based-2026-04-28,sourced,
people.npp.hpp.pension_age,2035,UK,14440.995,persons_k,projection,ons_npp,NPP-2024based-2026-04-28,sourced,
people.npp.hpp.pension_age,2036,UK,14669.781,persons_k,projection,ons_npp,NPP-2024based-2026-04-28,sourced,
people.npp.hpp.pension_age,2037,UK,14867.463,persons_k,projection,ons_npp,NPP-2024based-2026-04-28,sourced,
people.npp.hpp.pension_age,2038,UK,15074.936,persons_k,projection,ons_npp,NPP-2024based-2026-04-28,sourced,
people.npp.hpp.pension_age,2039,UK,15241.471,persons_k,projection,ons_npp,NPP-2024based-2026-04-28,sourced,
people.npp.hpp.pension_age,2040,UK,15369.637,persons_k,projection,ons_npp,NPP-2024based-2026-04-28,sourced,
people.npp.hpp.pension_age,2041,UK,15461.032,persons_k,projection,ons_npp,NPP-2024based-2026-04-28,sourced,
people.npp.hpp.pension_age,2042,UK,15537.125,persons_k,projection,ons_npp,NPP-2024based-2026-04-28,sourced,
people.npp.hpp.pension_age,2043,UK,15594.537,persons_k,projection,ons_npp,NPP-2024based-2026-04-28,sourced,
people.npp.hpp.pension_age,2044,UK,15520.932014,persons_k,projection,ons_npp,NPP-2024based-2026-04-28,sourced,
people.npp.hpp.pension_age,2045,UK,15199.485455,persons_k,projection,ons_npp,NPP-2024based-2026-04-28,sourced,
people.npp.hpp.pension_age,2046,UK,14983.127,persons_k,projection,ons_npp,NPP-2024based-2026-04-28,sourced,
people.npp.hpp.pension_age,2047,UK,15078.783,persons_k,projection,ons_npp,NPP-2024based-2026-04-28,sourced,
people.npp.hpp.pension_age,2048,UK,15204.636,persons_k,projection,ons_npp,NPP-2024based-2026-04-28,sourced,
people.npp.hpp.pension_age,2049,UK,15325.917,persons_k,projection,ons_npp,NPP-2024based-2026-04-28,sourced,
people.npp.hpp.pension_age,2050,UK,15437.006,persons_k,projection,ons_npp,NPP-2024based-2026-04-28,sourced,
people.npp.hpp.pension_age,2051,UK,15551.219,persons_k,projection,ons_npp,NPP-2024based-2026-04-28,sourced,
people.npp.hpp.pension_age,2052,UK,15663.047,persons_k,projection,ons_npp,NPP-2024based-2026-04-28,sourced,
people.npp.hpp.pension_age,2053,UK,15799.174,persons_k,projection,ons_npp,NPP-2024based-2026-04-28,sourced,
people.npp.hpp.pension_age,2054,UK,15938.551,persons_k,projection,ons_npp,NPP-2024based-2026-04-28,sourced,
people.npp.hpp.pension_age,2055,UK,16082.713,persons_k,projection,ons_npp,NPP-2024based-2026-04-28,sourced,
people.npp.hpp.pension_age,2056,UK,16246.164,persons_k,projection,ons_npp,NPP-2024based-2026-04-28,sourced,
people.npp.hpp.pension_age,2057,UK,16401.365,persons_k,projection,ons_npp,NPP-2024based-2026-04-28,sourced,
people.npp.hpp.pension_age,2058,UK,16564.804,persons_k,projection,ons_npp,NPP-2024based-2026-04-28,sourced,
people.npp.hpp.pension_age,2059,UK,16733.326,persons_k,projection,ons_npp,NPP-2024based-2026-04-28,sourced,
people.npp.hpp.pension_age,2060,UK,16894.548,persons_k,projection,ons_npp,NPP-2024based-2026-04-28,sourced,
people.npp.hpp.pension_age,2061,UK,17039.471,persons_k,projection,ons_npp,NPP-2024based-2026-04-28,sourced,
people.npp.hpp.pension_age,2062,UK,17189.333,persons_k,projection,ons_npp,NPP-2024based-2026-04-28,sourced,
people.npp.hpp.pension_age,2063,UK,17326.146,persons_k,projection,ons_npp,NPP-2024based-2026-04-28,sourced,
people.npp.hpp.pension_age,2064,UK,17460.831,persons_k,projection,ons_npp,NPP-2024based-2026-04-28,sourced,
people.npp.hpp.pension_age,2065,UK,17615.409,persons_k,projection,ons_npp,NPP-2024based-2026-04-28,sourced,
people.npp.hpp.pension_age,2066,UK,17759.466,persons_k,projection,ons_npp,NPP-2024based-2026-04-28,sourced,
people.npp.hpp.pension_age,2067,UK,17893.133,persons_k,projection,ons_npp,NPP-2024based-2026-04-28,sourced,
people.npp.hpp.pension_age,2068,UK,17997.131,persons_k,projection,ons_npp,NPP-2024based-2026-04-28,sourced,
people.npp.hpp.pension_age,2069,UK,18081.94,persons_k,projection,ons_npp,NPP-2024based-2026-04-28,sourced,
people.npp.hpp.pension_age,2070,UK,18163.444,persons_k,projection,ons_npp,NPP-2024based-2026-04-28,sourced,
people.npp.hpp.pension_age,2071,UK,18250.6,persons_k,projection,ons_npp,NPP-2024based-2026-04-28,sourced,
people.npp.hpp.pension_age,2072,UK,18351.525,persons_k,projection,ons_npp,NPP-2024based-2026-04-28,sourced,
people.npp.hpp.pension_age,2073,UK,18463.551,persons_k,projection,ons_npp,NPP-2024based-2026-04-28,sourced,
people.npp.hpp.pension_age,2074,UK,18572.643,persons_k,projection,ons_npp,NPP-2024based-2026-04-28,sourced,
people.npp.hpp.pension_age,2075,UK,18692.161,persons_k,projection,ons_npp,NPP-2024based-2026-04-28,sourced,
people.npp.hpp.population,2024,UK,69281.437,persons_k,outturn,ons_npp,NPP-2024based-2026-04-28,sourced,Base year of the 2024-based projections: ONS mid-2024 population estimate.
people.npp.hpp.population,2025,UK,69502.339,persons_k,projection,ons_npp,NPP-2024based-2026-04-28,sourced,
people.npp.hpp.population,2026,UK,69641.533,persons_k,projection,ons_npp,NPP-2024based-2026-04-28,sourced,
people.npp.hpp.population,2027,UK,69873.339,persons_k,projection,ons_npp,NPP-2024based-2026-04-28,sourced,
people.npp.hpp.population,2028,UK,70104.987,persons_k,projection,ons_npp,NPP-2024based-2026-04-28,sourced,
people.npp.hpp.population,2029,UK,70335.315,persons_k,projection,ons_npp,NPP-2024based-2026-04-28,sourced,
people.npp.hpp.population,2030,UK,70563.382,persons_k,projection,ons_npp,NPP-2024based-2026-04-28,sourced,
people.npp.hpp.population,2031,UK,70788.376,persons_k,projection,ons_npp,NPP-2024based-2026-04-28,sourced,
people.npp.hpp.population,2032,UK,71009.286,persons_k,projection,ons_npp,NPP-2024based-2026-04-28,sourced,
people.npp.hpp.population,2033,UK,71225.52,persons_k,projection,ons_npp,NPP-2024based-2026-04-28,sourced,
people.npp.hpp.population,2034,UK,71436.837,persons_k,projection,ons_npp,NPP-2024based-2026-04-28,sourced,
people.npp.hpp.population,2035,UK,71643.24,persons_k,projection,ons_npp,NPP-2024based-2026-04-28,sourced,
people.npp.hpp.population,2036,UK,71845.436,persons_k,projection,ons_npp,NPP-2024based-2026-04-28,sourced,
people.npp.hpp.population,2037,UK,72044.029,persons_k,projection,ons_npp,NPP-2024based-2026-04-28,sourced,
people.npp.hpp.population,2038,UK,72239.605,persons_k,projection,ons_npp,NPP-2024based-2026-04-28,sourced,
people.npp.hpp.population,2039,UK,72432.763,persons_k,projection,ons_npp,NPP-2024based-2026-04-28,sourced,
people.npp.hpp.population,2040,UK,72623.815,persons_k,projection,ons_npp,NPP-2024based-2026-04-28,sourced,
people.npp.hpp.population,2041,UK,72812.583,persons_k,projection,ons_npp,NPP-2024based-2026-04-28,sourced,
people.npp.hpp.population,2042,UK,72998.729,persons_k,projection,ons_npp,NPP-2024based-2026-04-28,sourced,
people.npp.hpp.population,2043,UK,73181.81,persons_k,projection,ons_npp,NPP-2024based-2026-04-28,sourced,
people.npp.hpp.population,2044,UK,73361.179,persons_k,projection,ons_npp,NPP-2024based-2026-04-28,sourced,
people.npp.hpp.population,2045,UK,73535.842,persons_k,projection,ons_npp,NPP-2024based-2026-04-28,sourced,
people.npp.hpp.population,2046,UK,73704.801,persons_k,projection,ons_npp,NPP-2024based-2026-04-28,sourced,
people.npp.hpp.population,2047,UK,73867.43,persons_k,projection,ons_npp,NPP-2024based-2026-04-28,sourced,
people.npp.hpp.population,2048,UK,74022.986,persons_k,projection,ons_npp,NPP-2024based-2026-04-28,sourced,
people.npp.hpp.population,2049,UK,74170.641,persons_k,projection,ons_npp,NPP-2024based-2026-04-28,sourced,
people.npp.hpp.population,2050,UK,74308.976,persons_k,projection,ons_npp,NPP-2024based-2026-04-28,sourced,
people.npp.hpp.population,2051,UK,74436.795,persons_k,projection,ons_npp,NPP-2024based-2026-04-28,sourced,
people.npp.hpp.population,2052,UK,74553.818,persons_k,projection,ons_npp,NPP-2024based-2026-04-28,sourced,
people.npp.hpp.population,2053,UK,74659.901,persons_k,projection,ons_npp,NPP-2024based-2026-04-28,sourced,
people.npp.hpp.population,2054,UK,74755.178,persons_k,projection,ons_npp,NPP-2024based-2026-04-28,sourced,
people.npp.hpp.population,2055,UK,74840.218,persons_k,projection,ons_npp,NPP-2024based-2026-04-28,sourced,
people.npp.hpp.population,2056,UK,74916.239,persons_k,projection,ons_npp,NPP-2024based-2026-04-28,sourced,
people.npp.hpp.population,2057,UK,74984.886,persons_k,projection,ons_npp,NPP-2024based-2026-04-28,sourced,
people.npp.hpp.population,2058,UK,75047.718,persons_k,projection,ons_npp,NPP-2024based-2026-04-28,sourced,
people.npp.hpp.population,2059,UK,75106.274,persons_k,projection,ons_npp,NPP-2024based-2026-04-28,sourced,
people.npp.hpp.population,2060,UK,75162.167,persons_k,projection,ons_npp,NPP-2024based-2026-04-28,sourced,
people.npp.hpp.population,2061,UK,75216.949,persons_k,projection,ons_npp,NPP-2024based-2026-04-28,sourced,
people.npp.hpp.population,2062,UK,75272.006,persons_k,projection,ons_npp,NPP-2024based-2026-04-28,sourced,
people.npp.hpp.population,2063,UK,75328.326,persons_k,projection,ons_npp,NPP-2024based-2026-04-28,sourced,
people.npp.hpp.population,2064,UK,75386.458,persons_k,projection,ons_npp,NPP-2024based-2026-04-28,sourced,
people.npp.hpp.population,2065,UK,75446.932,persons_k,projection,ons_npp,NPP-2024based-2026-04-28,sourced,
people.npp.hpp.population,2066,UK,75510.089,persons_k,projection,ons_npp,NPP-2024based-2026-04-28,sourced,
people.npp.hpp.population,2067,UK,75576.071,persons_k,projection,ons_npp,NPP-2024based-2026-04-28,sourced,
people.npp.hpp.population,2068,UK,75644.65,persons_k,projection,ons_npp,NPP-2024based-2026-04-28,sourced,
people.npp.hpp.population,2069,UK,75715.366,persons_k,projection,ons_npp,NPP-2024based-2026-04-28,sourced,
people.npp.hpp.population,2070,UK,75787.446,persons_k,projection,ons_npp,NPP-2024based-2026-04-28,sourced,
people.npp.hpp.population,2071,UK,75860.069,persons_k,projection,ons_npp,NPP-2024based-2026-04-28,sourced,
people.npp.hpp.population,2072,UK,75932.334,persons_k,projection,ons_npp,NPP-2024based-2026-04-28,sourced,
people.npp.hpp.population,2073,UK,76003.255,persons_k,projection,ons_npp,NPP-2024based-2026-04-28,sourced,
people.npp.hpp.population,2074,UK,76071.898,persons_k,projection,ons_npp,NPP-2024based-2026-04-28,sourced,
people.npp.hpp.population,2075,UK,76137.393,persons_k,projection,ons_npp,NPP-2024based-2026-04-28,sourced,
people.npp.hpp.tfr,2025,UK,1.3894,children_per_woman,projection,ons_npp,NPP-2024based-2026-04-28,sourced,
people.npp.hpp.tfr,2026,UK,1.427283,children_per_woman,projection,ons_npp,NPP-2024based-2026-04-28,sourced,
people.npp.hpp.tfr,2027,UK,1.44336,children_per_woman,projection,ons_npp,NPP-2024based-2026-04-28,sourced,
people.npp.hpp.tfr,2028,UK,1.459431,children_per_woman,projection,ons_npp,NPP-2024based-2026-04-28,sourced,
people.npp.hpp.tfr,2029,UK,1.475573,children_per_woman,projection,ons_npp,NPP-2024based-2026-04-28,sourced,
people.npp.hpp.tfr,2030,UK,1.491776,children_per_woman,projection,ons_npp,NPP-2024based-2026-04-28,sourced,
people.npp.hpp.tfr,2031,UK,1.507434,children_per_woman,projection,ons_npp,NPP-2024based-2026-04-28,sourced,
people.npp.hpp.tfr,2032,UK,1.521551,children_per_woman,projection,ons_npp,NPP-2024based-2026-04-28,sourced,
people.npp.hpp.tfr,2033,UK,1.534205,children_per_woman,projection,ons_npp,NPP-2024based-2026-04-28,sourced,
people.npp.hpp.tfr,2034,UK,1.545395,children_per_woman,projection,ons_npp,NPP-2024based-2026-04-28,sourced,
people.npp.hpp.tfr,2035,UK,1.555057,children_per_woman,projection,ons_npp,NPP-2024based-2026-04-28,sourced,
people.npp.hpp.tfr,2036,UK,1.564252,children_per_woman,projection,ons_npp,NPP-2024based-2026-04-28,sourced,
people.npp.hpp.tfr,2037,UK,1.572442,children_per_woman,projection,ons_npp,NPP-2024based-2026-04-28,sourced,
people.npp.hpp.tfr,2038,UK,1.579649,children_per_woman,projection,ons_npp,NPP-2024based-2026-04-28,sourced,
people.npp.hpp.tfr,2039,UK,1.586357,children_per_woman,projection,ons_npp,NPP-2024based-2026-04-28,sourced,
people.npp.hpp.tfr,2040,UK,1.592574,children_per_woman,projection,ons_npp,NPP-2024based-2026-04-28,sourced,
people.npp.hpp.tfr,2041,UK,1.597799,children_per_woman,projection,ons_npp,NPP-2024based-2026-04-28,sourced,
people.npp.hpp.tfr,2042,UK,1.601996,children_per_woman,projection,ons_npp,NPP-2024based-2026-04-28,sourced,
people.npp.hpp.tfr,2043,UK,1.605532,children_per_woman,projection,ons_npp,NPP-2024based-2026-04-28,sourced,
people.npp.hpp.tfr,2044,UK,1.60872,children_per_woman,projection,ons_npp,NPP-2024based-2026-04-28,sourced,
people.npp.hpp.tfr,2045,UK,1.611287,children_per_woman,projection,ons_npp,NPP-2024based-2026-04-28,sourced,
people.npp.hpp.tfr,2046,UK,1.613032,children_per_woman,projection,ons_npp,NPP-2024based-2026-04-28,sourced,
people.npp.hpp.tfr,2047,UK,1.614926,children_per_woman,projection,ons_npp,NPP-2024based-2026-04-28,sourced,
people.npp.hpp.tfr,2048,UK,1.616957,children_per_woman,projection,ons_npp,NPP-2024based-2026-04-28,sourced,
people.npp.hpp.tfr,2049,UK,1.619093,children_per_woman,projection,ons_npp,NPP-2024based-2026-04-28,sourced,
people.npp.hpp.tfr,2050,UK,1.620183,children_per_woman,projection,ons_npp,NPP-2024based-2026-04-28,sourced,
people.npp.hpp.tfr,2051,UK,1.620175,children_per_woman,projection,ons_npp,NPP-2024based-2026-04-28,sourced,
people.npp.hpp.tfr,2052,UK,1.620172,children_per_woman,projection,ons_npp,NPP-2024based-2026-04-28,sourced,
people.npp.hpp.tfr,2053,UK,1.620174,children_per_woman,projection,ons_npp,NPP-2024based-2026-04-28,sourced,
people.npp.hpp.tfr,2054,UK,1.620164,children_per_woman,projection,ons_npp,NPP-2024based-2026-04-28,sourced,
people.npp.hpp.tfr,2055,UK,1.620176,children_per_woman,projection,ons_npp,NPP-2024based-2026-04-28,sourced,
people.npp.hpp.tfr,2056,UK,1.620169,children_per_woman,projection,ons_npp,NPP-2024based-2026-04-28,sourced,
people.npp.hpp.tfr,2057,UK,1.62017,children_per_woman,projection,ons_npp,NPP-2024based-2026-04-28,sourced,
people.npp.hpp.tfr,2058,UK,1.620179,children_per_woman,projection,ons_npp,NPP-2024based-2026-04-28,sourced,
people.npp.hpp.tfr,2059,UK,1.62017,children_per_woman,projection,ons_npp,NPP-2024based-2026-04-28,sourced,
people.npp.hpp.tfr,2060,UK,1.620184,children_per_woman,projection,ons_npp,NPP-2024based-2026-04-28,sourced,
people.npp.hpp.tfr,2061,UK,1.620201,children_per_woman,projection,ons_npp,NPP-2024based-2026-04-28,sourced,
people.npp.hpp.tfr,2062,UK,1.620222,children_per_woman,projection,ons_npp,NPP-2024based-2026-04-28,sourced,
people.npp.hpp.tfr,2063,UK,1.620226,children_per_woman,projection,ons_npp,NPP-2024based-2026-04-28,sourced,
people.npp.hpp.tfr,2064,UK,1.620236,children_per_woman,projection,ons_npp,NPP-2024based-2026-04-28,sourced,
people.npp.hpp.tfr,2065,UK,1.620228,children_per_woman,projection,ons_npp,NPP-2024based-2026-04-28,sourced,
people.npp.hpp.tfr,2066,UK,1.620241,children_per_woman,projection,ons_npp,NPP-2024based-2026-04-28,sourced,
people.npp.hpp.tfr,2067,UK,1.620261,children_per_woman,projection,ons_npp,NPP-2024based-2026-04-28,sourced,
people.npp.hpp.tfr,2068,UK,1.620247,children_per_woman,projection,ons_npp,NPP-2024based-2026-04-28,sourced,
people.npp.hpp.tfr,2069,UK,1.620267,children_per_woman,projection,ons_npp,NPP-2024based-2026-04-28,sourced,
people.npp.hpp.tfr,2070,UK,1.620277,children_per_woman,projection,ons_npp,NPP-2024based-2026-04-28,sourced,
people.npp.hpp.tfr,2071,UK,1.62029,children_per_woman,projection,ons_npp,NPP-2024based-2026-04-28,sourced,
people.npp.hpp.tfr,2072,UK,1.620312,children_per_woman,projection,ons_npp,NPP-2024based-2026-04-28,sourced,
people.npp.hpp.tfr,2073,UK,1.620324,children_per_woman,projection,ons_npp,NPP-2024based-2026-04-28,sourced,
people.npp.hpp.tfr,2074,UK,1.620338,children_per_woman,projection,ons_npp,NPP-2024based-2026-04-28,sourced,
people.npp.hpp.tfr,2075,UK,1.620348,children_per_woman,projection,ons_npp,NPP-2024based-2026-04-28,sourced,
people.npp.hpp.working_age,2024,UK,44296.4,persons_k,outturn,ons_npp,NPP-2024based-2026-04-28,sourced,"Base year of the 2024-based projections: ONS mid-2024 population estimate. ONS: Children under 16, working age, and pensionable age populations are based on State Pension Age (SPA) for a given year. Women's SPA increased to 65 between April 2016 and November 2018. From December 2018, the SPA for both sexes increased to 66 by October 2020 (Pensions Act 2011). Between 2026 and 2028, the SPA will increase from 66 to 67 years for both sexes (Pensions Act 2014), and will increase to 68 between 2044 and 2046 (Pensions Act 2007)."
people.npp.hpp.working_age,2025,UK,44422.98,persons_k,projection,ons_npp,NPP-2024based-2026-04-28,sourced,
people.npp.hpp.working_age,2026,UK,44605.685388,persons_k,projection,ons_npp,NPP-2024based-2026-04-28,sourced,
people.npp.hpp.working_age,2027,UK,45139.185625,persons_k,projection,ons_npp,NPP-2024based-2026-04-28,sourced,
people.npp.hpp.working_age,2028,UK,45553.559,persons_k,projection,ons_npp,NPP-2024based-2026-04-28,sourced,
people.npp.hpp.working_age,2029,UK,45640.961,persons_k,projection,ons_npp,NPP-2024based-2026-04-28,sourced,
people.npp.hpp.working_age,2030,UK,45695.275,persons_k,projection,ons_npp,NPP-2024based-2026-04-28,sourced,
people.npp.hpp.working_age,2031,UK,45733.84,persons_k,projection,ons_npp,NPP-2024based-2026-04-28,sourced,
people.npp.hpp.working_age,2032,UK,45773.615,persons_k,projection,ons_npp,NPP-2024based-2026-04-28,sourced,
people.npp.hpp.working_age,2033,UK,45802.723,persons_k,projection,ons_npp,NPP-2024based-2026-04-28,sourced,
people.npp.hpp.working_age,2034,UK,45816.749,persons_k,projection,ons_npp,NPP-2024based-2026-04-28,sourced,
people.npp.hpp.working_age,2035,UK,45832.471,persons_k,projection,ons_npp,NPP-2024based-2026-04-28,sourced,
people.npp.hpp.working_age,2036,UK,45837.318,persons_k,projection,ons_npp,NPP-2024based-2026-04-28,sourced,
people.npp.hpp.working_age,2037,UK,45840.221,persons_k,projection,ons_npp,NPP-2024based-2026-04-28,sourced,
people.npp.hpp.working_age,2038,UK,45832.156,persons_k,projection,ons_npp,NPP-2024based-2026-04-28,sourced,
people.npp.hpp.working_age,2039,UK,45820.15,persons_k,projection,ons_npp,NPP-2024based-2026-04-28,sourced,
people.npp.hpp.working_age,2040,UK,45821.489,persons_k,projection,ons_npp,NPP-2024based-2026-04-28,sourced,
people.npp.hpp.working_age,2041,UK,45836.154,persons_k,projection,ons_npp,NPP-2024based-2026-04-28,sourced,
people.npp.hpp.working_age,2042,UK,45875.761,persons_k,projection,ons_npp,NPP-2024based-2026-04-28,sourced,
people.npp.hpp.working_age,2043,UK,45933.35,persons_k,projection,ons_npp,NPP-2024based-2026-04-28,sourced,
people.npp.hpp.working_age,2044,UK,46121.953986,persons_k,projection,ons_npp,NPP-2024based-2026-04-28,sourced,
people.npp.hpp.working_age,2045,UK,46558.422545,persons_k,projection,ons_npp,NPP-2024based-2026-04-28,sourced,
people.npp.hpp.working_age,2046,UK,46889.841,persons_k,projection,ons_npp,NPP-2024based-2026-04-28,sourced,
people.npp.hpp.working_age,2047,UK,46909.092,persons_k,projection,ons_npp,NPP-2024based-2026-04-28,sourced,
people.npp.hpp.working_age,2048,UK,46897.361,persons_k,projection,ons_npp,NPP-2024based-2026-04-28,sourced,
people.npp.hpp.working_age,2049,UK,46888.994,persons_k,projection,ons_npp,NPP-2024based-2026-04-28,sourced,
people.npp.hpp.working_age,2050,UK,46889.398,persons_k,projection,ons_npp,NPP-2024based-2026-04-28,sourced,
people.npp.hpp.working_age,2051,UK,46885.262,persons_k,projection,ons_npp,NPP-2024based-2026-04-28,sourced,
people.npp.hpp.working_age,2052,UK,46882.711,persons_k,projection,ons_npp,NPP-2024based-2026-04-28,sourced,
people.npp.hpp.working_age,2053,UK,46855.613,persons_k,projection,ons_npp,NPP-2024based-2026-04-28,sourced,
people.npp.hpp.working_age,2054,UK,46825.594,persons_k,projection,ons_npp,NPP-2024based-2026-04-28,sourced,
people.npp.hpp.working_age,2055,UK,46791.723,persons_k,projection,ons_npp,NPP-2024based-2026-04-28,sourced,
people.npp.hpp.working_age,2056,UK,46739.801,persons_k,projection,ons_npp,NPP-2024based-2026-04-28,sourced,
people.npp.hpp.working_age,2057,UK,46697.26,persons_k,projection,ons_npp,NPP-2024based-2026-04-28,sourced,
people.npp.hpp.working_age,2058,UK,46647.492,persons_k,projection,ons_npp,NPP-2024based-2026-04-28,sourced,
people.npp.hpp.working_age,2059,UK,46593.445,persons_k,projection,ons_npp,NPP-2024based-2026-04-28,sourced,
people.npp.hpp.working_age,2060,UK,46547.093,persons_k,projection,ons_npp,NPP-2024based-2026-04-28,sourced,
people.npp.hpp.working_age,2061,UK,46516.836,persons_k,projection,ons_npp,NPP-2024based-2026-04-28,sourced,
people.npp.hpp.working_age,2062,UK,46480.727,persons_k,projection,ons_npp,NPP-2024based-2026-04-28,sourced,
people.npp.hpp.working_age,2063,UK,46456.455,persons_k,projection,ons_npp,NPP-2024based-2026-04-28,sourced,
people.npp.hpp.working_age,2064,UK,46432.663,persons_k,projection,ons_npp,NPP-2024based-2026-04-28,sourced,
people.npp.hpp.working_age,2065,UK,46386.721,persons_k,projection,ons_npp,NPP-2024based-2026-04-28,sourced,
people.npp.hpp.working_age,2066,UK,46347.604,persons_k,projection,ons_npp,NPP-2024based-2026-04-28,sourced,
people.npp.hpp.working_age,2067,UK,46313.815,persons_k,projection,ons_npp,NPP-2024based-2026-04-28,sourced,
people.npp.hpp.working_age,2068,UK,46303.91,persons_k,projection,ons_npp,NPP-2024based-2026-04-28,sourced,
people.npp.hpp.working_age,2069,UK,46306.641,persons_k,projection,ons_npp,NPP-2024based-2026-04-28,sourced,
people.npp.hpp.working_age,2070,UK,46305.299,persons_k,projection,ons_npp,NPP-2024based-2026-04-28,sourced,
people.npp.hpp.working_age,2071,UK,46290.401,persons_k,projection,ons_npp,NPP-2024based-2026-04-28,sourced,
people.npp.hpp.working_age,2072,UK,46253.785,persons_k,projection,ons_npp,NPP-2024based-2026-04-28,sourced,
people.npp.hpp.working_age,2073,UK,46198.426,persons_k,projection,ons_npp,NPP-2024based-2026-04-28,sourced,
people.npp.hpp.working_age,2074,UK,46138.67,persons_k,projection,ons_npp,NPP-2024based-2026-04-28,sourced,
people.npp.hpp.working_age,2075,UK,46061.536,persons_k,projection,ons_npp,NPP-2024based-2026-04-28,sourced,
people.npp.lhl.births,2025,UK,651.892,persons_k,projection,ons_npp,NPP-2024based-2026-04-28,sourced,
people.npp.lhl.births,2026,UK,637.862,persons_k,projection,ons_npp,NPP-2024based-2026-04-28,sourced,
people.npp.lhl.births,2027,UK,621.446,persons_k,projection,ons_npp,NPP-2024based-2026-04-28,sourced,
people.npp.lhl.births,2028,UK,605.219,persons_k,projection,ons_npp,NPP-2024based-2026-04-28,sourced,
people.npp.lhl.births,2029,UK,589.901,persons_k,projection,ons_npp,NPP-2024based-2026-04-28,sourced,
people.npp.lhl.births,2030,UK,575.787,persons_k,projection,ons_npp,NPP-2024based-2026-04-28,sourced,
people.npp.lhl.births,2031,UK,563.154,persons_k,projection,ons_npp,NPP-2024based-2026-04-28,sourced,
people.npp.lhl.births,2032,UK,551.937,persons_k,projection,ons_npp,NPP-2024based-2026-04-28,sourced,
people.npp.lhl.births,2033,UK,541.139,persons_k,projection,ons_npp,NPP-2024based-2026-04-28,sourced,
people.npp.lhl.births,2034,UK,531.988,persons_k,projection,ons_npp,NPP-2024based-2026-04-28,sourced,
people.npp.lhl.births,2035,UK,525.634,persons_k,projection,ons_npp,NPP-2024based-2026-04-28,sourced,
people.npp.lhl.births,2036,UK,521.678,persons_k,projection,ons_npp,NPP-2024based-2026-04-28,sourced,
people.npp.lhl.births,2037,UK,519.194,persons_k,projection,ons_npp,NPP-2024based-2026-04-28,sourced,
people.npp.lhl.births,2038,UK,517.71,persons_k,projection,ons_npp,NPP-2024based-2026-04-28,sourced,
people.npp.lhl.births,2039,UK,516.953,persons_k,projection,ons_npp,NPP-2024based-2026-04-28,sourced,
people.npp.lhl.births,2040,UK,516.384,persons_k,projection,ons_npp,NPP-2024based-2026-04-28,sourced,
people.npp.lhl.births,2041,UK,515.76,persons_k,projection,ons_npp,NPP-2024based-2026-04-28,sourced,
people.npp.lhl.births,2042,UK,515.24,persons_k,projection,ons_npp,NPP-2024based-2026-04-28,sourced,
people.npp.lhl.births,2043,UK,514.783,persons_k,projection,ons_npp,NPP-2024based-2026-04-28,sourced,
people.npp.lhl.births,2044,UK,514.218,persons_k,projection,ons_npp,NPP-2024based-2026-04-28,sourced,
people.npp.lhl.births,2045,UK,512.906,persons_k,projection,ons_npp,NPP-2024based-2026-04-28,sourced,
people.npp.lhl.births,2046,UK,510.659,persons_k,projection,ons_npp,NPP-2024based-2026-04-28,sourced,
people.npp.lhl.births,2047,UK,507.839,persons_k,projection,ons_npp,NPP-2024based-2026-04-28,sourced,
people.npp.lhl.births,2048,UK,504.437,persons_k,projection,ons_npp,NPP-2024based-2026-04-28,sourced,
people.npp.lhl.births,2049,UK,500.369,persons_k,projection,ons_npp,NPP-2024based-2026-04-28,sourced,
people.npp.lhl.births,2050,UK,495.057,persons_k,projection,ons_npp,NPP-2024based-2026-04-28,sourced,
people.npp.lhl.births,2051,UK,488.558,persons_k,projection,ons_npp,NPP-2024based-2026-04-28,sourced,
people.npp.lhl.births,2052,UK,481.471,persons_k,projection,ons_npp,NPP-2024based-2026-04-28,sourced,
people.npp.lhl.births,2053,UK,473.801,persons_k,projection,ons_npp,NPP-2024based-2026-04-28,sourced,
people.npp.lhl.births,2054,UK,465.552,persons_k,projection,ons_npp,NPP-2024based-2026-04-28,sourced,
people.npp.lhl.births,2055,UK,456.969,persons_k,projection,ons_npp,NPP-2024based-2026-04-28,sourced,
people.npp.lhl.births,2056,UK,448.31,persons_k,projection,ons_npp,NPP-2024based-2026-04-28,sourced,
people.npp.lhl.births,2057,UK,439.694,persons_k,projection,ons_npp,NPP-2024based-2026-04-28,sourced,
people.npp.lhl.births,2058,UK,431.084,persons_k,projection,ons_npp,NPP-2024based-2026-04-28,sourced,
people.npp.lhl.births,2059,UK,422.583,persons_k,projection,ons_npp,NPP-2024based-2026-04-28,sourced,
people.npp.lhl.births,2060,UK,414.391,persons_k,projection,ons_npp,NPP-2024based-2026-04-28,sourced,
people.npp.lhl.births,2061,UK,406.575,persons_k,projection,ons_npp,NPP-2024based-2026-04-28,sourced,
people.npp.lhl.births,2062,UK,399.284,persons_k,projection,ons_npp,NPP-2024based-2026-04-28,sourced,
people.npp.lhl.births,2063,UK,392.438,persons_k,projection,ons_npp,NPP-2024based-2026-04-28,sourced,
people.npp.lhl.births,2064,UK,386.004,persons_k,projection,ons_npp,NPP-2024based-2026-04-28,sourced,
people.npp.lhl.births,2065,UK,380.167,persons_k,projection,ons_npp,NPP-2024based-2026-04-28,sourced,
people.npp.lhl.births,2066,UK,374.953,persons_k,projection,ons_npp,NPP-2024based-2026-04-28,sourced,
people.npp.lhl.births,2067,UK,370.333,persons_k,projection,ons_npp,NPP-2024based-2026-04-28,sourced,
people.npp.lhl.births,2068,UK,366.316,persons_k,projection,ons_npp,NPP-2024based-2026-04-28,sourced,
people.npp.lhl.births,2069,UK,362.806,persons_k,projection,ons_npp,NPP-2024based-2026-04-28,sourced,
people.npp.lhl.births,2070,UK,359.739,persons_k,projection,ons_npp,NPP-2024based-2026-04-28,sourced,
people.npp.lhl.births,2071,UK,357.115,persons_k,projection,ons_npp,NPP-2024based-2026-04-28,sourced,
people.npp.lhl.births,2072,UK,354.818,persons_k,projection,ons_npp,NPP-2024based-2026-04-28,sourced,
people.npp.lhl.births,2073,UK,352.776,persons_k,projection,ons_npp,NPP-2024based-2026-04-28,sourced,
people.npp.lhl.births,2074,UK,350.894,persons_k,projection,ons_npp,NPP-2024based-2026-04-28,sourced,
people.npp.lhl.births,2075,UK,349.094,persons_k,projection,ons_npp,NPP-2024based-2026-04-28,sourced,
people.npp.lhl.deaths,2025,UK,634.986,persons_k,projection,ons_npp,NPP-2024based-2026-04-28,sourced,
people.npp.lhl.deaths,2026,UK,665.602,persons_k,projection,ons_npp,NPP-2024based-2026-04-28,sourced,
people.npp.lhl.deaths,2027,UK,669.028,persons_k,projection,ons_npp,NPP-2024based-2026-04-28,sourced,
people.npp.lhl.deaths,2028,UK,673.466,persons_k,projection,ons_npp,NPP-2024based-2026-04-28,sourced,
people.npp.lhl.deaths,2029,UK,678.657,persons_k,projection,ons_npp,NPP-2024based-2026-04-28,sourced,
people.npp.lhl.deaths,2030,UK,684.376,persons_k,projection,ons_npp,NPP-2024based-2026-04-28,sourced,
people.npp.lhl.deaths,2031,UK,690.464,persons_k,projection,ons_npp,NPP-2024based-2026-04-28,sourced,
people.npp.lhl.deaths,2032,UK,696.777,persons_k,projection,ons_npp,NPP-2024based-2026-04-28,sourced,
people.npp.lhl.deaths,2033,UK,703.135,persons_k,projection,ons_npp,NPP-2024based-2026-04-28,sourced,
people.npp.lhl.deaths,2034,UK,709.496,persons_k,projection,ons_npp,NPP-2024based-2026-04-28,sourced,
people.npp.lhl.deaths,2035,UK,715.67,persons_k,projection,ons_npp,NPP-2024based-2026-04-28,sourced,
people.npp.lhl.deaths,2036,UK,721.599,persons_k,projection,ons_npp,NPP-2024based-2026-04-28,sourced,
people.npp.lhl.deaths,2037,UK,727.178,persons_k,projection,ons_npp,NPP-2024based-2026-04-28,sourced,
people.npp.lhl.deaths,2038,UK,732.388,persons_k,projection,ons_npp,NPP-2024based-2026-04-28,sourced,
people.npp.lhl.deaths,2039,UK,737.118,persons_k,projection,ons_npp,NPP-2024based-2026-04-28,sourced,
people.npp.lhl.deaths,2040,UK,741.303,persons_k,projection,ons_npp,NPP-2024based-2026-04-28,sourced,
people.npp.lhl.deaths,2041,UK,744.958,persons_k,projection,ons_npp,NPP-2024based-2026-04-28,sourced,
people.npp.lhl.deaths,2042,UK,748.113,persons_k,projection,ons_npp,NPP-2024based-2026-04-28,sourced,
people.npp.lhl.deaths,2043,UK,750.806,persons_k,projection,ons_npp,NPP-2024based-2026-04-28,sourced,
people.npp.lhl.deaths,2044,UK,753.14,persons_k,projection,ons_npp,NPP-2024based-2026-04-28,sourced,
people.npp.lhl.deaths,2045,UK,755.253,persons_k,projection,ons_npp,NPP-2024based-2026-04-28,sourced,
people.npp.lhl.deaths,2046,UK,757.234,persons_k,projection,ons_npp,NPP-2024based-2026-04-28,sourced,
people.npp.lhl.deaths,2047,UK,759.203,persons_k,projection,ons_npp,NPP-2024based-2026-04-28,sourced,
people.npp.lhl.deaths,2048,UK,761.309,persons_k,projection,ons_npp,NPP-2024based-2026-04-28,sourced,
people.npp.lhl.deaths,2049,UK,763.63,persons_k,projection,ons_npp,NPP-2024based-2026-04-28,sourced,
people.npp.lhl.deaths,2050,UK,766.193,persons_k,projection,ons_npp,NPP-2024based-2026-04-28,sourced,
people.npp.lhl.deaths,2051,UK,768.977,persons_k,projection,ons_npp,NPP-2024based-2026-04-28,sourced,
people.npp.lhl.deaths,2052,UK,771.902,persons_k,projection,ons_npp,NPP-2024based-2026-04-28,sourced,
people.npp.lhl.deaths,2053,UK,774.945,persons_k,projection,ons_npp,NPP-2024based-2026-04-28,sourced,
people.npp.lhl.deaths,2054,UK,777.939,persons_k,projection,ons_npp,NPP-2024based-2026-04-28,sourced,
people.npp.lhl.deaths,2055,UK,780.755,persons_k,projection,ons_npp,NPP-2024based-2026-04-28,sourced,
people.npp.lhl.deaths,2056,UK,783.317,persons_k,projection,ons_npp,NPP-2024based-2026-04-28,sourced,
people.npp.lhl.deaths,2057,UK,785.447,persons_k,projection,ons_npp,NPP-2024based-2026-04-28,sourced,
people.npp.lhl.deaths,2058,UK,787.106,persons_k,projection,ons_npp,NPP-2024based-2026-04-28,sourced,
people.npp.lhl.deaths,2059,UK,788.211,persons_k,projection,ons_npp,NPP-2024based-2026-04-28,sourced,
people.npp.lhl.deaths,2060,UK,788.764,persons_k,projection,ons_npp,NPP-2024based-2026-04-28,sourced,
people.npp.lhl.deaths,2061,UK,788.732,persons_k,projection,ons_npp,NPP-2024based-2026-04-28,sourced,
people.npp.lhl.deaths,2062,UK,788.227,persons_k,projection,ons_npp,NPP-2024based-2026-04-28,sourced,
people.npp.lhl.deaths,2063,UK,787.261,persons_k,projection,ons_npp,NPP-2024based-2026-04-28,sourced,
people.npp.lhl.deaths,2064,UK,785.92,persons_k,projection,ons_npp,NPP-2024based-2026-04-28,sourced,
people.npp.lhl.deaths,2065,UK,784.34,persons_k,projection,ons_npp,NPP-2024based-2026-04-28,sourced,
people.npp.lhl.deaths,2066,UK,782.576,persons_k,projection,ons_npp,NPP-2024based-2026-04-28,sourced,
people.npp.lhl.deaths,2067,UK,780.817,persons_k,projection,ons_npp,NPP-2024based-2026-04-28,sourced,
people.npp.lhl.deaths,2068,UK,779.141,persons_k,projection,ons_npp,NPP-2024based-2026-04-28,sourced,
people.npp.lhl.deaths,2069,UK,777.668,persons_k,projection,ons_npp,NPP-2024based-2026-04-28,sourced,
people.npp.lhl.deaths,2070,UK,776.636,persons_k,projection,ons_npp,NPP-2024based-2026-04-28,sourced,
people.npp.lhl.deaths,2071,UK,776.155,persons_k,projection,ons_npp,NPP-2024based-2026-04-28,sourced,
people.npp.lhl.deaths,2072,UK,776.373,persons_k,projection,ons_npp,NPP-2024based-2026-04-28,sourced,
people.npp.lhl.deaths,2073,UK,777.263,persons_k,projection,ons_npp,NPP-2024based-2026-04-28,sourced,
people.npp.lhl.deaths,2074,UK,778.819,persons_k,projection,ons_npp,NPP-2024based-2026-04-28,sourced,
people.npp.lhl.deaths,2075,UK,781.019,persons_k,projection,ons_npp,NPP-2024based-2026-04-28,sourced,
people.npp.lhl.life_expectancy_female,2025,UK,83.631736,years,projection,ons_npp,NPP-2024based-2026-04-28,sourced,
people.npp.lhl.life_expectancy_female,2026,UK,83.48361,years,projection,ons_npp,NPP-2024based-2026-04-28,sourced,
people.npp.lhl.life_expectancy_female,2027,UK,83.618803,years,projection,ons_npp,NPP-2024based-2026-04-28,sourced,
people.npp.lhl.life_expectancy_female,2028,UK,83.752931,years,projection,ons_npp,NPP-2024based-2026-04-28,sourced,
people.npp.lhl.life_expectancy_female,2029,UK,83.886276,years,projection,ons_npp,NPP-2024based-2026-04-28,sourced,
people.npp.lhl.life_expectancy_female,2030,UK,84.021204,years,projection,ons_npp,NPP-2024based-2026-04-28,sourced,
people.npp.lhl.life_expectancy_female,2031,UK,84.158457,years,projection,ons_npp,NPP-2024based-2026-04-28,sourced,
people.npp.lhl.life_expectancy_female,2032,UK,84.295905,years,projection,ons_npp,NPP-2024based-2026-04-28,sourced,
people.npp.lhl.life_expectancy_female,2033,UK,84.435589,years,projection,ons_npp,NPP-2024based-2026-04-28,sourced,
people.npp.lhl.life_expectancy_female,2034,UK,84.575914,years,projection,ons_npp,NPP-2024based-2026-04-28,sourced,
people.npp.lhl.life_expectancy_female,2035,UK,84.720139,years,projection,ons_npp,NPP-2024based-2026-04-28,sourced,
people.npp.lhl.life_expectancy_female,2036,UK,84.86404,years,projection,ons_npp,NPP-2024based-2026-04-28,sourced,
people.npp.lhl.life_expectancy_female,2037,UK,85.011355,years,projection,ons_npp,NPP-2024based-2026-04-28,sourced,
people.npp.lhl.life_expectancy_female,2038,UK,85.160565,years,projection,ons_npp,NPP-2024based-2026-04-28,sourced,
people.npp.lhl.life_expectancy_female,2039,UK,85.312312,years,projection,ons_npp,NPP-2024based-2026-04-28,sourced,
people.npp.lhl.life_expectancy_female,2040,UK,85.464134,years,projection,ons_npp,NPP-2024based-2026-04-28,sourced,
people.npp.lhl.life_expectancy_female,2041,UK,85.618638,years,projection,ons_npp,NPP-2024based-2026-04-28,sourced,
people.npp.lhl.life_expectancy_female,2042,UK,85.77536,years,projection,ons_npp,NPP-2024based-2026-04-28,sourced,
people.npp.lhl.life_expectancy_female,2043,UK,85.932855,years,projection,ons_npp,NPP-2024based-2026-04-28,sourced,
people.npp.lhl.life_expectancy_female,2044,UK,86.091303,years,projection,ons_npp,NPP-2024based-2026-04-28,sourced,
people.npp.lhl.life_expectancy_female,2045,UK,86.250082,years,projection,ons_npp,NPP-2024based-2026-04-28,sourced,
people.npp.lhl.life_expectancy_female,2046,UK,86.410569,years,projection,ons_npp,NPP-2024based-2026-04-28,sourced,
people.npp.lhl.life_expectancy_female,2047,UK,86.570828,years,projection,ons_npp,NPP-2024based-2026-04-28,sourced,
people.npp.lhl.life_expectancy_female,2048,UK,86.7321,years,projection,ons_npp,NPP-2024based-2026-04-28,sourced,
people.npp.lhl.life_expectancy_female,2049,UK,86.892848,years,projection,ons_npp,NPP-2024based-2026-04-28,sourced,
people.npp.lhl.life_expectancy_female,2050,UK,87.053603,years,projection,ons_npp,NPP-2024based-2026-04-28,sourced,
people.npp.lhl.life_expectancy_female,2051,UK,87.212934,years,projection,ons_npp,NPP-2024based-2026-04-28,sourced,
people.npp.lhl.life_expectancy_female,2052,UK,87.371542,years,projection,ons_npp,NPP-2024based-2026-04-28,sourced,
people.npp.lhl.life_expectancy_female,2053,UK,87.529218,years,projection,ons_npp,NPP-2024based-2026-04-28,sourced,
people.npp.lhl.life_expectancy_female,2054,UK,87.686852,years,projection,ons_npp,NPP-2024based-2026-04-28,sourced,
people.npp.lhl.life_expectancy_female,2055,UK,87.844412,years,projection,ons_npp,NPP-2024based-2026-04-28,sourced,
people.npp.lhl.life_expectancy_female,2056,UK,87.998722,years,projection,ons_npp,NPP-2024based-2026-04-28,sourced,
people.npp.lhl.life_expectancy_female,2057,UK,88.153995,years,projection,ons_npp,NPP-2024based-2026-04-28,sourced,
people.npp.lhl.life_expectancy_female,2058,UK,88.30738,years,projection,ons_npp,NPP-2024based-2026-04-28,sourced,
people.npp.lhl.life_expectancy_female,2059,UK,88.461609,years,projection,ons_npp,NPP-2024based-2026-04-28,sourced,
people.npp.lhl.life_expectancy_female,2060,UK,88.611906,years,projection,ons_npp,NPP-2024based-2026-04-28,sourced,
people.npp.lhl.life_expectancy_female,2061,UK,88.764169,years,projection,ons_npp,NPP-2024based-2026-04-28,sourced,
people.npp.lhl.life_expectancy_female,2062,UK,88.913793,years,projection,ons_npp,NPP-2024based-2026-04-28,sourced,
people.npp.lhl.life_expectancy_female,2063,UK,89.065256,years,projection,ons_npp,NPP-2024based-2026-04-28,sourced,
people.npp.lhl.life_expectancy_female,2064,UK,89.212939,years,projection,ons_npp,NPP-2024based-2026-04-28,sourced,
people.npp.lhl.life_expectancy_female,2065,UK,89.360484,years,projection,ons_npp,NPP-2024based-2026-04-28,sourced,
people.npp.lhl.life_expectancy_female,2066,UK,89.50922,years,projection,ons_npp,NPP-2024based-2026-04-28,sourced,
people.npp.lhl.life_expectancy_female,2067,UK,89.653633,years,projection,ons_npp,NPP-2024based-2026-04-28,sourced,
people.npp.lhl.life_expectancy_female,2068,UK,89.799926,years,projection,ons_npp,NPP-2024based-2026-04-28,sourced,
people.npp.lhl.life_expectancy_female,2069,UK,89.943838,years,projection,ons_npp,NPP-2024based-2026-04-28,sourced,
people.npp.lhl.life_expectancy_female,2070,UK,90.085712,years,projection,ons_npp,NPP-2024based-2026-04-28,sourced,
people.npp.lhl.life_expectancy_female,2071,UK,90.228642,years,projection,ons_npp,NPP-2024based-2026-04-28,sourced,
people.npp.lhl.life_expectancy_female,2072,UK,90.370452,years,projection,ons_npp,NPP-2024based-2026-04-28,sourced,
people.npp.lhl.life_expectancy_female,2073,UK,90.510977,years,projection,ons_npp,NPP-2024based-2026-04-28,sourced,
people.npp.lhl.life_expectancy_female,2074,UK,90.650507,years,projection,ons_npp,NPP-2024based-2026-04-28,sourced,
people.npp.lhl.life_expectancy_female,2075,UK,90.789232,years,projection,ons_npp,NPP-2024based-2026-04-28,sourced,
people.npp.lhl.life_expectancy_male,2025,UK,79.85397,years,projection,ons_npp,NPP-2024based-2026-04-28,sourced,
people.npp.lhl.life_expectancy_male,2026,UK,79.645588,years,projection,ons_npp,NPP-2024based-2026-04-28,sourced,
people.npp.lhl.life_expectancy_male,2027,UK,79.792019,years,projection,ons_npp,NPP-2024based-2026-04-28,sourced,
people.npp.lhl.life_expectancy_male,2028,UK,79.93918,years,projection,ons_npp,NPP-2024based-2026-04-28,sourced,
people.npp.lhl.life_expectancy_male,2029,UK,80.085218,years,projection,ons_npp,NPP-2024based-2026-04-28,sourced,
people.npp.lhl.life_expectancy_male,2030,UK,80.234695,years,projection,ons_npp,NPP-2024based-2026-04-28,sourced,
people.npp.lhl.life_expectancy_male,2031,UK,80.385535,years,projection,ons_npp,NPP-2024based-2026-04-28,sourced,
people.npp.lhl.life_expectancy_male,2032,UK,80.537204,years,projection,ons_npp,NPP-2024based-2026-04-28,sourced,
people.npp.lhl.life_expectancy_male,2033,UK,80.693111,years,projection,ons_npp,NPP-2024based-2026-04-28,sourced,
people.npp.lhl.life_expectancy_male,2034,UK,80.85043,years,projection,ons_npp,NPP-2024based-2026-04-28,sourced,
people.npp.lhl.life_expectancy_male,2035,UK,81.009923,years,projection,ons_npp,NPP-2024based-2026-04-28,sourced,
people.npp.lhl.life_expectancy_male,2036,UK,81.174261,years,projection,ons_npp,NPP-2024based-2026-04-28,sourced,
people.npp.lhl.life_expectancy_male,2037,UK,81.339402,years,projection,ons_npp,NPP-2024based-2026-04-28,sourced,
people.npp.lhl.life_expectancy_male,2038,UK,81.506302,years,projection,ons_npp,NPP-2024based-2026-04-28,sourced,
people.npp.lhl.life_expectancy_male,2039,UK,81.677007,years,projection,ons_npp,NPP-2024based-2026-04-28,sourced,
people.npp.lhl.life_expectancy_male,2040,UK,81.850043,years,projection,ons_npp,NPP-2024based-2026-04-28,sourced,
people.npp.lhl.life_expectancy_male,2041,UK,82.023934,years,projection,ons_npp,NPP-2024based-2026-04-28,sourced,
people.npp.lhl.life_expectancy_male,2042,UK,82.199813,years,projection,ons_npp,NPP-2024based-2026-04-28,sourced,
people.npp.lhl.life_expectancy_male,2043,UK,82.37767,years,projection,ons_npp,NPP-2024based-2026-04-28,sourced,
people.npp.lhl.life_expectancy_male,2044,UK,82.55872,years,projection,ons_npp,NPP-2024based-2026-04-28,sourced,
people.npp.lhl.life_expectancy_male,2045,UK,82.738699,years,projection,ons_npp,NPP-2024based-2026-04-28,sourced,
people.npp.lhl.life_expectancy_male,2046,UK,82.919636,years,projection,ons_npp,NPP-2024based-2026-04-28,sourced,
people.npp.lhl.life_expectancy_male,2047,UK,83.102563,years,projection,ons_npp,NPP-2024based-2026-04-28,sourced,
people.npp.lhl.life_expectancy_male,2048,UK,83.283406,years,projection,ons_npp,NPP-2024based-2026-04-28,sourced,
people.npp.lhl.life_expectancy_male,2049,UK,83.464501,years,projection,ons_npp,NPP-2024based-2026-04-28,sourced,
people.npp.lhl.life_expectancy_male,2050,UK,83.645313,years,projection,ons_npp,NPP-2024based-2026-04-28,sourced,
people.npp.lhl.life_expectancy_male,2051,UK,83.826309,years,projection,ons_npp,NPP-2024based-2026-04-28,sourced,
people.npp.lhl.life_expectancy_male,2052,UK,84.006999,years,projection,ons_npp,NPP-2024based-2026-04-28,sourced,
people.npp.lhl.life_expectancy_male,2053,UK,84.185057,years,projection,ons_npp,NPP-2024based-2026-04-28,sourced,
people.npp.lhl.life_expectancy_male,2054,UK,84.362258,years,projection,ons_npp,NPP-2024based-2026-04-28,sourced,
people.npp.lhl.life_expectancy_male,2055,UK,84.539836,years,projection,ons_npp,NPP-2024based-2026-04-28,sourced,
people.npp.lhl.life_expectancy_male,2056,UK,84.71694,years,projection,ons_npp,NPP-2024based-2026-04-28,sourced,
people.npp.lhl.life_expectancy_male,2057,UK,84.893023,years,projection,ons_npp,NPP-2024based-2026-04-28,sourced,
people.npp.lhl.life_expectancy_male,2058,UK,85.068427,years,projection,ons_npp,NPP-2024based-2026-04-28,sourced,
people.npp.lhl.life_expectancy_male,2059,UK,85.24066,years,projection,ons_npp,NPP-2024based-2026-04-28,sourced,
people.npp.lhl.life_expectancy_male,2060,UK,85.414299,years,projection,ons_npp,NPP-2024based-2026-04-28,sourced,
people.npp.lhl.life_expectancy_male,2061,UK,85.587227,years,projection,ons_npp,NPP-2024based-2026-04-28,sourced,
people.npp.lhl.life_expectancy_male,2062,UK,85.758432,years,projection,ons_npp,NPP-2024based-2026-04-28,sourced,
people.npp.lhl.life_expectancy_male,2063,UK,85.930328,years,projection,ons_npp,NPP-2024based-2026-04-28,sourced,
people.npp.lhl.life_expectancy_male,2064,UK,86.100451,years,projection,ons_npp,NPP-2024based-2026-04-28,sourced,
people.npp.lhl.life_expectancy_male,2065,UK,86.271714,years,projection,ons_npp,NPP-2024based-2026-04-28,sourced,
people.npp.lhl.life_expectancy_male,2066,UK,86.440067,years,projection,ons_npp,NPP-2024based-2026-04-28,sourced,
people.npp.lhl.life_expectancy_male,2067,UK,86.607922,years,projection,ons_npp,NPP-2024based-2026-04-28,sourced,
people.npp.lhl.life_expectancy_male,2068,UK,86.773516,years,projection,ons_npp,NPP-2024based-2026-04-28,sourced,
people.npp.lhl.life_expectancy_male,2069,UK,86.938638,years,projection,ons_npp,NPP-2024based-2026-04-28,sourced,
people.npp.lhl.life_expectancy_male,2070,UK,87.103948,years,projection,ons_npp,NPP-2024based-2026-04-28,sourced,
people.npp.lhl.life_expectancy_male,2071,UK,87.26876,years,projection,ons_npp,NPP-2024based-2026-04-28,sourced,
people.npp.lhl.life_expectancy_male,2072,UK,87.429826,years,projection,ons_npp,NPP-2024based-2026-04-28,sourced,
people.npp.lhl.life_expectancy_male,2073,UK,87.59521,years,projection,ons_npp,NPP-2024based-2026-04-28,sourced,
people.npp.lhl.life_expectancy_male,2074,UK,87.755922,years,projection,ons_npp,NPP-2024based-2026-04-28,sourced,
people.npp.lhl.life_expectancy_male,2075,UK,87.916331,years,projection,ons_npp,NPP-2024based-2026-04-28,sourced,
people.npp.lhl.net_migration,2025,UK,204.0,persons_k,projection,ons_npp,NPP-2024based-2026-04-28,sourced,
people.npp.lhl.net_migration,2026,UK,63.0,persons_k,projection,ons_npp,NPP-2024based-2026-04-28,sourced,
people.npp.lhl.net_migration,2027,UK,105.0,persons_k,projection,ons_npp,NPP-2024based-2026-04-28,sourced,
people.npp.lhl.net_migration,2028,UK,105.0,persons_k,projection,ons_npp,NPP-2024based-2026-04-28,sourced,
people.npp.lhl.net_migration,2029,UK,105.0,persons_k,projection,ons_npp,NPP-2024based-2026-04-28,sourced,
people.npp.lhl.net_migration,2030,UK,105.0,persons_k,projection,ons_npp,NPP-2024based-2026-04-28,sourced,
people.npp.lhl.net_migration,2031,UK,105.0,persons_k,projection,ons_npp,NPP-2024based-2026-04-28,sourced,
people.npp.lhl.net_migration,2032,UK,105.0,persons_k,projection,ons_npp,NPP-2024based-2026-04-28,sourced,
people.npp.lhl.net_migration,2033,UK,105.0,persons_k,projection,ons_npp,NPP-2024based-2026-04-28,sourced,
people.npp.lhl.net_migration,2034,UK,105.0,persons_k,projection,ons_npp,NPP-2024based-2026-04-28,sourced,
people.npp.lhl.net_migration,2035,UK,105.0,persons_k,projection,ons_npp,NPP-2024based-2026-04-28,sourced,
people.npp.lhl.net_migration,2036,UK,105.0,persons_k,projection,ons_npp,NPP-2024based-2026-04-28,sourced,
people.npp.lhl.net_migration,2037,UK,105.0,persons_k,projection,ons_npp,NPP-2024based-2026-04-28,sourced,
people.npp.lhl.net_migration,2038,UK,105.0,persons_k,projection,ons_npp,NPP-2024based-2026-04-28,sourced,
people.npp.lhl.net_migration,2039,UK,105.0,persons_k,projection,ons_npp,NPP-2024based-2026-04-28,sourced,
people.npp.lhl.net_migration,2040,UK,105.0,persons_k,projection,ons_npp,NPP-2024based-2026-04-28,sourced,
people.npp.lhl.net_migration,2041,UK,105.0,persons_k,projection,ons_npp,NPP-2024based-2026-04-28,sourced,
people.npp.lhl.net_migration,2042,UK,105.0,persons_k,projection,ons_npp,NPP-2024based-2026-04-28,sourced,
people.npp.lhl.net_migration,2043,UK,105.0,persons_k,projection,ons_npp,NPP-2024based-2026-04-28,sourced,
people.npp.lhl.net_migration,2044,UK,105.0,persons_k,projection,ons_npp,NPP-2024based-2026-04-28,sourced,
people.npp.lhl.net_migration,2045,UK,105.0,persons_k,projection,ons_npp,NPP-2024based-2026-04-28,sourced,
people.npp.lhl.net_migration,2046,UK,105.0,persons_k,projection,ons_npp,NPP-2024based-2026-04-28,sourced,
people.npp.lhl.net_migration,2047,UK,105.0,persons_k,projection,ons_npp,NPP-2024based-2026-04-28,sourced,
people.npp.lhl.net_migration,2048,UK,105.0,persons_k,projection,ons_npp,NPP-2024based-2026-04-28,sourced,
people.npp.lhl.net_migration,2049,UK,105.0,persons_k,projection,ons_npp,NPP-2024based-2026-04-28,sourced,
people.npp.lhl.net_migration,2050,UK,105.0,persons_k,projection,ons_npp,NPP-2024based-2026-04-28,sourced,
people.npp.lhl.net_migration,2051,UK,105.0,persons_k,projection,ons_npp,NPP-2024based-2026-04-28,sourced,
people.npp.lhl.net_migration,2052,UK,105.0,persons_k,projection,ons_npp,NPP-2024based-2026-04-28,sourced,
people.npp.lhl.net_migration,2053,UK,105.0,persons_k,projection,ons_npp,NPP-2024based-2026-04-28,sourced,
people.npp.lhl.net_migration,2054,UK,105.0,persons_k,projection,ons_npp,NPP-2024based-2026-04-28,sourced,
people.npp.lhl.net_migration,2055,UK,105.0,persons_k,projection,ons_npp,NPP-2024based-2026-04-28,sourced,
people.npp.lhl.net_migration,2056,UK,105.0,persons_k,projection,ons_npp,NPP-2024based-2026-04-28,sourced,
people.npp.lhl.net_migration,2057,UK,105.0,persons_k,projection,ons_npp,NPP-2024based-2026-04-28,sourced,
people.npp.lhl.net_migration,2058,UK,105.0,persons_k,projection,ons_npp,NPP-2024based-2026-04-28,sourced,
people.npp.lhl.net_migration,2059,UK,105.0,persons_k,projection,ons_npp,NPP-2024based-2026-04-28,sourced,
people.npp.lhl.net_migration,2060,UK,105.0,persons_k,projection,ons_npp,NPP-2024based-2026-04-28,sourced,
people.npp.lhl.net_migration,2061,UK,105.0,persons_k,projection,ons_npp,NPP-2024based-2026-04-28,sourced,
people.npp.lhl.net_migration,2062,UK,105.0,persons_k,projection,ons_npp,NPP-2024based-2026-04-28,sourced,
people.npp.lhl.net_migration,2063,UK,105.0,persons_k,projection,ons_npp,NPP-2024based-2026-04-28,sourced,
people.npp.lhl.net_migration,2064,UK,105.0,persons_k,projection,ons_npp,NPP-2024based-2026-04-28,sourced,
people.npp.lhl.net_migration,2065,UK,105.0,persons_k,projection,ons_npp,NPP-2024based-2026-04-28,sourced,
people.npp.lhl.net_migration,2066,UK,105.0,persons_k,projection,ons_npp,NPP-2024based-2026-04-28,sourced,
people.npp.lhl.net_migration,2067,UK,105.0,persons_k,projection,ons_npp,NPP-2024based-2026-04-28,sourced,
people.npp.lhl.net_migration,2068,UK,105.0,persons_k,projection,ons_npp,NPP-2024based-2026-04-28,sourced,
people.npp.lhl.net_migration,2069,UK,105.0,persons_k,projection,ons_npp,NPP-2024based-2026-04-28,sourced,
people.npp.lhl.net_migration,2070,UK,105.0,persons_k,projection,ons_npp,NPP-2024based-2026-04-28,sourced,
people.npp.lhl.net_migration,2071,UK,105.0,persons_k,projection,ons_npp,NPP-2024based-2026-04-28,sourced,
people.npp.lhl.net_migration,2072,UK,105.0,persons_k,projection,ons_npp,NPP-2024based-2026-04-28,sourced,
people.npp.lhl.net_migration,2073,UK,105.0,persons_k,projection,ons_npp,NPP-2024based-2026-04-28,sourced,
people.npp.lhl.net_migration,2074,UK,105.0,persons_k,projection,ons_npp,NPP-2024based-2026-04-28,sourced,
people.npp.lhl.net_migration,2075,UK,105.0,persons_k,projection,ons_npp,NPP-2024based-2026-04-28,sourced,
people.npp.lhl.oadr,2024,UK,279.682164,per_1000,outturn,ons_npp,NPP-2024based-2026-04-28,sourced,"Base year of the 2024-based projections: ONS mid-2024 population estimate. ONS: Children under 16, working age, and pensionable age populations are based on State Pension Age (SPA) for a given year. Women's SPA increased to 65 between April 2016 and November 2018. From December 2018, the SPA for both sexes increased to 66 by October 2020 (Pensions Act 2011). Between 2026 and 2028, the SPA will increase from 66 to 67 years for both sexes (Pensions Act 2014), and will increase to 68 between 2044 and 2046 (Pensions Act 2007)."
people.npp.lhl.oadr,2025,UK,284.391322,per_1000,projection,ons_npp,NPP-2024based-2026-04-28,sourced,
people.npp.lhl.oadr,2026,UK,286.069393,per_1000,projection,ons_npp,NPP-2024based-2026-04-28,sourced,
people.npp.lhl.oadr,2027,UK,279.955162,per_1000,projection,ons_npp,NPP-2024based-2026-04-28,sourced,
people.npp.lhl.oadr,2028,UK,277.254591,per_1000,projection,ons_npp,NPP-2024based-2026-04-28,sourced,
people.npp.lhl.oadr,2029,UK,283.275236,per_1000,projection,ons_npp,NPP-2024based-2026-04-28,sourced,
people.npp.lhl.oadr,2030,UK,289.742239,per_1000,projection,ons_npp,NPP-2024based-2026-04-28,sourced,
people.npp.lhl.oadr,2031,UK,296.509332,per_1000,projection,ons_npp,NPP-2024based-2026-04-28,sourced,
people.npp.lhl.oadr,2032,UK,303.284646,per_1000,projection,ons_npp,NPP-2024based-2026-04-28,sourced,
people.npp.lhl.oadr,2033,UK,309.797272,per_1000,projection,ons_npp,NPP-2024based-2026-04-28,sourced,
people.npp.lhl.oadr,2034,UK,316.270158,per_1000,projection,ons_npp,NPP-2024based-2026-04-28,sourced,
people.npp.lhl.oadr,2035,UK,322.408731,per_1000,projection,ons_npp,NPP-2024based-2026-04-28,sourced,
people.npp.lhl.oadr,2036,UK,328.462097,per_1000,projection,ons_npp,NPP-2024based-2026-04-28,sourced,
people.npp.lhl.oadr,2037,UK,333.909545,per_1000,projection,ons_npp,NPP-2024based-2026-04-28,sourced,
people.npp.lhl.oadr,2038,UK,339.739346,per_1000,projection,ons_npp,NPP-2024based-2026-04-28,sourced,
people.npp.lhl.oadr,2039,UK,344.760973,per_1000,projection,ons_npp,NPP-2024based-2026-04-28,sourced,
people.npp.lhl.oadr,2040,UK,348.897095,per_1000,projection,ons_npp,NPP-2024based-2026-04-28,sourced,
people.npp.lhl.oadr,2041,UK,352.170968,per_1000,projection,ons_npp,NPP-2024based-2026-04-28,sourced,
people.npp.lhl.oadr,2042,UK,355.186587,per_1000,projection,ons_npp,NPP-2024based-2026-04-28,sourced,
people.npp.lhl.oadr,2043,UK,357.847957,per_1000,projection,ons_npp,NPP-2024based-2026-04-28,sourced,
people.npp.lhl.oadr,2044,UK,356.681623,per_1000,projection,ons_npp,NPP-2024based-2026-04-28,sourced,
people.npp.lhl.oadr,2045,UK,348.136345,per_1000,projection,ons_npp,NPP-2024based-2026-04-28,sourced,
people.npp.lhl.oadr,2046,UK,343.025646,per_1000,projection,ons_npp,NPP-2024based-2026-04-28,sourced,
people.npp.lhl.oadr,2047,UK,347.545699,per_1000,projection,ons_npp,NPP-2024based-2026-04-28,sourced,
people.npp.lhl.oadr,2048,UK,353.200695,per_1000,projection,ons_npp,NPP-2024based-2026-04-28,sourced,
people.npp.lhl.oadr,2049,UK,358.931552,per_1000,projection,ons_npp,NPP-2024based-2026-04-28,sourced,
people.npp.lhl.oadr,2050,UK,364.546159,per_1000,projection,ons_npp,NPP-2024based-2026-04-28,sourced,
people.npp.lhl.oadr,2051,UK,370.43958,per_1000,projection,ons_npp,NPP-2024based-2026-04-28,sourced,
people.npp.lhl.oadr,2052,UK,376.416749,per_1000,projection,ons_npp,NPP-2024based-2026-04-28,sourced,
people.npp.lhl.oadr,2053,UK,383.336378,per_1000,projection,ons_npp,NPP-2024based-2026-04-28,sourced,
people.npp.lhl.oadr,2054,UK,390.510987,per_1000,projection,ons_npp,NPP-2024based-2026-04-28,sourced,
people.npp.lhl.oadr,2055,UK,397.981355,per_1000,projection,ons_npp,NPP-2024based-2026-04-28,sourced,
people.npp.lhl.oadr,2056,UK,406.241019,per_1000,projection,ons_npp,NPP-2024based-2026-04-28,sourced,
people.npp.lhl.oadr,2057,UK,414.346038,per_1000,projection,ons_npp,NPP-2024based-2026-04-28,sourced,
people.npp.lhl.oadr,2058,UK,422.850787,per_1000,projection,ons_npp,NPP-2024based-2026-04-28,sourced,
people.npp.lhl.oadr,2059,UK,431.6382,per_1000,projection,ons_npp,NPP-2024based-2026-04-28,sourced,
people.npp.lhl.oadr,2060,UK,440.255749,per_1000,projection,ons_npp,NPP-2024based-2026-04-28,sourced,
people.npp.lhl.oadr,2061,UK,448.354255,per_1000,projection,ons_npp,NPP-2024based-2026-04-28,sourced,
people.npp.lhl.oadr,2062,UK,456.696681,per_1000,projection,ons_npp,NPP-2024based-2026-04-28,sourced,
people.npp.lhl.oadr,2063,UK,464.592429,per_1000,projection,ons_npp,NPP-2024based-2026-04-28,sourced,
people.npp.lhl.oadr,2064,UK,472.448375,per_1000,projection,ons_npp,NPP-2024based-2026-04-28,sourced,
people.npp.lhl.oadr,2065,UK,481.136597,per_1000,projection,ons_npp,NPP-2024based-2026-04-28,sourced,
people.npp.lhl.oadr,2066,UK,489.504602,per_1000,projection,ons_npp,NPP-2024based-2026-04-28,sourced,
people.npp.lhl.oadr,2067,UK,497.5839,per_1000,projection,ons_npp,NPP-2024based-2026-04-28,sourced,
people.npp.lhl.oadr,2068,UK,504.660606,per_1000,projection,ons_npp,NPP-2024based-2026-04-28,sourced,
people.npp.lhl.oadr,2069,UK,511.250096,per_1000,projection,ons_npp,NPP-2024based-2026-04-28,sourced,
people.npp.lhl.oadr,2070,UK,517.904335,per_1000,projection,ons_npp,NPP-2024based-2026-04-28,sourced,
people.npp.lhl.oadr,2071,UK,524.859688,per_1000,projection,ons_npp,NPP-2024based-2026-04-28,sourced,
people.npp.lhl.oadr,2072,UK,532.508874,per_1000,projection,ons_npp,NPP-2024based-2026-04-28,sourced,
people.npp.lhl.oadr,2073,UK,540.735043,per_1000,projection,ons_npp,NPP-2024based-2026-04-28,sourced,
people.npp.lhl.oadr,2074,UK,548.878268,per_1000,projection,ons_npp,NPP-2024based-2026-04-28,sourced,
people.npp.lhl.oadr,2075,UK,557.622052,per_1000,projection,ons_npp,NPP-2024based-2026-04-28,sourced,
people.npp.lhl.pension_age,2024,UK,12388.913,persons_k,outturn,ons_npp,NPP-2024based-2026-04-28,sourced,"Base year of the 2024-based projections: ONS mid-2024 population estimate. ONS: Children under 16, working age, and pensionable age populations are based on State Pension Age (SPA) for a given year. Women's SPA increased to 65 between April 2016 and November 2018. From December 2018, the SPA for both sexes increased to 66 by October 2020 (Pensions Act 2011). Between 2026 and 2028, the SPA will increase from 66 to 67 years for both sexes (Pensions Act 2014), and will increase to 68 between 2044 and 2046 (Pensions Act 2007)."
people.npp.lhl.pension_age,2025,UK,12633.51,persons_k,projection,ons_npp,NPP-2024based-2026-04-28,sourced,
people.npp.lhl.pension_age,2026,UK,12743.679126,persons_k,projection,ons_npp,NPP-2024based-2026-04-28,sourced,
people.npp.lhl.pension_age,2027,UK,12591.930156,persons_k,projection,ons_npp,NPP-2024based-2026-04-28,sourced,
people.npp.lhl.pension_age,2028,UK,12556.594,persons_k,projection,ons_npp,NPP-2024based-2026-04-28,sourced,
people.npp.lhl.pension_age,2029,UK,12824.475,persons_k,projection,ons_npp,NPP-2024based-2026-04-28,sourced,
people.npp.lhl.pension_age,2030,UK,13102.594,persons_k,projection,ons_npp,NPP-2024based-2026-04-28,sourced,
people.npp.lhl.pension_age,2031,UK,13388.752,persons_k,projection,ons_npp,NPP-2024based-2026-04-28,sourced,
people.npp.lhl.pension_age,2032,UK,13674.543,persons_k,projection,ons_npp,NPP-2024based-2026-04-28,sourced,
people.npp.lhl.pension_age,2033,UK,13944.123,persons_k,projection,ons_npp,NPP-2024based-2026-04-28,sourced,
people.npp.lhl.pension_age,2034,UK,14205.938,persons_k,projection,ons_npp,NPP-2024based-2026-04-28,sourced,
people.npp.lhl.pension_age,2035,UK,14451.913,persons_k,projection,ons_npp,NPP-2024based-2026-04-28,sourced,
people.npp.lhl.pension_age,2036,UK,14689.182,persons_k,projection,ons_npp,NPP-2024based-2026-04-28,sourced,
people.npp.lhl.pension_age,2037,UK,14897.356,persons_k,projection,ons_npp,NPP-2024based-2026-04-28,sourced,
people.npp.lhl.pension_age,2038,UK,15117.47,persons_k,projection,ons_npp,NPP-2024based-2026-04-28,sourced,
people.npp.lhl.pension_age,2039,UK,15298.733,persons_k,projection,ons_npp,NPP-2024based-2026-04-28,sourced,
people.npp.lhl.pension_age,2040,UK,15443.633,persons_k,projection,ons_npp,NPP-2024based-2026-04-28,sourced,
people.npp.lhl.pension_age,2041,UK,15553.684,persons_k,projection,ons_npp,NPP-2024based-2026-04-28,sourced,
people.npp.lhl.pension_age,2042,UK,15650.279,persons_k,projection,ons_npp,NPP-2024based-2026-04-28,sourced,
people.npp.lhl.pension_age,2043,UK,15729.967,persons_k,projection,ons_npp,NPP-2024based-2026-04-28,sourced,
people.npp.lhl.pension_age,2044,UK,15680.665586,persons_k,projection,ons_npp,NPP-2024based-2026-04-28,sourced,
people.npp.lhl.pension_age,2045,UK,15386.215838,persons_k,projection,ons_npp,NPP-2024based-2026-04-28,sourced,
people.npp.lhl.pension_age,2046,UK,15198.321,persons_k,projection,ons_npp,NPP-2024based-2026-04-28,sourced,
people.npp.lhl.pension_age,2047,UK,15323.285,persons_k,projection,ons_npp,NPP-2024based-2026-04-28,sourced,
people.npp.lhl.pension_age,2048,UK,15480.138,persons_k,projection,ons_npp,NPP-2024based-2026-04-28,sourced,
people.npp.lhl.pension_age,2049,UK,15633.786,persons_k,projection,ons_npp,NPP-2024based-2026-04-28,sourced,
people.npp.lhl.pension_age,2050,UK,15778.347,persons_k,projection,ons_npp,NPP-2024based-2026-04-28,sourced,
people.npp.lhl.pension_age,2051,UK,15926.946,persons_k,projection,ons_npp,NPP-2024based-2026-04-28,sourced,
people.npp.lhl.pension_age,2052,UK,16073.806,persons_k,projection,ons_npp,NPP-2024based-2026-04-28,sourced,
people.npp.lhl.pension_age,2053,UK,16245.499,persons_k,projection,ons_npp,NPP-2024based-2026-04-28,sourced,
people.npp.lhl.pension_age,2054,UK,16420.436,persons_k,projection,ons_npp,NPP-2024based-2026-04-28,sourced,
people.npp.lhl.pension_age,2055,UK,16599.786,persons_k,projection,ons_npp,NPP-2024based-2026-04-28,sourced,
people.npp.lhl.pension_age,2056,UK,16797.85,persons_k,projection,ons_npp,NPP-2024based-2026-04-28,sourced,
people.npp.lhl.pension_age,2057,UK,16986.415,persons_k,projection,ons_npp,NPP-2024based-2026-04-28,sourced,
people.npp.lhl.pension_age,2058,UK,17181.718,persons_k,projection,ons_npp,NPP-2024based-2026-04-28,sourced,
people.npp.lhl.pension_age,2059,UK,17380.197,persons_k,projection,ons_npp,NPP-2024based-2026-04-28,sourced,
people.npp.lhl.pension_age,2060,UK,17569.14,persons_k,projection,ons_npp,NPP-2024based-2026-04-28,sourced,
people.npp.lhl.pension_age,2061,UK,17739.241,persons_k,projection,ons_npp,NPP-2024based-2026-04-28,sourced,
people.npp.lhl.pension_age,2062,UK,17911.568,persons_k,projection,ons_npp,NPP-2024based-2026-04-28,sourced,
people.npp.lhl.pension_age,2063,UK,18067.515,persons_k,projection,ons_npp,NPP-2024based-2026-04-28,sourced,
people.npp.lhl.pension_age,2064,UK,18218.215,persons_k,projection,ons_npp,NPP-2024based-2026-04-28,sourced,
people.npp.lhl.pension_age,2065,UK,18386.114,persons_k,projection,ons_npp,NPP-2024based-2026-04-28,sourced,
people.npp.lhl.pension_age,2066,UK,18540.653,persons_k,projection,ons_npp,NPP-2024based-2026-04-28,sourced,
people.npp.lhl.pension_age,2067,UK,18682.616,persons_k,projection,ons_npp,NPP-2024based-2026-04-28,sourced,
people.npp.lhl.pension_age,2068,UK,18794.429,persons_k,projection,ons_npp,NPP-2024based-2026-04-28,sourced,
people.npp.lhl.pension_age,2069,UK,18889.393,persons_k,projection,ons_npp,NPP-2024based-2026-04-28,sourced,
people.npp.lhl.pension_age,2070,UK,18980.908,persons_k,projection,ons_npp,NPP-2024based-2026-04-28,sourced,
people.npp.lhl.pension_age,2071,UK,19074.223,persons_k,projection,ons_npp,NPP-2024based-2026-04-28,sourced,
people.npp.lhl.pension_age,2072,UK,19177.978,persons_k,projection,ons_npp,NPP-2024based-2026-04-28,sourced,
people.npp.lhl.pension_age,2073,UK,19288.517,persons_k,projection,ons_npp,NPP-2024based-2026-04-28,sourced,
people.npp.lhl.pension_age,2074,UK,19389.924,persons_k,projection,ons_npp,NPP-2024based-2026-04-28,sourced,
people.npp.lhl.pension_age,2075,UK,19497.395,persons_k,projection,ons_npp,NPP-2024based-2026-04-28,sourced,
people.npp.lhl.population,2024,UK,69281.437,persons_k,outturn,ons_npp,NPP-2024based-2026-04-28,sourced,Base year of the 2024-based projections: ONS mid-2024 population estimate.
people.npp.lhl.population,2025,UK,69502.339,persons_k,projection,ons_npp,NPP-2024based-2026-04-28,sourced,
people.npp.lhl.population,2026,UK,69537.6,persons_k,projection,ons_npp,NPP-2024based-2026-04-28,sourced,
people.npp.lhl.population,2027,UK,69595.011,persons_k,projection,ons_npp,NPP-2024based-2026-04-28,sourced,
people.npp.lhl.population,2028,UK,69631.77,persons_k,projection,ons_npp,NPP-2024based-2026-04-28,sourced,
people.npp.lhl.population,2029,UK,69648.009,persons_k,projection,ons_npp,NPP-2024based-2026-04-28,sourced,
people.npp.lhl.population,2030,UK,69644.41,persons_k,projection,ons_npp,NPP-2024based-2026-04-28,sourced,
people.npp.lhl.population,2031,UK,69622.114,persons_k,projection,ons_npp,NPP-2024based-2026-04-28,sourced,
people.npp.lhl.population,2032,UK,69582.282,persons_k,projection,ons_npp,NPP-2024based-2026-04-28,sourced,
people.npp.lhl.population,2033,UK,69525.283,persons_k,projection,ons_npp,NPP-2024based-2026-04-28,sourced,
people.npp.lhl.population,2034,UK,69452.769,persons_k,projection,ons_npp,NPP-2024based-2026-04-28,sourced,
people.npp.lhl.population,2035,UK,69367.737,persons_k,projection,ons_npp,NPP-2024based-2026-04-28,sourced,
people.npp.lhl.population,2036,UK,69272.819,persons_k,projection,ons_npp,NPP-2024based-2026-04-28,sourced,
people.npp.lhl.population,2037,UK,69169.829,persons_k,projection,ons_npp,NPP-2024based-2026-04-28,sourced,
people.npp.lhl.population,2038,UK,69060.148,persons_k,projection,ons_npp,NPP-2024based-2026-04-28,sourced,
people.npp.lhl.population,2039,UK,68944.978,persons_k,projection,ons_npp,NPP-2024based-2026-04-28,sourced,
people.npp.lhl.population,2040,UK,68825.059,persons_k,projection,ons_npp,NPP-2024based-2026-04-28,sourced,
people.npp.lhl.population,2041,UK,68700.867,persons_k,projection,ons_npp,NPP-2024based-2026-04-28,sourced,
people.npp.lhl.population,2042,UK,68572.993,persons_k,projection,ons_npp,NPP-2024based-2026-04-28,sourced,
people.npp.lhl.population,2043,UK,68441.973,persons_k,projection,ons_npp,NPP-2024based-2026-04-28,sourced,
people.npp.lhl.population,2044,UK,68308.05,persons_k,projection,ons_npp,NPP-2024based-2026-04-28,sourced,
people.npp.lhl.population,2045,UK,68170.719,persons_k,projection,ons_npp,NPP-2024based-2026-04-28,sourced,
people.npp.lhl.population,2046,UK,68029.145,persons_k,projection,ons_npp,NPP-2024based-2026-04-28,sourced,
people.npp.lhl.population,2047,UK,67882.772,persons_k,projection,ons_npp,NPP-2024based-2026-04-28,sourced,
people.npp.lhl.population,2048,UK,67730.919,persons_k,projection,ons_npp,NPP-2024based-2026-04-28,sourced,
people.npp.lhl.population,2049,UK,67572.652,persons_k,projection,ons_npp,NPP-2024based-2026-04-28,sourced,
people.npp.lhl.population,2050,UK,67406.517,persons_k,projection,ons_npp,NPP-2024based-2026-04-28,sourced,
people.npp.lhl.population,2051,UK,67231.097,persons_k,projection,ons_npp,NPP-2024based-2026-04-28,sourced,
people.npp.lhl.population,2052,UK,67045.679,persons_k,projection,ons_npp,NPP-2024based-2026-04-28,sourced,
people.npp.lhl.population,2053,UK,66849.529,persons_k,projection,ons_npp,NPP-2024based-2026-04-28,sourced,
people.npp.lhl.population,2054,UK,66642.146,persons_k,projection,ons_npp,NPP-2024based-2026-04-28,sourced,
people.npp.lhl.population,2055,UK,66423.366,persons_k,projection,ons_npp,NPP-2024based-2026-04-28,sourced,
people.npp.lhl.population,2056,UK,66193.359,persons_k,projection,ons_npp,NPP-2024based-2026-04-28,sourced,
people.npp.lhl.population,2057,UK,65952.601,persons_k,projection,ons_npp,NPP-2024based-2026-04-28,sourced,
people.npp.lhl.population,2058,UK,65701.574,persons_k,projection,ons_npp,NPP-2024based-2026-04-28,sourced,
people.npp.lhl.population,2059,UK,65440.949,persons_k,projection,ons_npp,NPP-2024based-2026-04-28,sourced,
people.npp.lhl.population,2060,UK,65171.578,persons_k,projection,ons_npp,NPP-2024based-2026-04-28,sourced,
people.npp.lhl.population,2061,UK,64894.41,persons_k,projection,ons_npp,NPP-2024based-2026-04-28,sourced,
people.npp.lhl.population,2062,UK,64610.465,persons_k,projection,ons_npp,NPP-2024based-2026-04-28,sourced,
people.npp.lhl.population,2063,UK,64320.646,persons_k,projection,ons_npp,NPP-2024based-2026-04-28,sourced,
people.npp.lhl.population,2064,UK,64025.741,persons_k,projection,ons_npp,NPP-2024based-2026-04-28,sourced,
people.npp.lhl.population,2065,UK,63726.573,persons_k,projection,ons_npp,NPP-2024based-2026-04-28,sourced,
people.npp.lhl.population,2066,UK,63423.939,persons_k,projection,ons_npp,NPP-2024based-2026-04-28,sourced,
people.npp.lhl.population,2067,UK,63118.463,persons_k,projection,ons_npp,NPP-2024based-2026-04-28,sourced,
people.npp.lhl.population,2068,UK,62810.633,persons_k,projection,ons_npp,NPP-2024based-2026-04-28,sourced,
people.npp.lhl.population,2069,UK,62500.781,persons_k,projection,ons_npp,NPP-2024based-2026-04-28,sourced,
people.npp.lhl.population,2070,UK,62188.895,persons_k,projection,ons_npp,NPP-2024based-2026-04-28,sourced,
people.npp.lhl.population,2071,UK,61874.862,persons_k,projection,ons_npp,NPP-2024based-2026-04-28,sourced,
people.npp.lhl.population,2072,UK,61558.325,persons_k,projection,ons_npp,NPP-2024based-2026-04-28,sourced,
people.npp.lhl.population,2073,UK,61238.85,persons_k,projection,ons_npp,NPP-2024based-2026-04-28,sourced,
people.npp.lhl.population,2074,UK,60915.931,persons_k,projection,ons_npp,NPP-2024based-2026-04-28,sourced,
people.npp.lhl.population,2075,UK,60589.024,persons_k,projection,ons_npp,NPP-2024based-2026-04-28,sourced,
people.npp.lhl.tfr,2025,UK,1.389412,children_per_woman,projection,ons_npp,NPP-2024based-2026-04-28,sourced,
people.npp.lhl.tfr,2026,UK,1.366462,children_per_woman,projection,ons_npp,NPP-2024based-2026-04-28,sourced,
people.npp.lhl.tfr,2027,UK,1.341344,children_per_woman,projection,ons_npp,NPP-2024based-2026-04-28,sourced,
people.npp.lhl.tfr,2028,UK,1.316212,children_per_woman,projection,ons_npp,NPP-2024based-2026-04-28,sourced,
people.npp.lhl.tfr,2029,UK,1.293148,children_per_woman,projection,ons_npp,NPP-2024based-2026-04-28,sourced,
people.npp.lhl.tfr,2030,UK,1.272679,children_per_woman,projection,ons_npp,NPP-2024based-2026-04-28,sourced,
people.npp.lhl.tfr,2031,UK,1.255169,children_per_woman,projection,ons_npp,NPP-2024based-2026-04-28,sourced,
people.npp.lhl.tfr,2032,UK,1.240165,children_per_woman,projection,ons_npp,NPP-2024based-2026-04-28,sourced,
people.npp.lhl.tfr,2033,UK,1.225181,children_per_woman,projection,ons_npp,NPP-2024based-2026-04-28,sourced,
people.npp.lhl.tfr,2034,UK,1.212699,children_per_woman,projection,ons_npp,NPP-2024based-2026-04-28,sourced,
people.npp.lhl.tfr,2035,UK,1.205231,children_per_woman,projection,ons_npp,NPP-2024based-2026-04-28,sourced,
people.npp.lhl.tfr,2036,UK,1.201772,children_per_woman,projection,ons_npp,NPP-2024based-2026-04-28,sourced,
people.npp.lhl.tfr,2037,UK,1.200207,children_per_woman,projection,ons_npp,NPP-2024based-2026-04-28,sourced,
people.npp.lhl.tfr,2038,UK,1.199637,children_per_woman,projection,ons_npp,NPP-2024based-2026-04-28,sourced,
people.npp.lhl.tfr,2039,UK,1.199828,children_per_woman,projection,ons_npp,NPP-2024based-2026-04-28,sourced,
people.npp.lhl.tfr,2040,UK,1.200149,children_per_woman,projection,ons_npp,NPP-2024based-2026-04-28,sourced,
people.npp.lhl.tfr,2041,UK,1.200464,children_per_woman,projection,ons_npp,NPP-2024based-2026-04-28,sourced,
people.npp.lhl.tfr,2042,UK,1.201285,children_per_woman,projection,ons_npp,NPP-2024based-2026-04-28,sourced,
people.npp.lhl.tfr,2043,UK,1.20293,children_per_woman,projection,ons_npp,NPP-2024based-2026-04-28,sourced,
people.npp.lhl.tfr,2044,UK,1.205684,children_per_woman,projection,ons_npp,NPP-2024based-2026-04-28,sourced,
people.npp.lhl.tfr,2045,UK,1.208202,children_per_woman,projection,ons_npp,NPP-2024based-2026-04-28,sourced,
people.npp.lhl.tfr,2046,UK,1.20996,children_per_woman,projection,ons_npp,NPP-2024based-2026-04-28,sourced,
people.npp.lhl.tfr,2047,UK,1.211857,children_per_woman,projection,ons_npp,NPP-2024based-2026-04-28,sourced,
people.npp.lhl.tfr,2048,UK,1.213859,children_per_woman,projection,ons_npp,NPP-2024based-2026-04-28,sourced,
people.npp.lhl.tfr,2049,UK,1.216001,children_per_woman,projection,ons_npp,NPP-2024based-2026-04-28,sourced,
people.npp.lhl.tfr,2050,UK,1.217083,children_per_woman,projection,ons_npp,NPP-2024based-2026-04-28,sourced,
people.npp.lhl.tfr,2051,UK,1.217109,children_per_woman,projection,ons_npp,NPP-2024based-2026-04-28,sourced,
people.npp.lhl.tfr,2052,UK,1.217094,children_per_woman,projection,ons_npp,NPP-2024based-2026-04-28,sourced,
people.npp.lhl.tfr,2053,UK,1.217126,children_per_woman,projection,ons_npp,NPP-2024based-2026-04-28,sourced,
people.npp.lhl.tfr,2054,UK,1.217125,children_per_woman,projection,ons_npp,NPP-2024based-2026-04-28,sourced,
people.npp.lhl.tfr,2055,UK,1.217116,children_per_woman,projection,ons_npp,NPP-2024based-2026-04-28,sourced,
people.npp.lhl.tfr,2056,UK,1.217138,children_per_woman,projection,ons_npp,NPP-2024based-2026-04-28,sourced,
people.npp.lhl.tfr,2057,UK,1.217147,children_per_woman,projection,ons_npp,NPP-2024based-2026-04-28,sourced,
people.npp.lhl.tfr,2058,UK,1.217147,children_per_woman,projection,ons_npp,NPP-2024based-2026-04-28,sourced,
people.npp.lhl.tfr,2059,UK,1.217145,children_per_woman,projection,ons_npp,NPP-2024based-2026-04-28,sourced,
people.npp.lhl.tfr,2060,UK,1.217176,children_per_woman,projection,ons_npp,NPP-2024based-2026-04-28,sourced,
people.npp.lhl.tfr,2061,UK,1.217199,children_per_woman,projection,ons_npp,NPP-2024based-2026-04-28,sourced,
people.npp.lhl.tfr,2062,UK,1.217219,children_per_woman,projection,ons_npp,NPP-2024based-2026-04-28,sourced,
people.npp.lhl.tfr,2063,UK,1.217235,children_per_woman,projection,ons_npp,NPP-2024based-2026-04-28,sourced,
people.npp.lhl.tfr,2064,UK,1.217263,children_per_woman,projection,ons_npp,NPP-2024based-2026-04-28,sourced,
people.npp.lhl.tfr,2065,UK,1.217295,children_per_woman,projection,ons_npp,NPP-2024based-2026-04-28,sourced,
people.npp.lhl.tfr,2066,UK,1.217333,children_per_woman,projection,ons_npp,NPP-2024based-2026-04-28,sourced,
people.npp.lhl.tfr,2067,UK,1.217354,children_per_woman,projection,ons_npp,NPP-2024based-2026-04-28,sourced,
people.npp.lhl.tfr,2068,UK,1.217394,children_per_woman,projection,ons_npp,NPP-2024based-2026-04-28,sourced,
people.npp.lhl.tfr,2069,UK,1.217432,children_per_woman,projection,ons_npp,NPP-2024based-2026-04-28,sourced,
people.npp.lhl.tfr,2070,UK,1.217469,children_per_woman,projection,ons_npp,NPP-2024based-2026-04-28,sourced,
people.npp.lhl.tfr,2071,UK,1.217533,children_per_woman,projection,ons_npp,NPP-2024based-2026-04-28,sourced,
people.npp.lhl.tfr,2072,UK,1.217564,children_per_woman,projection,ons_npp,NPP-2024based-2026-04-28,sourced,
people.npp.lhl.tfr,2073,UK,1.217624,children_per_woman,projection,ons_npp,NPP-2024based-2026-04-28,sourced,
people.npp.lhl.tfr,2074,UK,1.217683,children_per_woman,projection,ons_npp,NPP-2024based-2026-04-28,sourced,
people.npp.lhl.tfr,2075,UK,1.217703,children_per_woman,projection,ons_npp,NPP-2024based-2026-04-28,sourced,
people.npp.lhl.working_age,2024,UK,44296.4,persons_k,outturn,ons_npp,NPP-2024based-2026-04-28,sourced,"Base year of the 2024-based projections: ONS mid-2024 population estimate. ONS: Children under 16, working age, and pensionable age populations are based on State Pension Age (SPA) for a given year. Women's SPA increased to 65 between April 2016 and November 2018. From December 2018, the SPA for both sexes increased to 66 by October 2020 (Pensions Act 2011). Between 2026 and 2028, the SPA will increase from 66 to 67 years for both sexes (Pensions Act 2014), and will increase to 68 between 2044 and 2046 (Pensions Act 2007)."
people.npp.lhl.working_age,2025,UK,44422.98,persons_k,projection,ons_npp,NPP-2024based-2026-04-28,sourced,
people.npp.lhl.working_age,2026,UK,44547.509874,persons_k,projection,ons_npp,NPP-2024based-2026-04-28,sourced,
people.npp.lhl.working_age,2027,UK,44978.381844,persons_k,projection,ons_npp,NPP-2024based-2026-04-28,sourced,
people.npp.lhl.working_age,2028,UK,45289.039,persons_k,projection,ons_npp,NPP-2024based-2026-04-28,sourced,
people.npp.lhl.working_age,2029,UK,45272.136,persons_k,projection,ons_npp,NPP-2024based-2026-04-28,sourced,
people.npp.lhl.working_age,2030,UK,45221.553,persons_k,projection,ons_npp,NPP-2024based-2026-04-28,sourced,
people.npp.lhl.working_age,2031,UK,45154.572,persons_k,projection,ons_npp,NPP-2024based-2026-04-28,sourced,
people.npp.lhl.working_age,2032,UK,45088.148,persons_k,projection,ons_npp,NPP-2024based-2026-04-28,sourced,
people.npp.lhl.working_age,2033,UK,45010.477,persons_k,projection,ons_npp,NPP-2024based-2026-04-28,sourced,
people.npp.lhl.working_age,2034,UK,44917.099,persons_k,projection,ons_npp,NPP-2024based-2026-04-28,sourced,
people.npp.lhl.working_age,2035,UK,44824.819,persons_k,projection,ons_npp,NPP-2024based-2026-04-28,sourced,
people.npp.lhl.working_age,2036,UK,44721.087,persons_k,projection,ons_npp,NPP-2024based-2026-04-28,sourced,
people.npp.lhl.working_age,2037,UK,44614.945,persons_k,projection,ons_npp,NPP-2024based-2026-04-28,sourced,
people.npp.lhl.working_age,2038,UK,44497.26,persons_k,projection,ons_npp,NPP-2024based-2026-04-28,sourced,
people.npp.lhl.working_age,2039,UK,44374.898,persons_k,projection,ons_npp,NPP-2024based-2026-04-28,sourced,
people.npp.lhl.working_age,2040,UK,44264.149,persons_k,projection,ons_npp,NPP-2024based-2026-04-28,sourced,
people.npp.lhl.working_age,2041,UK,44165.151,persons_k,projection,ons_npp,NPP-2024based-2026-04-28,sourced,
people.npp.lhl.working_age,2042,UK,44062.134,persons_k,projection,ons_npp,NPP-2024based-2026-04-28,sourced,
people.npp.lhl.working_age,2043,UK,43957.124,persons_k,projection,ons_npp,NPP-2024based-2026-04-28,sourced,
people.npp.lhl.working_age,2044,UK,43962.639414,persons_k,projection,ons_npp,NPP-2024based-2026-04-28,sourced,
people.npp.lhl.working_age,2045,UK,44195.948162,persons_k,projection,ons_npp,NPP-2024based-2026-04-28,sourced,
people.npp.lhl.working_age,2046,UK,44306.661,persons_k,projection,ons_npp,NPP-2024based-2026-04-28,sourced,
people.npp.lhl.working_age,2047,UK,44089.986,persons_k,projection,ons_npp,NPP-2024based-2026-04-28,sourced,
people.npp.lhl.working_age,2048,UK,43828.164,persons_k,projection,ons_npp,NPP-2024based-2026-04-28,sourced,
people.npp.lhl.working_age,2049,UK,43556.455,persons_k,projection,ons_npp,NPP-2024based-2026-04-28,sourced,
people.npp.lhl.working_age,2050,UK,43282.165,persons_k,projection,ons_npp,NPP-2024based-2026-04-28,sourced,
people.npp.lhl.working_age,2051,UK,42994.72,persons_k,projection,ons_npp,NPP-2024based-2026-04-28,sourced,
people.npp.lhl.working_age,2052,UK,42702.154,persons_k,projection,ons_npp,NPP-2024based-2026-04-28,sourced,
people.npp.lhl.working_age,2053,UK,42379.226,persons_k,projection,ons_npp,NPP-2024based-2026-04-28,sourced,
people.npp.lhl.working_age,2054,UK,42048.589,persons_k,projection,ons_npp,NPP-2024based-2026-04-28,sourced,
people.npp.lhl.working_age,2055,UK,41709.959,persons_k,projection,ons_npp,NPP-2024based-2026-04-28,sourced,
people.npp.lhl.working_age,2056,UK,41349.468,persons_k,projection,ons_npp,NPP-2024based-2026-04-28,sourced,
people.npp.lhl.working_age,2057,UK,40995.722,persons_k,projection,ons_npp,NPP-2024based-2026-04-28,sourced,
people.npp.lhl.working_age,2058,UK,40633.052,persons_k,projection,ons_npp,NPP-2024based-2026-04-28,sourced,
people.npp.lhl.working_age,2059,UK,40265.66,persons_k,projection,ons_npp,NPP-2024based-2026-04-28,sourced,
people.npp.lhl.working_age,2060,UK,39906.668,persons_k,projection,ons_npp,NPP-2024based-2026-04-28,sourced,
people.npp.lhl.working_age,2061,UK,39565.234,persons_k,projection,ons_npp,NPP-2024based-2026-04-28,sourced,
people.npp.lhl.working_age,2062,UK,39219.834,persons_k,projection,ons_npp,NPP-2024based-2026-04-28,sourced,
people.npp.lhl.working_age,2063,UK,38888.957,persons_k,projection,ons_npp,NPP-2024based-2026-04-28,sourced,
people.npp.lhl.working_age,2064,UK,38561.282,persons_k,projection,ons_npp,NPP-2024based-2026-04-28,sourced,
people.npp.lhl.working_age,2065,UK,38213.917,persons_k,projection,ons_npp,NPP-2024based-2026-04-28,sourced,
people.npp.lhl.working_age,2066,UK,37876.361,persons_k,projection,ons_npp,NPP-2024based-2026-04-28,sourced,
people.npp.lhl.working_age,2067,UK,37546.665,persons_k,projection,ons_npp,NPP-2024based-2026-04-28,sourced,
people.npp.lhl.working_age,2068,UK,37241.72,persons_k,projection,ons_npp,NPP-2024based-2026-04-28,sourced,
people.npp.lhl.working_age,2069,UK,36947.461,persons_k,projection,ons_npp,NPP-2024based-2026-04-28,sourced,
people.npp.lhl.working_age,2070,UK,36649.448,persons_k,projection,ons_npp,NPP-2024based-2026-04-28,sourced,
people.npp.lhl.working_age,2071,UK,36341.566,persons_k,projection,ons_npp,NPP-2024based-2026-04-28,sourced,
people.npp.lhl.working_age,2072,UK,36014.382,persons_k,projection,ons_npp,NPP-2024based-2026-04-28,sourced,
people.npp.lhl.working_age,2073,UK,35670.921,persons_k,projection,ons_npp,NPP-2024based-2026-04-28,sourced,
people.npp.lhl.working_age,2074,UK,35326.456,persons_k,projection,ons_npp,NPP-2024based-2026-04-28,sourced,
people.npp.lhl.working_age,2075,UK,34965.251,persons_k,projection,ons_npp,NPP-2024based-2026-04-28,sourced,
people.npp.lll.births,2025,UK,651.892,persons_k,projection,ons_npp,NPP-2024based-2026-04-28,sourced,
people.npp.lll.births,2026,UK,637.862,persons_k,projection,ons_npp,NPP-2024based-2026-04-28,sourced,
people.npp.lll.births,2027,UK,621.446,persons_k,projection,ons_npp,NPP-2024based-2026-04-28,sourced,
people.npp.lll.births,2028,UK,605.216,persons_k,projection,ons_npp,NPP-2024based-2026-04-28,sourced,
people.npp.lll.births,2029,UK,589.897,persons_k,projection,ons_npp,NPP-2024based-2026-04-28,sourced,
people.npp.lll.births,2030,UK,575.782,persons_k,projection,ons_npp,NPP-2024based-2026-04-28,sourced,
people.npp.lll.births,2031,UK,563.148,persons_k,projection,ons_npp,NPP-2024based-2026-04-28,sourced,
people.npp.lll.births,2032,UK,551.929,persons_k,projection,ons_npp,NPP-2024based-2026-04-28,sourced,
people.npp.lll.births,2033,UK,541.126,persons_k,projection,ons_npp,NPP-2024based-2026-04-28,sourced,
people.npp.lll.births,2034,UK,531.969,persons_k,projection,ons_npp,NPP-2024based-2026-04-28,sourced,
people.npp.lll.births,2035,UK,525.613,persons_k,projection,ons_npp,NPP-2024based-2026-04-28,sourced,
people.npp.lll.births,2036,UK,521.644,persons_k,projection,ons_npp,NPP-2024based-2026-04-28,sourced,
people.npp.lll.births,2037,UK,519.15,persons_k,projection,ons_npp,NPP-2024based-2026-04-28,sourced,
people.npp.lll.births,2038,UK,517.664,persons_k,projection,ons_npp,NPP-2024based-2026-04-28,sourced,
people.npp.lll.births,2039,UK,516.894,persons_k,projection,ons_npp,NPP-2024based-2026-04-28,sourced,
people.npp.lll.births,2040,UK,516.316,persons_k,projection,ons_npp,NPP-2024based-2026-04-28,sourced,
people.npp.lll.births,2041,UK,515.678,persons_k,projection,ons_npp,NPP-2024based-2026-04-28,sourced,
people.npp.lll.births,2042,UK,515.145,persons_k,projection,ons_npp,NPP-2024based-2026-04-28,sourced,
people.npp.lll.births,2043,UK,514.681,persons_k,projection,ons_npp,NPP-2024based-2026-04-28,sourced,
people.npp.lll.births,2044,UK,514.087,persons_k,projection,ons_npp,NPP-2024based-2026-04-28,sourced,
people.npp.lll.births,2045,UK,512.767,persons_k,projection,ons_npp,NPP-2024based-2026-04-28,sourced,
people.npp.lll.births,2046,UK,510.504,persons_k,projection,ons_npp,NPP-2024based-2026-04-28,sourced,
people.npp.lll.births,2047,UK,507.656,persons_k,projection,ons_npp,NPP-2024based-2026-04-28,sourced,
people.npp.lll.births,2048,UK,504.251,persons_k,projection,ons_npp,NPP-2024based-2026-04-28,sourced,
people.npp.lll.births,2049,UK,500.145,persons_k,projection,ons_npp,NPP-2024based-2026-04-28,sourced,
people.npp.lll.births,2050,UK,494.821,persons_k,projection,ons_npp,NPP-2024based-2026-04-28,sourced,
people.npp.lll.births,2051,UK,488.307,persons_k,projection,ons_npp,NPP-2024based-2026-04-28,sourced,
people.npp.lll.births,2052,UK,481.204,persons_k,projection,ons_npp,NPP-2024based-2026-04-28,sourced,
people.npp.lll.births,2053,UK,473.513,persons_k,projection,ons_npp,NPP-2024based-2026-04-28,sourced,
people.npp.lll.births,2054,UK,465.247,persons_k,projection,ons_npp,NPP-2024based-2026-04-28,sourced,
people.npp.lll.births,2055,UK,456.656,persons_k,projection,ons_npp,NPP-2024based-2026-04-28,sourced,
people.npp.lll.births,2056,UK,447.976,persons_k,projection,ons_npp,NPP-2024based-2026-04-28,sourced,
people.npp.lll.births,2057,UK,439.348,persons_k,projection,ons_npp,NPP-2024based-2026-04-28,sourced,
people.npp.lll.births,2058,UK,430.725,persons_k,projection,ons_npp,NPP-2024based-2026-04-28,sourced,
people.npp.lll.births,2059,UK,422.216,persons_k,projection,ons_npp,NPP-2024based-2026-04-28,sourced,
people.npp.lll.births,2060,UK,414.0,persons_k,projection,ons_npp,NPP-2024based-2026-04-28,sourced,
people.npp.lll.births,2061,UK,406.169,persons_k,projection,ons_npp,NPP-2024based-2026-04-28,sourced,
people.npp.lll.births,2062,UK,398.868,persons_k,projection,ons_npp,NPP-2024based-2026-04-28,sourced,
people.npp.lll.births,2063,UK,392.013,persons_k,projection,ons_npp,NPP-2024based-2026-04-28,sourced,
people.npp.lll.births,2064,UK,385.561,persons_k,projection,ons_npp,NPP-2024based-2026-04-28,sourced,
people.npp.lll.births,2065,UK,379.712,persons_k,projection,ons_npp,NPP-2024based-2026-04-28,sourced,
people.npp.lll.births,2066,UK,374.479,persons_k,projection,ons_npp,NPP-2024based-2026-04-28,sourced,
people.npp.lll.births,2067,UK,369.85,persons_k,projection,ons_npp,NPP-2024based-2026-04-28,sourced,
people.npp.lll.births,2068,UK,365.822,persons_k,projection,ons_npp,NPP-2024based-2026-04-28,sourced,
people.npp.lll.births,2069,UK,362.293,persons_k,projection,ons_npp,NPP-2024based-2026-04-28,sourced,
people.npp.lll.births,2070,UK,359.212,persons_k,projection,ons_npp,NPP-2024based-2026-04-28,sourced,
people.npp.lll.births,2071,UK,356.571,persons_k,projection,ons_npp,NPP-2024based-2026-04-28,sourced,
people.npp.lll.births,2072,UK,354.251,persons_k,projection,ons_npp,NPP-2024based-2026-04-28,sourced,
people.npp.lll.births,2073,UK,352.195,persons_k,projection,ons_npp,NPP-2024based-2026-04-28,sourced,
people.npp.lll.births,2074,UK,350.281,persons_k,projection,ons_npp,NPP-2024based-2026-04-28,sourced,
people.npp.lll.births,2075,UK,348.468,persons_k,projection,ons_npp,NPP-2024based-2026-04-28,sourced,
people.npp.lll.deaths,2025,UK,634.986,persons_k,projection,ons_npp,NPP-2024based-2026-04-28,sourced,
people.npp.lll.deaths,2026,UK,665.772,persons_k,projection,ons_npp,NPP-2024based-2026-04-28,sourced,
people.npp.lll.deaths,2027,UK,669.747,persons_k,projection,ons_npp,NPP-2024based-2026-04-28,sourced,
people.npp.lll.deaths,2028,UK,675.159,persons_k,projection,ons_npp,NPP-2024based-2026-04-28,sourced,
people.npp.lll.deaths,2029,UK,681.773,persons_k,projection,ons_npp,NPP-2024based-2026-04-28,sourced,
people.npp.lll.deaths,2030,UK,689.372,persons_k,projection,ons_npp,NPP-2024based-2026-04-28,sourced,
people.npp.lll.deaths,2031,UK,697.752,persons_k,projection,ons_npp,NPP-2024based-2026-04-28,sourced,
people.npp.lll.deaths,2032,UK,706.768,persons_k,projection,ons_npp,NPP-2024based-2026-04-28,sourced,
people.npp.lll.deaths,2033,UK,716.262,persons_k,projection,ons_npp,NPP-2024based-2026-04-28,sourced,
people.npp.lll.deaths,2034,UK,726.045,persons_k,projection,ons_npp,NPP-2024based-2026-04-28,sourced,
people.npp.lll.deaths,2035,UK,735.994,persons_k,projection,ons_npp,NPP-2024based-2026-04-28,sourced,
people.npp.lll.deaths,2036,UK,745.934,persons_k,projection,ons_npp,NPP-2024based-2026-04-28,sourced,
people.npp.lll.deaths,2037,UK,755.743,persons_k,projection,ons_npp,NPP-2024based-2026-04-28,sourced,
people.npp.lll.deaths,2038,UK,765.315,persons_k,projection,ons_npp,NPP-2024based-2026-04-28,sourced,
people.npp.lll.deaths,2039,UK,774.492,persons_k,projection,ons_npp,NPP-2024based-2026-04-28,sourced,
people.npp.lll.deaths,2040,UK,783.161,persons_k,projection,ons_npp,NPP-2024based-2026-04-28,sourced,
people.npp.lll.deaths,2041,UK,791.274,persons_k,projection,ons_npp,NPP-2024based-2026-04-28,sourced,
people.npp.lll.deaths,2042,UK,798.887,persons_k,projection,ons_npp,NPP-2024based-2026-04-28,sourced,
people.npp.lll.deaths,2043,UK,806.025,persons_k,projection,ons_npp,NPP-2024based-2026-04-28,sourced,
people.npp.lll.deaths,2044,UK,812.75,persons_k,projection,ons_npp,NPP-2024based-2026-04-28,sourced,
people.npp.lll.deaths,2045,UK,819.226,persons_k,projection,ons_npp,NPP-2024based-2026-04-28,sourced,
people.npp.lll.deaths,2046,UK,825.518,persons_k,projection,ons_npp,NPP-2024based-2026-04-28,sourced,
people.npp.lll.deaths,2047,UK,831.711,persons_k,projection,ons_npp,NPP-2024based-2026-04-28,sourced,
people.npp.lll.deaths,2048,UK,837.939,persons_k,projection,ons_npp,NPP-2024based-2026-04-28,sourced,
people.npp.lll.deaths,2049,UK,844.179,persons_k,projection,ons_npp,NPP-2024based-2026-04-28,sourced,
people.npp.lll.deaths,2050,UK,850.36,persons_k,projection,ons_npp,NPP-2024based-2026-04-28,sourced,
people.npp.lll.deaths,2051,UK,856.386,persons_k,projection,ons_npp,NPP-2024based-2026-04-28,sourced,
people.npp.lll.deaths,2052,UK,862.174,persons_k,projection,ons_npp,NPP-2024based-2026-04-28,sourced,
people.npp.lll.deaths,2053,UK,867.555,persons_k,projection,ons_npp,NPP-2024based-2026-04-28,sourced,
people.npp.lll.deaths,2054,UK,872.39,persons_k,projection,ons_npp,NPP-2024based-2026-04-28,sourced,
people.npp.lll.deaths,2055,UK,876.577,persons_k,projection,ons_npp,NPP-2024based-2026-04-28,sourced,
people.npp.lll.deaths,2056,UK,879.969,persons_k,projection,ons_npp,NPP-2024based-2026-04-28,sourced,
people.npp.lll.deaths,2057,UK,882.52,persons_k,projection,ons_npp,NPP-2024based-2026-04-28,sourced,
people.npp.lll.deaths,2058,UK,884.215,persons_k,projection,ons_npp,NPP-2024based-2026-04-28,sourced,
people.npp.lll.deaths,2059,UK,885.095,persons_k,projection,ons_npp,NPP-2024based-2026-04-28,sourced,
people.npp.lll.deaths,2060,UK,885.205,persons_k,projection,ons_npp,NPP-2024based-2026-04-28,sourced,
people.npp.lll.deaths,2061,UK,884.693,persons_k,projection,ons_npp,NPP-2024based-2026-04-28,sourced,
people.npp.lll.deaths,2062,UK,883.701,persons_k,projection,ons_npp,NPP-2024based-2026-04-28,sourced,
people.npp.lll.deaths,2063,UK,882.388,persons_k,projection,ons_npp,NPP-2024based-2026-04-28,sourced,
people.npp.lll.deaths,2064,UK,880.944,persons_k,projection,ons_npp,NPP-2024based-2026-04-28,sourced,
people.npp.lll.deaths,2065,UK,879.552,persons_k,projection,ons_npp,NPP-2024based-2026-04-28,sourced,
people.npp.lll.deaths,2066,UK,878.346,persons_k,projection,ons_npp,NPP-2024based-2026-04-28,sourced,
people.npp.lll.deaths,2067,UK,877.51,persons_k,projection,ons_npp,NPP-2024based-2026-04-28,sourced,
people.npp.lll.deaths,2068,UK,877.143,persons_k,projection,ons_npp,NPP-2024based-2026-04-28,sourced,
people.npp.lll.deaths,2069,UK,877.336,persons_k,projection,ons_npp,NPP-2024based-2026-04-28,sourced,
people.npp.lll.deaths,2070,UK,878.134,persons_k,projection,ons_npp,NPP-2024based-2026-04-28,sourced,
people.npp.lll.deaths,2071,UK,879.599,persons_k,projection,ons_npp,NPP-2024based-2026-04-28,sourced,
people.npp.lll.deaths,2072,UK,881.56,persons_k,projection,ons_npp,NPP-2024based-2026-04-28,sourced,
people.npp.lll.deaths,2073,UK,883.996,persons_k,projection,ons_npp,NPP-2024based-2026-04-28,sourced,
people.npp.lll.deaths,2074,UK,886.685,persons_k,projection,ons_npp,NPP-2024based-2026-04-28,sourced,
people.npp.lll.deaths,2075,UK,889.477,persons_k,projection,ons_npp,NPP-2024based-2026-04-28,sourced,
people.npp.lll.life_expectancy_female,2025,UK,83.631736,years,projection,ons_npp,NPP-2024based-2026-04-28,sourced,
people.npp.lll.life_expectancy_female,2026,UK,83.480782,years,projection,ons_npp,NPP-2024based-2026-04-28,sourced,
people.npp.lll.life_expectancy_female,2027,UK,83.607711,years,projection,ons_npp,NPP-2024based-2026-04-28,sourced,
people.npp.lll.life_expectancy_female,2028,UK,83.726234,years,projection,ons_npp,NPP-2024based-2026-04-28,sourced,
people.npp.lll.life_expectancy_female,2029,UK,83.837874,years,projection,ons_npp,NPP-2024based-2026-04-28,sourced,
people.npp.lll.life_expectancy_female,2030,UK,83.942215,years,projection,ons_npp,NPP-2024based-2026-04-28,sourced,
people.npp.lll.life_expectancy_female,2031,UK,84.042126,years,projection,ons_npp,NPP-2024based-2026-04-28,sourced,
people.npp.lll.life_expectancy_female,2032,UK,84.136171,years,projection,ons_npp,NPP-2024based-2026-04-28,sourced,
people.npp.lll.life_expectancy_female,2033,UK,84.221916,years,projection,ons_npp,NPP-2024based-2026-04-28,sourced,
people.npp.lll.life_expectancy_female,2034,UK,84.304087,years,projection,ons_npp,NPP-2024based-2026-04-28,sourced,
people.npp.lll.life_expectancy_female,2035,UK,84.381482,years,projection,ons_npp,NPP-2024based-2026-04-28,sourced,
people.npp.lll.life_expectancy_female,2036,UK,84.455522,years,projection,ons_npp,NPP-2024based-2026-04-28,sourced,
people.npp.lll.life_expectancy_female,2037,UK,84.523411,years,projection,ons_npp,NPP-2024based-2026-04-28,sourced,
people.npp.lll.life_expectancy_female,2038,UK,84.588267,years,projection,ons_npp,NPP-2024based-2026-04-28,sourced,
people.npp.lll.life_expectancy_female,2039,UK,84.651484,years,projection,ons_npp,NPP-2024based-2026-04-28,sourced,
people.npp.lll.life_expectancy_female,2040,UK,84.70947,years,projection,ons_npp,NPP-2024based-2026-04-28,sourced,
people.npp.lll.life_expectancy_female,2041,UK,84.766658,years,projection,ons_npp,NPP-2024based-2026-04-28,sourced,
people.npp.lll.life_expectancy_female,2042,UK,84.819908,years,projection,ons_npp,NPP-2024based-2026-04-28,sourced,
people.npp.lll.life_expectancy_female,2043,UK,84.872044,years,projection,ons_npp,NPP-2024based-2026-04-28,sourced,
people.npp.lll.life_expectancy_female,2044,UK,84.923407,years,projection,ons_npp,NPP-2024based-2026-04-28,sourced,
people.npp.lll.life_expectancy_female,2045,UK,84.971344,years,projection,ons_npp,NPP-2024based-2026-04-28,sourced,
people.npp.lll.life_expectancy_female,2046,UK,85.018427,years,projection,ons_npp,NPP-2024based-2026-04-28,sourced,
people.npp.lll.life_expectancy_female,2047,UK,85.065571,years,projection,ons_npp,NPP-2024based-2026-04-28,sourced,
people.npp.lll.life_expectancy_female,2048,UK,85.111336,years,projection,ons_npp,NPP-2024based-2026-04-28,sourced,
people.npp.lll.life_expectancy_female,2049,UK,85.155551,years,projection,ons_npp,NPP-2024based-2026-04-28,sourced,
people.npp.lll.life_expectancy_female,2050,UK,85.200499,years,projection,ons_npp,NPP-2024based-2026-04-28,sourced,
people.npp.lll.life_expectancy_female,2051,UK,85.247621,years,projection,ons_npp,NPP-2024based-2026-04-28,sourced,
people.npp.lll.life_expectancy_female,2052,UK,85.290469,years,projection,ons_npp,NPP-2024based-2026-04-28,sourced,
people.npp.lll.life_expectancy_female,2053,UK,85.335681,years,projection,ons_npp,NPP-2024based-2026-04-28,sourced,
people.npp.lll.life_expectancy_female,2054,UK,85.38143,years,projection,ons_npp,NPP-2024based-2026-04-28,sourced,
people.npp.lll.life_expectancy_female,2055,UK,85.424654,years,projection,ons_npp,NPP-2024based-2026-04-28,sourced,
people.npp.lll.life_expectancy_female,2056,UK,85.468052,years,projection,ons_npp,NPP-2024based-2026-04-28,sourced,
people.npp.lll.life_expectancy_female,2057,UK,85.513467,years,projection,ons_npp,NPP-2024based-2026-04-28,sourced,
people.npp.lll.life_expectancy_female,2058,UK,85.558415,years,projection,ons_npp,NPP-2024based-2026-04-28,sourced,
people.npp.lll.life_expectancy_female,2059,UK,85.600639,years,projection,ons_npp,NPP-2024based-2026-04-28,sourced,
people.npp.lll.life_expectancy_female,2060,UK,85.645878,years,projection,ons_npp,NPP-2024based-2026-04-28,sourced,
people.npp.lll.life_expectancy_female,2061,UK,85.689802,years,projection,ons_npp,NPP-2024based-2026-04-28,sourced,
people.npp.lll.life_expectancy_female,2062,UK,85.734969,years,projection,ons_npp,NPP-2024based-2026-04-28,sourced,
people.npp.lll.life_expectancy_female,2063,UK,85.779049,years,projection,ons_npp,NPP-2024based-2026-04-28,sourced,
people.npp.lll.life_expectancy_female,2064,UK,85.82176,years,projection,ons_npp,NPP-2024based-2026-04-28,sourced,
people.npp.lll.life_expectancy_female,2065,UK,85.865374,years,projection,ons_npp,NPP-2024based-2026-04-28,sourced,
people.npp.lll.life_expectancy_female,2066,UK,85.909889,years,projection,ons_npp,NPP-2024based-2026-04-28,sourced,
people.npp.lll.life_expectancy_female,2067,UK,85.95249,years,projection,ons_npp,NPP-2024based-2026-04-28,sourced,
people.npp.lll.life_expectancy_female,2068,UK,85.996771,years,projection,ons_npp,NPP-2024based-2026-04-28,sourced,
people.npp.lll.life_expectancy_female,2069,UK,86.040413,years,projection,ons_npp,NPP-2024based-2026-04-28,sourced,
people.npp.lll.life_expectancy_female,2070,UK,86.0837,years,projection,ons_npp,NPP-2024based-2026-04-28,sourced,
people.npp.lll.life_expectancy_female,2071,UK,86.124924,years,projection,ons_npp,NPP-2024based-2026-04-28,sourced,
people.npp.lll.life_expectancy_female,2072,UK,86.169625,years,projection,ons_npp,NPP-2024based-2026-04-28,sourced,
people.npp.lll.life_expectancy_female,2073,UK,86.213518,years,projection,ons_npp,NPP-2024based-2026-04-28,sourced,
people.npp.lll.life_expectancy_female,2074,UK,86.256369,years,projection,ons_npp,NPP-2024based-2026-04-28,sourced,
people.npp.lll.life_expectancy_female,2075,UK,86.300564,years,projection,ons_npp,NPP-2024based-2026-04-28,sourced,
people.npp.lll.life_expectancy_male,2025,UK,79.85397,years,projection,ons_npp,NPP-2024based-2026-04-28,sourced,
people.npp.lll.life_expectancy_male,2026,UK,79.642466,years,projection,ons_npp,NPP-2024based-2026-04-28,sourced,
people.npp.lll.life_expectancy_male,2027,UK,79.779995,years,projection,ons_npp,NPP-2024based-2026-04-28,sourced,
people.npp.lll.life_expectancy_male,2028,UK,79.909649,years,projection,ons_npp,NPP-2024based-2026-04-28,sourced,
people.npp.lll.life_expectancy_male,2029,UK,80.030228,years,projection,ons_npp,NPP-2024based-2026-04-28,sourced,
people.npp.lll.life_expectancy_male,2030,UK,80.146609,years,projection,ons_npp,NPP-2024based-2026-04-28,sourced,
people.npp.lll.life_expectancy_male,2031,UK,80.256238,years,projection,ons_npp,NPP-2024based-2026-04-28,sourced,
people.npp.lll.life_expectancy_male,2032,UK,80.357451,years,projection,ons_npp,NPP-2024based-2026-04-28,sourced,
people.npp.lll.life_expectancy_male,2033,UK,80.453305,years,projection,ons_npp,NPP-2024based-2026-04-28,sourced,
people.npp.lll.life_expectancy_male,2034,UK,80.54618,years,projection,ons_npp,NPP-2024based-2026-04-28,sourced,
people.npp.lll.life_expectancy_male,2035,UK,80.632472,years,projection,ons_npp,NPP-2024based-2026-04-28,sourced,
people.npp.lll.life_expectancy_male,2036,UK,80.714286,years,projection,ons_npp,NPP-2024based-2026-04-28,sourced,
people.npp.lll.life_expectancy_male,2037,UK,80.792018,years,projection,ons_npp,NPP-2024based-2026-04-28,sourced,
people.npp.lll.life_expectancy_male,2038,UK,80.866188,years,projection,ons_npp,NPP-2024based-2026-04-28,sourced,
people.npp.lll.life_expectancy_male,2039,UK,80.937314,years,projection,ons_npp,NPP-2024based-2026-04-28,sourced,
people.npp.lll.life_expectancy_male,2040,UK,81.003883,years,projection,ons_npp,NPP-2024based-2026-04-28,sourced,
people.npp.lll.life_expectancy_male,2041,UK,81.06945,years,projection,ons_npp,NPP-2024based-2026-04-28,sourced,
people.npp.lll.life_expectancy_male,2042,UK,81.130604,years,projection,ons_npp,NPP-2024based-2026-04-28,sourced,
people.npp.lll.life_expectancy_male,2043,UK,81.190144,years,projection,ons_npp,NPP-2024based-2026-04-28,sourced,
people.npp.lll.life_expectancy_male,2044,UK,81.24821,years,projection,ons_npp,NPP-2024based-2026-04-28,sourced,
people.npp.lll.life_expectancy_male,2045,UK,81.304202,years,projection,ons_npp,NPP-2024based-2026-04-28,sourced,
people.npp.lll.life_expectancy_male,2046,UK,81.356844,years,projection,ons_npp,NPP-2024based-2026-04-28,sourced,
people.npp.lll.life_expectancy_male,2047,UK,81.409983,years,projection,ons_npp,NPP-2024based-2026-04-28,sourced,
people.npp.lll.life_expectancy_male,2048,UK,81.461834,years,projection,ons_npp,NPP-2024based-2026-04-28,sourced,
people.npp.lll.life_expectancy_male,2049,UK,81.512337,years,projection,ons_npp,NPP-2024based-2026-04-28,sourced,
people.npp.lll.life_expectancy_male,2050,UK,81.562197,years,projection,ons_npp,NPP-2024based-2026-04-28,sourced,
people.npp.lll.life_expectancy_male,2051,UK,81.611951,years,projection,ons_npp,NPP-2024based-2026-04-28,sourced,
people.npp.lll.life_expectancy_male,2052,UK,81.660663,years,projection,ons_npp,NPP-2024based-2026-04-28,sourced,
people.npp.lll.life_expectancy_male,2053,UK,81.711554,years,projection,ons_npp,NPP-2024based-2026-04-28,sourced,
people.npp.lll.life_expectancy_male,2054,UK,81.761684,years,projection,ons_npp,NPP-2024based-2026-04-28,sourced,
people.npp.lll.life_expectancy_male,2055,UK,81.812125,years,projection,ons_npp,NPP-2024based-2026-04-28,sourced,
people.npp.lll.life_expectancy_male,2056,UK,81.862773,years,projection,ons_npp,NPP-2024based-2026-04-28,sourced,
people.npp.lll.life_expectancy_male,2057,UK,81.911591,years,projection,ons_npp,NPP-2024based-2026-04-28,sourced,
people.npp.lll.life_expectancy_male,2058,UK,81.960691,years,projection,ons_npp,NPP-2024based-2026-04-28,sourced,
people.npp.lll.life_expectancy_male,2059,UK,82.010155,years,projection,ons_npp,NPP-2024based-2026-04-28,sourced,
people.npp.lll.life_expectancy_male,2060,UK,82.058429,years,projection,ons_npp,NPP-2024based-2026-04-28,sourced,
people.npp.lll.life_expectancy_male,2061,UK,82.109759,years,projection,ons_npp,NPP-2024based-2026-04-28,sourced,
people.npp.lll.life_expectancy_male,2062,UK,82.158526,years,projection,ons_npp,NPP-2024based-2026-04-28,sourced,
people.npp.lll.life_expectancy_male,2063,UK,82.207993,years,projection,ons_npp,NPP-2024based-2026-04-28,sourced,
people.npp.lll.life_expectancy_male,2064,UK,82.25775,years,projection,ons_npp,NPP-2024based-2026-04-28,sourced,
people.npp.lll.life_expectancy_male,2065,UK,82.305967,years,projection,ons_npp,NPP-2024based-2026-04-28,sourced,
people.npp.lll.life_expectancy_male,2066,UK,82.355099,years,projection,ons_npp,NPP-2024based-2026-04-28,sourced,
people.npp.lll.life_expectancy_male,2067,UK,82.403465,years,projection,ons_npp,NPP-2024based-2026-04-28,sourced,
people.npp.lll.life_expectancy_male,2068,UK,82.451367,years,projection,ons_npp,NPP-2024based-2026-04-28,sourced,
people.npp.lll.life_expectancy_male,2069,UK,82.501445,years,projection,ons_npp,NPP-2024based-2026-04-28,sourced,
people.npp.lll.life_expectancy_male,2070,UK,82.552531,years,projection,ons_npp,NPP-2024based-2026-04-28,sourced,
people.npp.lll.life_expectancy_male,2071,UK,82.600813,years,projection,ons_npp,NPP-2024based-2026-04-28,sourced,
people.npp.lll.life_expectancy_male,2072,UK,82.650511,years,projection,ons_npp,NPP-2024based-2026-04-28,sourced,
people.npp.lll.life_expectancy_male,2073,UK,82.69716,years,projection,ons_npp,NPP-2024based-2026-04-28,sourced,
people.npp.lll.life_expectancy_male,2074,UK,82.744827,years,projection,ons_npp,NPP-2024based-2026-04-28,sourced,
people.npp.lll.life_expectancy_male,2075,UK,82.793698,years,projection,ons_npp,NPP-2024based-2026-04-28,sourced,
people.npp.lll.net_migration,2025,UK,204.0,persons_k,projection,ons_npp,NPP-2024based-2026-04-28,sourced,
people.npp.lll.net_migration,2026,UK,63.0,persons_k,projection,ons_npp,NPP-2024based-2026-04-28,sourced,
people.npp.lll.net_migration,2027,UK,105.0,persons_k,projection,ons_npp,NPP-2024based-2026-04-28,sourced,
people.npp.lll.net_migration,2028,UK,105.0,persons_k,projection,ons_npp,NPP-2024based-2026-04-28,sourced,
people.npp.lll.net_migration,2029,UK,105.0,persons_k,projection,ons_npp,NPP-2024based-2026-04-28,sourced,
people.npp.lll.net_migration,2030,UK,105.0,persons_k,projection,ons_npp,NPP-2024based-2026-04-28,sourced,
people.npp.lll.net_migration,2031,UK,105.0,persons_k,projection,ons_npp,NPP-2024based-2026-04-28,sourced,
people.npp.lll.net_migration,2032,UK,105.0,persons_k,projection,ons_npp,NPP-2024based-2026-04-28,sourced,
people.npp.lll.net_migration,2033,UK,105.0,persons_k,projection,ons_npp,NPP-2024based-2026-04-28,sourced,
people.npp.lll.net_migration,2034,UK,105.0,persons_k,projection,ons_npp,NPP-2024based-2026-04-28,sourced,
people.npp.lll.net_migration,2035,UK,105.0,persons_k,projection,ons_npp,NPP-2024based-2026-04-28,sourced,
people.npp.lll.net_migration,2036,UK,105.0,persons_k,projection,ons_npp,NPP-2024based-2026-04-28,sourced,
people.npp.lll.net_migration,2037,UK,105.0,persons_k,projection,ons_npp,NPP-2024based-2026-04-28,sourced,
people.npp.lll.net_migration,2038,UK,105.0,persons_k,projection,ons_npp,NPP-2024based-2026-04-28,sourced,
people.npp.lll.net_migration,2039,UK,105.0,persons_k,projection,ons_npp,NPP-2024based-2026-04-28,sourced,
people.npp.lll.net_migration,2040,UK,105.0,persons_k,projection,ons_npp,NPP-2024based-2026-04-28,sourced,
people.npp.lll.net_migration,2041,UK,105.0,persons_k,projection,ons_npp,NPP-2024based-2026-04-28,sourced,
people.npp.lll.net_migration,2042,UK,105.0,persons_k,projection,ons_npp,NPP-2024based-2026-04-28,sourced,
people.npp.lll.net_migration,2043,UK,105.0,persons_k,projection,ons_npp,NPP-2024based-2026-04-28,sourced,
people.npp.lll.net_migration,2044,UK,105.0,persons_k,projection,ons_npp,NPP-2024based-2026-04-28,sourced,
people.npp.lll.net_migration,2045,UK,105.0,persons_k,projection,ons_npp,NPP-2024based-2026-04-28,sourced,
people.npp.lll.net_migration,2046,UK,105.0,persons_k,projection,ons_npp,NPP-2024based-2026-04-28,sourced,
people.npp.lll.net_migration,2047,UK,105.0,persons_k,projection,ons_npp,NPP-2024based-2026-04-28,sourced,
people.npp.lll.net_migration,2048,UK,105.0,persons_k,projection,ons_npp,NPP-2024based-2026-04-28,sourced,
people.npp.lll.net_migration,2049,UK,105.0,persons_k,projection,ons_npp,NPP-2024based-2026-04-28,sourced,
people.npp.lll.net_migration,2050,UK,105.0,persons_k,projection,ons_npp,NPP-2024based-2026-04-28,sourced,
people.npp.lll.net_migration,2051,UK,105.0,persons_k,projection,ons_npp,NPP-2024based-2026-04-28,sourced,
people.npp.lll.net_migration,2052,UK,105.0,persons_k,projection,ons_npp,NPP-2024based-2026-04-28,sourced,
people.npp.lll.net_migration,2053,UK,105.0,persons_k,projection,ons_npp,NPP-2024based-2026-04-28,sourced,
people.npp.lll.net_migration,2054,UK,105.0,persons_k,projection,ons_npp,NPP-2024based-2026-04-28,sourced,
people.npp.lll.net_migration,2055,UK,105.0,persons_k,projection,ons_npp,NPP-2024based-2026-04-28,sourced,
people.npp.lll.net_migration,2056,UK,105.0,persons_k,projection,ons_npp,NPP-2024based-2026-04-28,sourced,
people.npp.lll.net_migration,2057,UK,105.0,persons_k,projection,ons_npp,NPP-2024based-2026-04-28,sourced,
people.npp.lll.net_migration,2058,UK,105.0,persons_k,projection,ons_npp,NPP-2024based-2026-04-28,sourced,
people.npp.lll.net_migration,2059,UK,105.0,persons_k,projection,ons_npp,NPP-2024based-2026-04-28,sourced,
people.npp.lll.net_migration,2060,UK,105.0,persons_k,projection,ons_npp,NPP-2024based-2026-04-28,sourced,
people.npp.lll.net_migration,2061,UK,105.0,persons_k,projection,ons_npp,NPP-2024based-2026-04-28,sourced,
people.npp.lll.net_migration,2062,UK,105.0,persons_k,projection,ons_npp,NPP-2024based-2026-04-28,sourced,
people.npp.lll.net_migration,2063,UK,105.0,persons_k,projection,ons_npp,NPP-2024based-2026-04-28,sourced,
people.npp.lll.net_migration,2064,UK,105.0,persons_k,projection,ons_npp,NPP-2024based-2026-04-28,sourced,
people.npp.lll.net_migration,2065,UK,105.0,persons_k,projection,ons_npp,NPP-2024based-2026-04-28,sourced,
people.npp.lll.net_migration,2066,UK,105.0,persons_k,projection,ons_npp,NPP-2024based-2026-04-28,sourced,
people.npp.lll.net_migration,2067,UK,105.0,persons_k,projection,ons_npp,NPP-2024based-2026-04-28,sourced,
people.npp.lll.net_migration,2068,UK,105.0,persons_k,projection,ons_npp,NPP-2024based-2026-04-28,sourced,
people.npp.lll.net_migration,2069,UK,105.0,persons_k,projection,ons_npp,NPP-2024based-2026-04-28,sourced,
people.npp.lll.net_migration,2070,UK,105.0,persons_k,projection,ons_npp,NPP-2024based-2026-04-28,sourced,
people.npp.lll.net_migration,2071,UK,105.0,persons_k,projection,ons_npp,NPP-2024based-2026-04-28,sourced,
people.npp.lll.net_migration,2072,UK,105.0,persons_k,projection,ons_npp,NPP-2024based-2026-04-28,sourced,
people.npp.lll.net_migration,2073,UK,105.0,persons_k,projection,ons_npp,NPP-2024based-2026-04-28,sourced,
people.npp.lll.net_migration,2074,UK,105.0,persons_k,projection,ons_npp,NPP-2024based-2026-04-28,sourced,
people.npp.lll.net_migration,2075,UK,105.0,persons_k,projection,ons_npp,NPP-2024based-2026-04-28,sourced,
people.npp.lll.oadr,2024,UK,279.682164,per_1000,outturn,ons_npp,NPP-2024based-2026-04-28,sourced,"Base year of the 2024-based projections: ONS mid-2024 population estimate. ONS: Children under 16, working age, and pensionable age populations are based on State Pension Age (SPA) for a given year. Women's SPA increased to 65 between April 2016 and November 2018. From December 2018, the SPA for both sexes increased to 66 by October 2020 (Pensions Act 2011). Between 2026 and 2028, the SPA will increase from 66 to 67 years for both sexes (Pensions Act 2014), and will increase to 68 between 2044 and 2046 (Pensions Act 2007)."
people.npp.lll.oadr,2025,UK,284.391322,per_1000,projection,ons_npp,NPP-2024based-2026-04-28,sourced,
people.npp.lll.oadr,2026,UK,286.066495,per_1000,projection,ons_npp,NPP-2024based-2026-04-28,sourced,
people.npp.lll.oadr,2027,UK,279.940103,per_1000,projection,ons_npp,NPP-2024based-2026-04-28,sourced,
people.npp.lll.oadr,2028,UK,277.211319,per_1000,projection,ons_npp,NPP-2024based-2026-04-28,sourced,
people.npp.lll.oadr,2029,UK,283.178586,per_1000,projection,ons_npp,NPP-2024based-2026-04-28,sourced,
people.npp.lll.oadr,2030,UK,289.55948,per_1000,projection,ons_npp,NPP-2024based-2026-04-28,sourced,
people.npp.lll.oadr,2031,UK,296.199908,per_1000,projection,ons_npp,NPP-2024based-2026-04-28,sourced,
people.npp.lll.oadr,2032,UK,302.799469,per_1000,projection,ons_npp,NPP-2024based-2026-04-28,sourced,
people.npp.lll.oadr,2033,UK,309.079383,per_1000,projection,ons_npp,NPP-2024based-2026-04-28,sourced,
people.npp.lll.oadr,2034,UK,315.255495,per_1000,projection,ons_npp,NPP-2024based-2026-04-28,sourced,
people.npp.lll.oadr,2035,UK,321.026596,per_1000,projection,ons_npp,NPP-2024based-2026-04-28,sourced,
people.npp.lll.oadr,2036,UK,326.634946,per_1000,projection,ons_npp,NPP-2024based-2026-04-28,sourced,
people.npp.lll.oadr,2037,UK,331.556546,per_1000,projection,ons_npp,NPP-2024based-2026-04-28,sourced,
people.npp.lll.oadr,2038,UK,336.772992,per_1000,projection,ons_npp,NPP-2024based-2026-04-28,sourced,
people.npp.lll.oadr,2039,UK,341.094078,per_1000,projection,ons_npp,NPP-2024based-2026-04-28,sourced,
people.npp.lll.oadr,2040,UK,344.443647,per_1000,projection,ons_npp,NPP-2024based-2026-04-28,sourced,
people.npp.lll.oadr,2041,UK,346.845662,per_1000,projection,ons_npp,NPP-2024based-2026-04-28,sourced,
people.npp.lll.oadr,2042,UK,348.902079,per_1000,projection,ons_npp,NPP-2024based-2026-04-28,sourced,
people.npp.lll.oadr,2043,UK,350.517832,per_1000,projection,ons_npp,NPP-2024based-2026-04-28,sourced,
people.npp.lll.oadr,2044,UK,348.259592,per_1000,projection,ons_npp,NPP-2024based-2026-04-28,sourced,
people.npp.lll.oadr,2045,UK,338.636769,per_1000,projection,ons_npp,NPP-2024based-2026-04-28,sourced,
people.npp.lll.oadr,2046,UK,332.345178,per_1000,projection,ons_npp,NPP-2024based-2026-04-28,sourced,
people.npp.lll.oadr,2047,UK,335.469898,per_1000,projection,ons_npp,NPP-2024based-2026-04-28,sourced,
people.npp.lll.oadr,2048,UK,339.614545,per_1000,projection,ons_npp,NPP-2024based-2026-04-28,sourced,
people.npp.lll.oadr,2049,UK,343.735929,per_1000,projection,ons_npp,NPP-2024based-2026-04-28,sourced,
people.npp.lll.oadr,2050,UK,347.649002,per_1000,projection,ons_npp,NPP-2024based-2026-04-28,sourced,
people.npp.lll.oadr,2051,UK,351.746357,per_1000,projection,ons_npp,NPP-2024based-2026-04-28,sourced,
people.npp.lll.oadr,2052,UK,355.842775,per_1000,projection,ons_npp,NPP-2024based-2026-04-28,sourced,
people.npp.lll.oadr,2053,UK,360.78159,per_1000,projection,ons_npp,NPP-2024based-2026-04-28,sourced,
people.npp.lll.oadr,2054,UK,365.897067,per_1000,projection,ons_npp,NPP-2024based-2026-04-28,sourced,
people.npp.lll.oadr,2055,UK,371.238164,per_1000,projection,ons_npp,NPP-2024based-2026-04-28,sourced,
people.npp.lll.oadr,2056,UK,377.287735,per_1000,projection,ons_npp,NPP-2024based-2026-04-28,sourced,
people.npp.lll.oadr,2057,UK,383.139749,per_1000,projection,ons_npp,NPP-2024based-2026-04-28,sourced,
people.npp.lll.oadr,2058,UK,389.334888,per_1000,projection,ons_npp,NPP-2024based-2026-04-28,sourced,
people.npp.lll.oadr,2059,UK,395.762739,per_1000,projection,ons_npp,NPP-2024based-2026-04-28,sourced,
people.npp.lll.oadr,2060,UK,401.993301,per_1000,projection,ons_npp,NPP-2024based-2026-04-28,sourced,
people.npp.lll.oadr,2061,UK,407.695005,per_1000,projection,ons_npp,NPP-2024based-2026-04-28,sourced,
people.npp.lll.oadr,2062,UK,413.596437,per_1000,projection,ons_npp,NPP-2024based-2026-04-28,sourced,
people.npp.lll.oadr,2063,UK,419.036415,per_1000,projection,ons_npp,NPP-2024based-2026-04-28,sourced,
people.npp.lll.oadr,2064,UK,424.395624,per_1000,projection,ons_npp,NPP-2024based-2026-04-28,sourced,
people.npp.lll.oadr,2065,UK,430.491309,per_1000,projection,ons_npp,NPP-2024based-2026-04-28,sourced,
people.npp.lll.oadr,2066,UK,436.2166,per_1000,projection,ons_npp,NPP-2024based-2026-04-28,sourced,
people.npp.lll.oadr,2067,UK,441.590176,per_1000,projection,ons_npp,NPP-2024based-2026-04-28,sourced,
people.npp.lll.oadr,2068,UK,445.930369,per_1000,projection,ons_npp,NPP-2024based-2026-04-28,sourced,
people.npp.lll.oadr,2069,UK,449.719613,per_1000,projection,ons_npp,NPP-2024based-2026-04-28,sourced,
people.npp.lll.oadr,2070,UK,453.470192,per_1000,projection,ons_npp,NPP-2024based-2026-04-28,sourced,
people.npp.lll.oadr,2071,UK,457.393896,per_1000,projection,ons_npp,NPP-2024based-2026-04-28,sourced,
people.npp.lll.oadr,2072,UK,461.854217,per_1000,projection,ons_npp,NPP-2024based-2026-04-28,sourced,
people.npp.lll.oadr,2073,UK,466.739189,per_1000,projection,ons_npp,NPP-2024based-2026-04-28,sourced,
people.npp.lll.oadr,2074,UK,471.437593,per_1000,projection,ons_npp,NPP-2024based-2026-04-28,sourced,
people.npp.lll.oadr,2075,UK,476.591131,per_1000,projection,ons_npp,NPP-2024based-2026-04-28,sourced,
people.npp.lll.pension_age,2024,UK,12388.913,persons_k,outturn,ons_npp,NPP-2024based-2026-04-28,sourced,"Base year of the 2024-based projections: ONS mid-2024 population estimate. ONS: Children under 16, working age, and pensionable age populations are based on State Pension Age (SPA) for a given year. Women's SPA increased to 65 between April 2016 and November 2018. From December 2018, the SPA for both sexes increased to 66 by October 2020 (Pensions Act 2011). Between 2026 and 2028, the SPA will increase from 66 to 67 years for both sexes (Pensions Act 2014), and will increase to 68 between 2044 and 2046 (Pensions Act 2007)."
people.npp.lll.pension_age,2025,UK,12633.51,persons_k,projection,ons_npp,NPP-2024based-2026-04-28,sourced,
people.npp.lll.pension_age,2026,UK,12743.541585,persons_k,projection,ons_npp,NPP-2024based-2026-04-28,sourced,
people.npp.lll.pension_age,2027,UK,12591.207649,persons_k,projection,ons_npp,NPP-2024based-2026-04-28,sourced,
people.npp.lll.pension_age,2028,UK,12554.502,persons_k,projection,ons_npp,NPP-2024based-2026-04-28,sourced,
people.npp.lll.pension_age,2029,UK,12819.814,persons_k,projection,ons_npp,NPP-2024based-2026-04-28,sourced,
people.npp.lll.pension_age,2030,UK,13093.796,persons_k,projection,ons_npp,NPP-2024based-2026-04-28,sourced,
people.npp.lll.pension_age,2031,UK,13373.882,persons_k,projection,ons_npp,NPP-2024based-2026-04-28,sourced,
people.npp.lll.pension_age,2032,UK,13651.275,persons_k,projection,ons_npp,NPP-2024based-2026-04-28,sourced,
people.npp.lll.pension_age,2033,UK,13909.773,persons_k,projection,ons_npp,NPP-2024based-2026-04-28,sourced,
people.npp.lll.pension_age,2034,UK,14157.519,persons_k,projection,ons_npp,NPP-2024based-2026-04-28,sourced,
people.npp.lll.pension_age,2035,UK,14386.135,persons_k,projection,ons_npp,NPP-2024based-2026-04-28,sourced,
people.npp.lll.pension_age,2036,UK,14602.487,persons_k,projection,ons_npp,NPP-2024based-2026-04-28,sourced,
people.npp.lll.pension_age,2037,UK,14786.042,persons_k,projection,ons_npp,NPP-2024based-2026-04-28,sourced,
people.npp.lll.pension_age,2038,UK,14977.605,persons_k,projection,ons_npp,NPP-2024based-2026-04-28,sourced,
people.npp.lll.pension_age,2039,UK,15126.408,persons_k,projection,ons_npp,NPP-2024based-2026-04-28,sourced,
people.npp.lll.pension_age,2040,UK,15234.954,persons_k,projection,ons_npp,NPP-2024based-2026-04-28,sourced,
people.npp.lll.pension_age,2041,UK,15304.791,persons_k,projection,ons_npp,NPP-2024based-2026-04-28,sourced,
people.npp.lll.pension_age,2042,UK,15357.306,persons_k,projection,ons_npp,NPP-2024based-2026-04-28,sourced,
people.npp.lll.pension_age,2043,UK,15389.103,persons_k,projection,ons_npp,NPP-2024based-2026-04-28,sourced,
people.npp.lll.pension_age,2044,UK,15288.901123,persons_k,projection,ons_npp,NPP-2024based-2026-04-28,sourced,
people.npp.lll.pension_age,2045,UK,14941.714899,persons_k,projection,ons_npp,NPP-2024based-2026-04-28,sourced,
people.npp.lll.pension_age,2046,UK,14697.121,persons_k,projection,ons_npp,NPP-2024based-2026-04-28,sourced,
people.npp.lll.pension_age,2047,UK,14759.392,persons_k,projection,ons_npp,NPP-2024based-2026-04-28,sourced,
people.npp.lll.pension_age,2048,UK,14849.522,persons_k,projection,ons_npp,NPP-2024based-2026-04-28,sourced,
people.npp.lll.pension_age,2049,UK,14932.877,persons_k,projection,ons_npp,NPP-2024based-2026-04-28,sourced,
people.npp.lll.pension_age,2050,UK,15003.893,persons_k,projection,ons_npp,NPP-2024based-2026-04-28,sourced,
people.npp.lll.pension_age,2051,UK,15075.89,persons_k,projection,ons_npp,NPP-2024based-2026-04-28,sourced,
people.npp.lll.pension_age,2052,UK,15143.496,persons_k,projection,ons_npp,NPP-2024based-2026-04-28,sourced,
people.npp.lll.pension_age,2053,UK,15233.346,persons_k,projection,ons_npp,NPP-2024based-2026-04-28,sourced,
people.npp.lll.pension_age,2054,UK,15324.509,persons_k,projection,ons_npp,NPP-2024based-2026-04-28,sourced,
people.npp.lll.pension_age,2055,UK,15418.612,persons_k,projection,ons_npp,NPP-2024based-2026-04-28,sourced,
people.npp.lll.pension_age,2056,UK,15530.103,persons_k,projection,ons_npp,NPP-2024based-2026-04-28,sourced,
people.npp.lll.pension_age,2057,UK,15631.642,persons_k,projection,ons_npp,NPP-2024based-2026-04-28,sourced,
people.npp.lll.pension_age,2058,UK,15739.471,persons_k,projection,ons_npp,NPP-2024based-2026-04-28,sourced,
people.npp.lll.pension_age,2059,UK,15850.289,persons_k,projection,ons_npp,NPP-2024based-2026-04-28,sourced,
people.npp.lll.pension_age,2060,UK,15951.866,persons_k,projection,ons_npp,NPP-2024based-2026-04-28,sourced,
people.npp.lll.pension_age,2061,UK,16035.177,persons_k,projection,ons_npp,NPP-2024based-2026-04-28,sourced,
people.npp.lll.pension_age,2062,UK,16120.793,persons_k,projection,ons_npp,NPP-2024based-2026-04-28,sourced,
people.npp.lll.pension_age,2063,UK,16190.447,persons_k,projection,ons_npp,NPP-2024based-2026-04-28,sourced,
people.npp.lll.pension_age,2064,UK,16254.742,persons_k,projection,ons_npp,NPP-2024based-2026-04-28,sourced,
people.npp.lll.pension_age,2065,UK,16335.251,persons_k,projection,ons_npp,NPP-2024based-2026-04-28,sourced,
people.npp.lll.pension_age,2066,UK,16401.8,persons_k,projection,ons_npp,NPP-2024based-2026-04-28,sourced,
people.npp.lll.pension_age,2067,UK,16454.776,persons_k,projection,ons_npp,NPP-2024based-2026-04-28,sourced,
people.npp.lll.pension_age,2068,UK,16476.782,persons_k,projection,ons_npp,NPP-2024based-2026-04-28,sourced,
people.npp.lll.pension_age,2069,UK,16480.545,persons_k,projection,ons_npp,NPP-2024based-2026-04-28,sourced,
people.npp.lll.pension_age,2070,UK,16478.939,persons_k,projection,ons_npp,NPP-2024based-2026-04-28,sourced,
people.npp.lll.pension_age,2071,UK,16476.886,persons_k,projection,ons_npp,NPP-2024based-2026-04-28,sourced,
people.npp.lll.pension_age,2072,UK,16482.881,persons_k,projection,ons_npp,NPP-2024based-2026-04-28,sourced,
people.npp.lll.pension_age,2073,UK,16493.559,persons_k,projection,ons_npp,NPP-2024based-2026-04-28,sourced,
people.npp.lll.pension_age,2074,UK,16493.858,persons_k,projection,ons_npp,NPP-2024based-2026-04-28,sourced,
people.npp.lll.pension_age,2075,UK,16498.953,persons_k,projection,ons_npp,NPP-2024based-2026-04-28,sourced,
people.npp.lll.population,2024,UK,69281.437,persons_k,outturn,ons_npp,NPP-2024based-2026-04-28,sourced,Base year of the 2024-based projections: ONS mid-2024 population estimate.
people.npp.lll.population,2025,UK,69502.339,persons_k,projection,ons_npp,NPP-2024based-2026-04-28,sourced,
people.npp.lll.population,2026,UK,69537.431,persons_k,projection,ons_npp,NPP-2024based-2026-04-28,sourced,
people.npp.lll.population,2027,UK,69594.122,persons_k,projection,ons_npp,NPP-2024based-2026-04-28,sourced,
people.npp.lll.population,2028,UK,69629.186,persons_k,projection,ons_npp,NPP-2024based-2026-04-28,sourced,
people.npp.lll.population,2029,UK,69642.311,persons_k,projection,ons_npp,NPP-2024based-2026-04-28,sourced,
people.npp.lll.population,2030,UK,69633.717,persons_k,projection,ons_npp,NPP-2024based-2026-04-28,sourced,
people.npp.lll.population,2031,UK,69604.123,persons_k,projection,ons_npp,NPP-2024based-2026-04-28,sourced,
people.npp.lll.population,2032,UK,69554.285,persons_k,projection,ons_npp,NPP-2024based-2026-04-28,sourced,
people.npp.lll.population,2033,UK,69484.149,persons_k,projection,ons_npp,NPP-2024based-2026-04-28,sourced,
people.npp.lll.population,2034,UK,69395.071,persons_k,projection,ons_npp,NPP-2024based-2026-04-28,sourced,
people.npp.lll.population,2035,UK,69289.696,persons_k,projection,ons_npp,NPP-2024based-2026-04-28,sourced,
people.npp.lll.population,2036,UK,69170.41,persons_k,projection,ons_npp,NPP-2024based-2026-04-28,sourced,
people.npp.lll.population,2037,UK,69038.811,persons_k,projection,ons_npp,NPP-2024based-2026-04-28,sourced,
people.npp.lll.population,2038,UK,68896.158,persons_k,projection,ons_npp,NPP-2024based-2026-04-28,sourced,
people.npp.lll.population,2039,UK,68743.561,persons_k,projection,ons_npp,NPP-2024based-2026-04-28,sourced,
people.npp.lll.population,2040,UK,68581.722,persons_k,projection,ons_npp,NPP-2024based-2026-04-28,sourced,
people.npp.lll.population,2041,UK,68411.132,persons_k,projection,ons_npp,NPP-2024based-2026-04-28,sourced,
people.npp.lll.population,2042,UK,68232.388,persons_k,projection,ons_npp,NPP-2024based-2026-04-28,sourced,
people.npp.lll.population,2043,UK,68046.033,persons_k,projection,ons_npp,NPP-2024based-2026-04-28,sourced,
people.npp.lll.population,2044,UK,67852.36,persons_k,projection,ons_npp,NPP-2024based-2026-04-28,sourced,
people.npp.lll.population,2045,UK,67650.907,persons_k,projection,ons_npp,NPP-2024based-2026-04-28,sourced,
people.npp.lll.population,2046,UK,67440.89,persons_k,projection,ons_npp,NPP-2024based-2026-04-28,sourced,
people.npp.lll.population,2047,UK,67221.835,persons_k,projection,ons_npp,NPP-2024based-2026-04-28,sourced,
people.npp.lll.population,2048,UK,66993.148,persons_k,projection,ons_npp,NPP-2024based-2026-04-28,sourced,
people.npp.lll.population,2049,UK,66754.111,persons_k,projection,ons_npp,NPP-2024based-2026-04-28,sourced,
people.npp.lll.population,2050,UK,66503.58,persons_k,projection,ons_npp,NPP-2024based-2026-04-28,sourced,
people.npp.lll.population,2051,UK,66240.508,persons_k,projection,ons_npp,NPP-2024based-2026-04-28,sourced,
people.npp.lll.population,2052,UK,65964.538,persons_k,projection,ons_npp,NPP-2024based-2026-04-28,sourced,
people.npp.lll.population,2053,UK,65675.499,persons_k,projection,ons_npp,NPP-2024based-2026-04-28,sourced,
people.npp.lll.population,2054,UK,65373.366,persons_k,projection,ons_npp,NPP-2024based-2026-04-28,sourced,
people.npp.lll.population,2055,UK,65058.443,persons_k,projection,ons_npp,NPP-2024based-2026-04-28,sourced,
people.npp.lll.population,2056,UK,64731.46,persons_k,projection,ons_npp,NPP-2024based-2026-04-28,sourced,
people.npp.lll.population,2057,UK,64393.294,persons_k,projection,ons_npp,NPP-2024based-2026-04-28,sourced,
people.npp.lll.population,2058,UK,64044.801,persons_k,projection,ons_npp,NPP-2024based-2026-04-28,sourced,
people.npp.lll.population,2059,UK,63686.917,persons_k,projection,ons_npp,NPP-2024based-2026-04-28,sourced,
people.npp.lll.population,2060,UK,63320.713,persons_k,projection,ons_npp,NPP-2024based-2026-04-28,sourced,
people.npp.lll.population,2061,UK,62947.187,persons_k,projection,ons_npp,NPP-2024based-2026-04-28,sourced,
people.npp.lll.population,2062,UK,62567.374,persons_k,projection,ons_npp,NPP-2024based-2026-04-28,sourced,
people.npp.lll.population,2063,UK,62182.001,persons_k,projection,ons_npp,NPP-2024based-2026-04-28,sourced,
people.npp.lll.population,2064,UK,61791.616,persons_k,projection,ons_npp,NPP-2024based-2026-04-28,sourced,
people.npp.lll.population,2065,UK,61396.782,persons_k,projection,ons_npp,NPP-2024based-2026-04-28,sourced,
people.npp.lll.population,2066,UK,60997.921,persons_k,projection,ons_npp,NPP-2024based-2026-04-28,sourced,
people.npp.lll.population,2067,UK,60595.263,persons_k,projection,ons_npp,NPP-2024based-2026-04-28,sourced,
people.npp.lll.population,2068,UK,60188.954,persons_k,projection,ons_npp,NPP-2024based-2026-04-28,sourced,
people.npp.lll.population,2069,UK,59778.918,persons_k,projection,ons_npp,NPP-2024based-2026-04-28,sourced,
people.npp.lll.population,2070,UK,59364.998,persons_k,projection,ons_npp,NPP-2024based-2026-04-28,sourced,
people.npp.lll.population,2071,UK,58946.962,persons_k,projection,ons_npp,NPP-2024based-2026-04-28,sourced,
people.npp.lll.population,2072,UK,58524.645,persons_k,projection,ons_npp,NPP-2024based-2026-04-28,sourced,
people.npp.lll.population,2073,UK,58097.831,persons_k,projection,ons_npp,NPP-2024based-2026-04-28,sourced,
people.npp.lll.population,2074,UK,57666.436,persons_k,projection,ons_npp,NPP-2024based-2026-04-28,sourced,
people.npp.lll.population,2075,UK,57230.417,persons_k,projection,ons_npp,NPP-2024based-2026-04-28,sourced,
people.npp.lll.tfr,2025,UK,1.389412,children_per_woman,projection,ons_npp,NPP-2024based-2026-04-28,sourced,
people.npp.lll.tfr,2026,UK,1.366462,children_per_woman,projection,ons_npp,NPP-2024based-2026-04-28,sourced,
people.npp.lll.tfr,2027,UK,1.341344,children_per_woman,projection,ons_npp,NPP-2024based-2026-04-28,sourced,
people.npp.lll.tfr,2028,UK,1.316208,children_per_woman,projection,ons_npp,NPP-2024based-2026-04-28,sourced,
people.npp.lll.tfr,2029,UK,1.293144,children_per_woman,projection,ons_npp,NPP-2024based-2026-04-28,sourced,
people.npp.lll.tfr,2030,UK,1.272676,children_per_woman,projection,ons_npp,NPP-2024based-2026-04-28,sourced,
people.npp.lll.tfr,2031,UK,1.255169,children_per_woman,projection,ons_npp,NPP-2024based-2026-04-28,sourced,
people.npp.lll.tfr,2032,UK,1.240166,children_per_woman,projection,ons_npp,NPP-2024based-2026-04-28,sourced,
people.npp.lll.tfr,2033,UK,1.225178,children_per_woman,projection,ons_npp,NPP-2024based-2026-04-28,sourced,
people.npp.lll.tfr,2034,UK,1.212694,children_per_woman,projection,ons_npp,NPP-2024based-2026-04-28,sourced,
people.npp.lll.tfr,2035,UK,1.205235,children_per_woman,projection,ons_npp,NPP-2024based-2026-04-28,sourced,
people.npp.lll.tfr,2036,UK,1.201762,children_per_woman,projection,ons_npp,NPP-2024based-2026-04-28,sourced,
people.npp.lll.tfr,2037,UK,1.200191,children_per_woman,projection,ons_npp,NPP-2024based-2026-04-28,sourced,
people.npp.lll.tfr,2038,UK,1.199638,children_per_woman,projection,ons_npp,NPP-2024based-2026-04-28,sourced,
people.npp.lll.tfr,2039,UK,1.199822,children_per_woman,projection,ons_npp,NPP-2024based-2026-04-28,sourced,
people.npp.lll.tfr,2040,UK,1.200149,children_per_woman,projection,ons_npp,NPP-2024based-2026-04-28,sourced,
people.npp.lll.tfr,2041,UK,1.200459,children_per_woman,projection,ons_npp,NPP-2024based-2026-04-28,sourced,
people.npp.lll.tfr,2042,UK,1.201281,children_per_woman,projection,ons_npp,NPP-2024based-2026-04-28,sourced,
people.npp.lll.tfr,2043,UK,1.202944,children_per_woman,projection,ons_npp,NPP-2024based-2026-04-28,sourced,
people.npp.lll.tfr,2044,UK,1.205668,children_per_woman,projection,ons_npp,NPP-2024based-2026-04-28,sourced,
people.npp.lll.tfr,2045,UK,1.208206,children_per_woman,projection,ons_npp,NPP-2024based-2026-04-28,sourced,
people.npp.lll.tfr,2046,UK,1.209969,children_per_woman,projection,ons_npp,NPP-2024based-2026-04-28,sourced,
people.npp.lll.tfr,2047,UK,1.211842,children_per_woman,projection,ons_npp,NPP-2024based-2026-04-28,sourced,
people.npp.lll.tfr,2048,UK,1.213883,children_per_woman,projection,ons_npp,NPP-2024based-2026-04-28,sourced,
people.npp.lll.tfr,2049,UK,1.215983,children_per_woman,projection,ons_npp,NPP-2024based-2026-04-28,sourced,
people.npp.lll.tfr,2050,UK,1.217083,children_per_woman,projection,ons_npp,NPP-2024based-2026-04-28,sourced,
people.npp.lll.tfr,2051,UK,1.217115,children_per_woman,projection,ons_npp,NPP-2024based-2026-04-28,sourced,
people.npp.lll.tfr,2052,UK,1.217101,children_per_woman,projection,ons_npp,NPP-2024based-2026-04-28,sourced,
people.npp.lll.tfr,2053,UK,1.217125,children_per_woman,projection,ons_npp,NPP-2024based-2026-04-28,sourced,
people.npp.lll.tfr,2054,UK,1.21712,children_per_woman,projection,ons_npp,NPP-2024based-2026-04-28,sourced,
people.npp.lll.tfr,2055,UK,1.217131,children_per_woman,projection,ons_npp,NPP-2024based-2026-04-28,sourced,
people.npp.lll.tfr,2056,UK,1.217139,children_per_woman,projection,ons_npp,NPP-2024based-2026-04-28,sourced,
people.npp.lll.tfr,2057,UK,1.217155,children_per_woman,projection,ons_npp,NPP-2024based-2026-04-28,sourced,
people.npp.lll.tfr,2058,UK,1.217162,children_per_woman,projection,ons_npp,NPP-2024based-2026-04-28,sourced,
people.npp.lll.tfr,2059,UK,1.217169,children_per_woman,projection,ons_npp,NPP-2024based-2026-04-28,sourced,
people.npp.lll.tfr,2060,UK,1.217172,children_per_woman,projection,ons_npp,NPP-2024based-2026-04-28,sourced,
people.npp.lll.tfr,2061,UK,1.21719,children_per_woman,projection,ons_npp,NPP-2024based-2026-04-28,sourced,
people.npp.lll.tfr,2062,UK,1.217218,children_per_woman,projection,ons_npp,NPP-2024based-2026-04-28,sourced,
people.npp.lll.tfr,2063,UK,1.217247,children_per_woman,projection,ons_npp,NPP-2024based-2026-04-28,sourced,
people.npp.lll.tfr,2064,UK,1.217261,children_per_woman,projection,ons_npp,NPP-2024based-2026-04-28,sourced,
people.npp.lll.tfr,2065,UK,1.217294,children_per_woman,projection,ons_npp,NPP-2024based-2026-04-28,sourced,
people.npp.lll.tfr,2066,UK,1.217318,children_per_woman,projection,ons_npp,NPP-2024based-2026-04-28,sourced,
people.npp.lll.tfr,2067,UK,1.217364,children_per_woman,projection,ons_npp,NPP-2024based-2026-04-28,sourced,
people.npp.lll.tfr,2068,UK,1.217419,children_per_woman,projection,ons_npp,NPP-2024based-2026-04-28,sourced,
people.npp.lll.tfr,2069,UK,1.217448,children_per_woman,projection,ons_npp,NPP-2024based-2026-04-28,sourced,
people.npp.lll.tfr,2070,UK,1.217497,children_per_woman,projection,ons_npp,NPP-2024based-2026-04-28,sourced,
people.npp.lll.tfr,2071,UK,1.217562,children_per_woman,projection,ons_npp,NPP-2024based-2026-04-28,sourced,
people.npp.lll.tfr,2072,UK,1.217583,children_per_woman,projection,ons_npp,NPP-2024based-2026-04-28,sourced,
people.npp.lll.tfr,2073,UK,1.217664,children_per_woman,projection,ons_npp,NPP-2024based-2026-04-28,sourced,
people.npp.lll.tfr,2074,UK,1.217681,children_per_woman,projection,ons_npp,NPP-2024based-2026-04-28,sourced,
people.npp.lll.tfr,2075,UK,1.217731,children_per_woman,projection,ons_npp,NPP-2024based-2026-04-28,sourced,
people.npp.lll.working_age,2024,UK,44296.4,persons_k,outturn,ons_npp,NPP-2024based-2026-04-28,sourced,"Base year of the 2024-based projections: ONS mid-2024 population estimate. ONS: Children under 16, working age, and pensionable age populations are based on State Pension Age (SPA) for a given year. Women's SPA increased to 65 between April 2016 and November 2018. From December 2018, the SPA for both sexes increased to 66 by October 2020 (Pensions Act 2011). Between 2026 and 2028, the SPA will increase from 66 to 67 years for both sexes (Pensions Act 2014), and will increase to 68 between 2044 and 2046 (Pensions Act 2007)."
people.npp.lll.working_age,2025,UK,44422.98,persons_k,projection,ons_npp,NPP-2024based-2026-04-28,sourced,
people.npp.lll.working_age,2026,UK,44547.480415,persons_k,projection,ons_npp,NPP-2024based-2026-04-28,sourced,
people.npp.lll.working_age,2027,UK,44978.220351,persons_k,projection,ons_npp,NPP-2024based-2026-04-28,sourced,
people.npp.lll.working_age,2028,UK,45288.562,persons_k,projection,ons_npp,NPP-2024based-2026-04-28,sourced,
people.npp.lll.working_age,2029,UK,45271.128,persons_k,projection,ons_npp,NPP-2024based-2026-04-28,sourced,
people.npp.lll.working_age,2030,UK,45219.711,persons_k,projection,ons_npp,NPP-2024based-2026-04-28,sourced,
people.npp.lll.working_age,2031,UK,45151.54,persons_k,projection,ons_npp,NPP-2024based-2026-04-28,sourced,
people.npp.lll.working_age,2032,UK,45083.55,persons_k,projection,ons_npp,NPP-2024based-2026-04-28,sourced,
people.npp.lll.working_age,2033,UK,45003.885,persons_k,projection,ons_npp,NPP-2024based-2026-04-28,sourced,
people.npp.lll.working_age,2034,UK,44908.08,persons_k,projection,ons_npp,NPP-2024based-2026-04-28,sourced,
people.npp.lll.working_age,2035,UK,44812.907,persons_k,projection,ons_npp,NPP-2024based-2026-04-28,sourced,
people.npp.lll.working_age,2036,UK,44705.832,persons_k,projection,ons_npp,NPP-2024based-2026-04-28,sourced,
people.npp.lll.working_age,2037,UK,44595.838,persons_k,projection,ons_npp,NPP-2024based-2026-04-28,sourced,
people.npp.lll.working_age,2038,UK,44473.89,persons_k,projection,ons_npp,NPP-2024based-2026-04-28,sourced,
people.npp.lll.working_age,2039,UK,44346.733,persons_k,projection,ons_npp,NPP-2024based-2026-04-28,sourced,
people.npp.lll.working_age,2040,UK,44230.614,persons_k,projection,ons_npp,NPP-2024based-2026-04-28,sourced,
people.npp.lll.working_age,2041,UK,44125.652,persons_k,projection,ons_npp,NPP-2024based-2026-04-28,sourced,
people.npp.lll.working_age,2042,UK,44016.092,persons_k,projection,ons_npp,NPP-2024based-2026-04-28,sourced,
people.npp.lll.working_age,2043,UK,43903.909,persons_k,projection,ons_npp,NPP-2024based-2026-04-28,sourced,
people.npp.lll.working_age,2044,UK,43900.875877,persons_k,projection,ons_npp,NPP-2024based-2026-04-28,sourced,
people.npp.lll.working_age,2045,UK,44123.132101,persons_k,projection,ons_npp,NPP-2024based-2026-04-28,sourced,
people.npp.lll.working_age,2046,UK,44222.459,persons_k,projection,ons_npp,NPP-2024based-2026-04-28,sourced,
people.npp.lll.working_age,2047,UK,43996.174,persons_k,projection,ons_npp,NPP-2024based-2026-04-28,sourced,
people.npp.lll.working_age,2048,UK,43724.635,persons_k,projection,ons_npp,NPP-2024based-2026-04-28,sourced,
people.npp.lll.working_age,2049,UK,43442.875,persons_k,projection,ons_npp,NPP-2024based-2026-04-28,sourced,
people.npp.lll.working_age,2050,UK,43158.165,persons_k,projection,ons_npp,NPP-2024based-2026-04-28,sourced,
people.npp.lll.working_age,2051,UK,42860.117,persons_k,projection,ons_npp,NPP-2024based-2026-04-28,sourced,
people.npp.lll.working_age,2052,UK,42556.705,persons_k,projection,ons_npp,NPP-2024based-2026-04-28,sourced,
people.npp.lll.working_age,2053,UK,42223.18,persons_k,projection,ons_npp,NPP-2024based-2026-04-28,sourced,
people.npp.lll.working_age,2054,UK,41882.022,persons_k,projection,ons_npp,NPP-2024based-2026-04-28,sourced,
people.npp.lll.working_age,2055,UK,41532.939,persons_k,projection,ons_npp,NPP-2024based-2026-04-28,sourced,
people.npp.lll.working_age,2056,UK,41162.491,persons_k,projection,ons_npp,NPP-2024based-2026-04-28,sourced,
people.npp.lll.working_age,2057,UK,40798.8,persons_k,projection,ons_npp,NPP-2024based-2026-04-28,sourced,
people.npp.lll.working_age,2058,UK,40426.562,persons_k,projection,ons_npp,NPP-2024based-2026-04-28,sourced,
people.npp.lll.working_age,2059,UK,40049.978,persons_k,projection,ons_npp,NPP-2024based-2026-04-28,sourced,
people.npp.lll.working_age,2060,UK,39681.92,persons_k,projection,ons_npp,NPP-2024based-2026-04-28,sourced,
people.npp.lll.working_age,2061,UK,39331.306,persons_k,projection,ons_npp,NPP-2024based-2026-04-28,sourced,
people.npp.lll.working_age,2062,UK,38977.108,persons_k,projection,ons_npp,NPP-2024based-2026-04-28,sourced,
people.npp.lll.working_age,2063,UK,38637.327,persons_k,projection,ons_npp,NPP-2024based-2026-04-28,sourced,
people.npp.lll.working_age,2064,UK,38300.918,persons_k,projection,ons_npp,NPP-2024based-2026-04-28,sourced,
people.npp.lll.working_age,2065,UK,37945.6,persons_k,projection,ons_npp,NPP-2024based-2026-04-28,sourced,
people.npp.lll.working_age,2066,UK,37600.128,persons_k,projection,ons_npp,NPP-2024based-2026-04-28,sourced,
people.npp.lll.working_age,2067,UK,37262.55,persons_k,projection,ons_npp,NPP-2024based-2026-04-28,sourced,
people.npp.lll.working_age,2068,UK,36949.226,persons_k,projection,ons_npp,NPP-2024based-2026-04-28,sourced,
people.npp.lll.working_age,2069,UK,36646.267,persons_k,projection,ons_npp,NPP-2024based-2026-04-28,sourced,
people.npp.lll.working_age,2070,UK,36339.63,persons_k,projection,ons_npp,NPP-2024based-2026-04-28,sourced,
people.npp.lll.working_age,2071,UK,36023.406,persons_k,projection,ons_npp,NPP-2024based-2026-04-28,sourced,
people.npp.lll.working_age,2072,UK,35688.493,persons_k,projection,ons_npp,NPP-2024based-2026-04-28,sourced,
people.npp.lll.working_age,2073,UK,35337.849,persons_k,projection,ons_npp,NPP-2024based-2026-04-28,sourced,
people.npp.lll.working_age,2074,UK,34986.302,persons_k,projection,ons_npp,NPP-2024based-2026-04-28,sourced,
people.npp.lll.working_age,2075,UK,34618.674,persons_k,projection,ons_npp,NPP-2024based-2026-04-28,sourced,
people.npp.lpp.births,2025,UK,651.892,persons_k,projection,ons_npp,NPP-2024based-2026-04-28,sourced,
people.npp.lpp.births,2026,UK,638.573,persons_k,projection,ons_npp,NPP-2024based-2026-04-28,sourced,
people.npp.lpp.births,2027,UK,624.04,persons_k,projection,ons_npp,NPP-2024based-2026-04-28,sourced,
people.npp.lpp.births,2028,UK,610.175,persons_k,projection,ons_npp,NPP-2024based-2026-04-28,sourced,
people.npp.lpp.births,2029,UK,597.202,persons_k,projection,ons_npp,NPP-2024based-2026-04-28,sourced,
people.npp.lpp.births,2030,UK,585.409,persons_k,projection,ons_npp,NPP-2024based-2026-04-28,sourced,
people.npp.lpp.births,2031,UK,575.121,persons_k,projection,ons_npp,NPP-2024based-2026-04-28,sourced,
people.npp.lpp.births,2032,UK,566.215,persons_k,projection,ons_npp,NPP-2024based-2026-04-28,sourced,
people.npp.lpp.births,2033,UK,557.702,persons_k,projection,ons_npp,NPP-2024based-2026-04-28,sourced,
people.npp.lpp.births,2034,UK,550.853,persons_k,projection,ons_npp,NPP-2024based-2026-04-28,sourced,
people.npp.lpp.births,2035,UK,546.855,persons_k,projection,ons_npp,NPP-2024based-2026-04-28,sourced,
people.npp.lpp.births,2036,UK,545.332,persons_k,projection,ons_npp,NPP-2024based-2026-04-28,sourced,
people.npp.lpp.births,2037,UK,545.296,persons_k,projection,ons_npp,NPP-2024based-2026-04-28,sourced,
people.npp.lpp.births,2038,UK,546.27,persons_k,projection,ons_npp,NPP-2024based-2026-04-28,sourced,
people.npp.lpp.births,2039,UK,547.893,persons_k,projection,ons_npp,NPP-2024based-2026-04-28,sourced,
people.npp.lpp.births,2040,UK,549.57,persons_k,projection,ons_npp,NPP-2024based-2026-04-28,sourced,
people.npp.lpp.births,2041,UK,551.025,persons_k,projection,ons_npp,NPP-2024based-2026-04-28,sourced,
people.npp.lpp.births,2042,UK,552.413,persons_k,projection,ons_npp,NPP-2024based-2026-04-28,sourced,
people.npp.lpp.births,2043,UK,553.73,persons_k,projection,ons_npp,NPP-2024based-2026-04-28,sourced,
people.npp.lpp.births,2044,UK,554.822,persons_k,projection,ons_npp,NPP-2024based-2026-04-28,sourced,
people.npp.lpp.births,2045,UK,555.068,persons_k,projection,ons_npp,NPP-2024based-2026-04-28,sourced,
people.npp.lpp.births,2046,UK,554.206,persons_k,projection,ons_npp,NPP-2024based-2026-04-28,sourced,
people.npp.lpp.births,2047,UK,552.675,persons_k,projection,ons_npp,NPP-2024based-2026-04-28,sourced,
people.npp.lpp.births,2048,UK,550.488,persons_k,projection,ons_npp,NPP-2024based-2026-04-28,sourced,
people.npp.lpp.births,2049,UK,547.554,persons_k,projection,ons_npp,NPP-2024based-2026-04-28,sourced,
people.npp.lpp.births,2050,UK,543.273,persons_k,projection,ons_npp,NPP-2024based-2026-04-28,sourced,
people.npp.lpp.births,2051,UK,537.668,persons_k,projection,ons_npp,NPP-2024based-2026-04-28,sourced,
people.npp.lpp.births,2052,UK,531.479,persons_k,projection,ons_npp,NPP-2024based-2026-04-28,sourced,
people.npp.lpp.births,2053,UK,524.686,persons_k,projection,ons_npp,NPP-2024based-2026-04-28,sourced,
people.npp.lpp.births,2054,UK,517.34,persons_k,projection,ons_npp,NPP-2024based-2026-04-28,sourced,
people.npp.lpp.births,2055,UK,509.695,persons_k,projection,ons_npp,NPP-2024based-2026-04-28,sourced,
people.npp.lpp.births,2056,UK,502.005,persons_k,projection,ons_npp,NPP-2024based-2026-04-28,sourced,
people.npp.lpp.births,2057,UK,494.4,persons_k,projection,ons_npp,NPP-2024based-2026-04-28,sourced,
people.npp.lpp.births,2058,UK,486.852,persons_k,projection,ons_npp,NPP-2024based-2026-04-28,sourced,
people.npp.lpp.births,2059,UK,479.466,persons_k,projection,ons_npp,NPP-2024based-2026-04-28,sourced,
people.npp.lpp.births,2060,UK,472.417,persons_k,projection,ons_npp,NPP-2024based-2026-04-28,sourced,
people.npp.lpp.births,2061,UK,465.79,persons_k,projection,ons_npp,NPP-2024based-2026-04-28,sourced,
people.npp.lpp.births,2062,UK,459.727,persons_k,projection,ons_npp,NPP-2024based-2026-04-28,sourced,
people.npp.lpp.births,2063,UK,454.125,persons_k,projection,ons_npp,NPP-2024based-2026-04-28,sourced,
people.npp.lpp.births,2064,UK,448.954,persons_k,projection,ons_npp,NPP-2024based-2026-04-28,sourced,
people.npp.lpp.births,2065,UK,444.398,persons_k,projection,ons_npp,NPP-2024based-2026-04-28,sourced,
people.npp.lpp.births,2066,UK,440.475,persons_k,projection,ons_npp,NPP-2024based-2026-04-28,sourced,
people.npp.lpp.births,2067,UK,437.151,persons_k,projection,ons_npp,NPP-2024based-2026-04-28,sourced,
people.npp.lpp.births,2068,UK,434.408,persons_k,projection,ons_npp,NPP-2024based-2026-04-28,sourced,
people.npp.lpp.births,2069,UK,432.177,persons_k,projection,ons_npp,NPP-2024based-2026-04-28,sourced,
people.npp.lpp.births,2070,UK,430.355,persons_k,projection,ons_npp,NPP-2024based-2026-04-28,sourced,
people.npp.lpp.births,2071,UK,428.956,persons_k,projection,ons_npp,NPP-2024based-2026-04-28,sourced,
people.npp.lpp.births,2072,UK,427.851,persons_k,projection,ons_npp,NPP-2024based-2026-04-28,sourced,
people.npp.lpp.births,2073,UK,426.961,persons_k,projection,ons_npp,NPP-2024based-2026-04-28,sourced,
people.npp.lpp.births,2074,UK,426.184,persons_k,projection,ons_npp,NPP-2024based-2026-04-28,sourced,
people.npp.lpp.births,2075,UK,425.439,persons_k,projection,ons_npp,NPP-2024based-2026-04-28,sourced,
people.npp.lpp.deaths,2025,UK,634.986,persons_k,projection,ons_npp,NPP-2024based-2026-04-28,sourced,
people.npp.lpp.deaths,2026,UK,665.732,persons_k,projection,ons_npp,NPP-2024based-2026-04-28,sourced,
people.npp.lpp.deaths,2027,UK,669.577,persons_k,projection,ons_npp,NPP-2024based-2026-04-28,sourced,
people.npp.lpp.deaths,2028,UK,674.72,persons_k,projection,ons_npp,NPP-2024based-2026-04-28,sourced,
people.npp.lpp.deaths,2029,UK,680.865,persons_k,projection,ons_npp,NPP-2024based-2026-04-28,sourced,
people.npp.lpp.deaths,2030,UK,687.823,persons_k,projection,ons_npp,NPP-2024based-2026-04-28,sourced,
people.npp.lpp.deaths,2031,UK,695.366,persons_k,projection,ons_npp,NPP-2024based-2026-04-28,sourced,
people.npp.lpp.deaths,2032,UK,703.399,persons_k,projection,ons_npp,NPP-2024based-2026-04-28,sourced,
people.npp.lpp.deaths,2033,UK,711.722,persons_k,projection,ons_npp,NPP-2024based-2026-04-28,sourced,
people.npp.lpp.deaths,2034,UK,720.211,persons_k,projection,ons_npp,NPP-2024based-2026-04-28,sourced,
people.npp.lpp.deaths,2035,UK,728.721,persons_k,projection,ons_npp,NPP-2024based-2026-04-28,sourced,
people.npp.lpp.deaths,2036,UK,737.136,persons_k,projection,ons_npp,NPP-2024based-2026-04-28,sourced,
people.npp.lpp.deaths,2037,UK,745.336,persons_k,projection,ons_npp,NPP-2024based-2026-04-28,sourced,
people.npp.lpp.deaths,2038,UK,753.238,persons_k,projection,ons_npp,NPP-2024based-2026-04-28,sourced,
people.npp.lpp.deaths,2039,UK,760.724,persons_k,projection,ons_npp,NPP-2024based-2026-04-28,sourced,
people.npp.lpp.deaths,2040,UK,767.699,persons_k,projection,ons_npp,NPP-2024based-2026-04-28,sourced,
people.npp.lpp.deaths,2041,UK,774.126,persons_k,projection,ons_npp,NPP-2024based-2026-04-28,sourced,
people.npp.lpp.deaths,2042,UK,780.03,persons_k,projection,ons_npp,NPP-2024based-2026-04-28,sourced,
people.npp.lpp.deaths,2043,UK,785.512,persons_k,projection,ons_npp,NPP-2024based-2026-04-28,sourced,
people.npp.lpp.deaths,2044,UK,790.605,persons_k,projection,ons_npp,NPP-2024based-2026-04-28,sourced,
people.npp.lpp.deaths,2045,UK,795.452,persons_k,projection,ons_npp,NPP-2024based-2026-04-28,sourced,
people.npp.lpp.deaths,2046,UK,800.147,persons_k,projection,ons_npp,NPP-2024based-2026-04-28,sourced,
people.npp.lpp.deaths,2047,UK,804.811,persons_k,projection,ons_npp,NPP-2024based-2026-04-28,sourced,
people.npp.lpp.deaths,2048,UK,809.579,persons_k,projection,ons_npp,NPP-2024based-2026-04-28,sourced,
people.npp.lpp.deaths,2049,UK,814.45,persons_k,projection,ons_npp,NPP-2024based-2026-04-28,sourced,
people.npp.lpp.deaths,2050,UK,819.427,persons_k,projection,ons_npp,NPP-2024based-2026-04-28,sourced,
people.npp.lpp.deaths,2051,UK,824.438,persons_k,projection,ons_npp,NPP-2024based-2026-04-28,sourced,
people.npp.lpp.deaths,2052,UK,829.418,persons_k,projection,ons_npp,NPP-2024based-2026-04-28,sourced,
people.npp.lpp.deaths,2053,UK,834.217,persons_k,projection,ons_npp,NPP-2024based-2026-04-28,sourced,
people.npp.lpp.deaths,2054,UK,838.721,persons_k,projection,ons_npp,NPP-2024based-2026-04-28,sourced,
people.npp.lpp.deaths,2055,UK,842.835,persons_k,projection,ons_npp,NPP-2024based-2026-04-28,sourced,
people.npp.lpp.deaths,2056,UK,846.383,persons_k,projection,ons_npp,NPP-2024based-2026-04-28,sourced,
people.npp.lpp.deaths,2057,UK,849.339,persons_k,projection,ons_npp,NPP-2024based-2026-04-28,sourced,
people.npp.lpp.deaths,2058,UK,851.572,persons_k,projection,ons_npp,NPP-2024based-2026-04-28,sourced,
people.npp.lpp.deaths,2059,UK,853.126,persons_k,projection,ons_npp,NPP-2024based-2026-04-28,sourced,
people.npp.lpp.deaths,2060,UK,854.028,persons_k,projection,ons_npp,NPP-2024based-2026-04-28,sourced,
people.npp.lpp.deaths,2061,UK,854.335,persons_k,projection,ons_npp,NPP-2024based-2026-04-28,sourced,
people.npp.lpp.deaths,2062,UK,854.184,persons_k,projection,ons_npp,NPP-2024based-2026-04-28,sourced,
people.npp.lpp.deaths,2063,UK,853.673,persons_k,projection,ons_npp,NPP-2024based-2026-04-28,sourced,
people.npp.lpp.deaths,2064,UK,852.96,persons_k,projection,ons_npp,NPP-2024based-2026-04-28,sourced,
people.npp.lpp.deaths,2065,UK,852.144,persons_k,projection,ons_npp,NPP-2024based-2026-04-28,sourced,
people.npp.lpp.deaths,2066,UK,851.447,persons_k,projection,ons_npp,NPP-2024based-2026-04-28,sourced,
people.npp.lpp.deaths,2067,UK,850.96,persons_k,projection,ons_npp,NPP-2024based-2026-04-28,sourced,
people.npp.lpp.deaths,2068,UK,850.875,persons_k,projection,ons_npp,NPP-2024based-2026-04-28,sourced,
people.npp.lpp.deaths,2069,UK,851.275,persons_k,projection,ons_npp,NPP-2024based-2026-04-28,sourced,
people.npp.lpp.deaths,2070,UK,852.289,persons_k,projection,ons_npp,NPP-2024based-2026-04-28,sourced,
people.npp.lpp.deaths,2071,UK,854.043,persons_k,projection,ons_npp,NPP-2024based-2026-04-28,sourced,
people.npp.lpp.deaths,2072,UK,856.488,persons_k,projection,ons_npp,NPP-2024based-2026-04-28,sourced,
people.npp.lpp.deaths,2073,UK,859.618,persons_k,projection,ons_npp,NPP-2024based-2026-04-28,sourced,
people.npp.lpp.deaths,2074,UK,863.29,persons_k,projection,ons_npp,NPP-2024based-2026-04-28,sourced,
people.npp.lpp.deaths,2075,UK,867.437,persons_k,projection,ons_npp,NPP-2024based-2026-04-28,sourced,
people.npp.lpp.life_expectancy_female,2025,UK,83.631736,years,projection,ons_npp,NPP-2024based-2026-04-28,sourced,
people.npp.lpp.life_expectancy_female,2026,UK,83.481283,years,projection,ons_npp,NPP-2024based-2026-04-28,sourced,
people.npp.lpp.life_expectancy_female,2027,UK,83.612258,years,projection,ons_npp,NPP-2024based-2026-04-28,sourced,
people.npp.lpp.life_expectancy_female,2028,UK,83.737653,years,projection,ons_npp,NPP-2024based-2026-04-28,sourced,
people.npp.lpp.life_expectancy_female,2029,UK,83.858484,years,projection,ons_npp,NPP-2024based-2026-04-28,sourced,
people.npp.lpp.life_expectancy_female,2030,UK,83.976495,years,projection,ons_npp,NPP-2024based-2026-04-28,sourced,
people.npp.lpp.life_expectancy_female,2031,UK,84.093232,years,projection,ons_npp,NPP-2024based-2026-04-28,sourced,
people.npp.lpp.life_expectancy_female,2032,UK,84.204864,years,projection,ons_npp,NPP-2024based-2026-04-28,sourced,
people.npp.lpp.life_expectancy_female,2033,UK,84.314339,years,projection,ons_npp,NPP-2024based-2026-04-28,sourced,
people.npp.lpp.life_expectancy_female,2034,UK,84.422704,years,projection,ons_npp,NPP-2024based-2026-04-28,sourced,
people.npp.lpp.life_expectancy_female,2035,UK,84.52861,years,projection,ons_npp,NPP-2024based-2026-04-28,sourced,
people.npp.lpp.life_expectancy_female,2036,UK,84.633344,years,projection,ons_npp,NPP-2024based-2026-04-28,sourced,
people.npp.lpp.life_expectancy_female,2037,UK,84.734573,years,projection,ons_npp,NPP-2024based-2026-04-28,sourced,
people.npp.lpp.life_expectancy_female,2038,UK,84.837122,years,projection,ons_npp,NPP-2024based-2026-04-28,sourced,
people.npp.lpp.life_expectancy_female,2039,UK,84.936887,years,projection,ons_npp,NPP-2024based-2026-04-28,sourced,
people.npp.lpp.life_expectancy_female,2040,UK,85.036535,years,projection,ons_npp,NPP-2024based-2026-04-28,sourced,
people.npp.lpp.life_expectancy_female,2041,UK,85.134515,years,projection,ons_npp,NPP-2024based-2026-04-28,sourced,
people.npp.lpp.life_expectancy_female,2042,UK,85.234141,years,projection,ons_npp,NPP-2024based-2026-04-28,sourced,
people.npp.lpp.life_expectancy_female,2043,UK,85.332142,years,projection,ons_npp,NPP-2024based-2026-04-28,sourced,
people.npp.lpp.life_expectancy_female,2044,UK,85.430686,years,projection,ons_npp,NPP-2024based-2026-04-28,sourced,
people.npp.lpp.life_expectancy_female,2045,UK,85.527564,years,projection,ons_npp,NPP-2024based-2026-04-28,sourced,
people.npp.lpp.life_expectancy_female,2046,UK,85.625247,years,projection,ons_npp,NPP-2024based-2026-04-28,sourced,
people.npp.lpp.life_expectancy_female,2047,UK,85.721891,years,projection,ons_npp,NPP-2024based-2026-04-28,sourced,
people.npp.lpp.life_expectancy_female,2048,UK,85.817611,years,projection,ons_npp,NPP-2024based-2026-04-28,sourced,
people.npp.lpp.life_expectancy_female,2049,UK,85.914143,years,projection,ons_npp,NPP-2024based-2026-04-28,sourced,
people.npp.lpp.life_expectancy_female,2050,UK,86.008471,years,projection,ons_npp,NPP-2024based-2026-04-28,sourced,
people.npp.lpp.life_expectancy_female,2051,UK,86.105355,years,projection,ons_npp,NPP-2024based-2026-04-28,sourced,
people.npp.lpp.life_expectancy_female,2052,UK,86.201686,years,projection,ons_npp,NPP-2024based-2026-04-28,sourced,
people.npp.lpp.life_expectancy_female,2053,UK,86.296206,years,projection,ons_npp,NPP-2024based-2026-04-28,sourced,
people.npp.lpp.life_expectancy_female,2054,UK,86.391897,years,projection,ons_npp,NPP-2024based-2026-04-28,sourced,
people.npp.lpp.life_expectancy_female,2055,UK,86.485608,years,projection,ons_npp,NPP-2024based-2026-04-28,sourced,
people.npp.lpp.life_expectancy_female,2056,UK,86.579998,years,projection,ons_npp,NPP-2024based-2026-04-28,sourced,
people.npp.lpp.life_expectancy_female,2057,UK,86.673591,years,projection,ons_npp,NPP-2024based-2026-04-28,sourced,
people.npp.lpp.life_expectancy_female,2058,UK,86.768662,years,projection,ons_npp,NPP-2024based-2026-04-28,sourced,
people.npp.lpp.life_expectancy_female,2059,UK,86.861965,years,projection,ons_npp,NPP-2024based-2026-04-28,sourced,
people.npp.lpp.life_expectancy_female,2060,UK,86.95603,years,projection,ons_npp,NPP-2024based-2026-04-28,sourced,
people.npp.lpp.life_expectancy_female,2061,UK,87.048228,years,projection,ons_npp,NPP-2024based-2026-04-28,sourced,
people.npp.lpp.life_expectancy_female,2062,UK,87.142086,years,projection,ons_npp,NPP-2024based-2026-04-28,sourced,
people.npp.lpp.life_expectancy_female,2063,UK,87.233389,years,projection,ons_npp,NPP-2024based-2026-04-28,sourced,
people.npp.lpp.life_expectancy_female,2064,UK,87.324916,years,projection,ons_npp,NPP-2024based-2026-04-28,sourced,
people.npp.lpp.life_expectancy_female,2065,UK,87.417307,years,projection,ons_npp,NPP-2024based-2026-04-28,sourced,
people.npp.lpp.life_expectancy_female,2066,UK,87.508424,years,projection,ons_npp,NPP-2024based-2026-04-28,sourced,
people.npp.lpp.life_expectancy_female,2067,UK,87.601348,years,projection,ons_npp,NPP-2024based-2026-04-28,sourced,
people.npp.lpp.life_expectancy_female,2068,UK,87.69095,years,projection,ons_npp,NPP-2024based-2026-04-28,sourced,
people.npp.lpp.life_expectancy_female,2069,UK,87.781968,years,projection,ons_npp,NPP-2024based-2026-04-28,sourced,
people.npp.lpp.life_expectancy_female,2070,UK,87.872561,years,projection,ons_npp,NPP-2024based-2026-04-28,sourced,
people.npp.lpp.life_expectancy_female,2071,UK,87.961627,years,projection,ons_npp,NPP-2024based-2026-04-28,sourced,
people.npp.lpp.life_expectancy_female,2072,UK,88.051779,years,projection,ons_npp,NPP-2024based-2026-04-28,sourced,
people.npp.lpp.life_expectancy_female,2073,UK,88.141012,years,projection,ons_npp,NPP-2024based-2026-04-28,sourced,
people.npp.lpp.life_expectancy_female,2074,UK,88.231857,years,projection,ons_npp,NPP-2024based-2026-04-28,sourced,
people.npp.lpp.life_expectancy_female,2075,UK,88.320309,years,projection,ons_npp,NPP-2024based-2026-04-28,sourced,
people.npp.lpp.life_expectancy_male,2025,UK,79.85397,years,projection,ons_npp,NPP-2024based-2026-04-28,sourced,
people.npp.lpp.life_expectancy_male,2026,UK,79.644009,years,projection,ons_npp,NPP-2024based-2026-04-28,sourced,
people.npp.lpp.life_expectancy_male,2027,UK,79.785407,years,projection,ons_npp,NPP-2024based-2026-04-28,sourced,
people.npp.lpp.life_expectancy_male,2028,UK,79.922041,years,projection,ons_npp,NPP-2024based-2026-04-28,sourced,
people.npp.lpp.life_expectancy_male,2029,UK,80.054505,years,projection,ons_npp,NPP-2024based-2026-04-28,sourced,
people.npp.lpp.life_expectancy_male,2030,UK,80.184413,years,projection,ons_npp,NPP-2024based-2026-04-28,sourced,
people.npp.lpp.life_expectancy_male,2031,UK,80.312045,years,projection,ons_npp,NPP-2024based-2026-04-28,sourced,
people.npp.lpp.life_expectancy_male,2032,UK,80.436059,years,projection,ons_npp,NPP-2024based-2026-04-28,sourced,
people.npp.lpp.life_expectancy_male,2033,UK,80.557859,years,projection,ons_npp,NPP-2024based-2026-04-28,sourced,
people.npp.lpp.life_expectancy_male,2034,UK,80.678267,years,projection,ons_npp,NPP-2024based-2026-04-28,sourced,
people.npp.lpp.life_expectancy_male,2035,UK,80.796386,years,projection,ons_npp,NPP-2024based-2026-04-28,sourced,
people.npp.lpp.life_expectancy_male,2036,UK,80.913126,years,projection,ons_npp,NPP-2024based-2026-04-28,sourced,
people.npp.lpp.life_expectancy_male,2037,UK,81.029162,years,projection,ons_npp,NPP-2024based-2026-04-28,sourced,
people.npp.lpp.life_expectancy_male,2038,UK,81.142986,years,projection,ons_npp,NPP-2024based-2026-04-28,sourced,
people.npp.lpp.life_expectancy_male,2039,UK,81.257699,years,projection,ons_npp,NPP-2024based-2026-04-28,sourced,
people.npp.lpp.life_expectancy_male,2040,UK,81.370336,years,projection,ons_npp,NPP-2024based-2026-04-28,sourced,
people.npp.lpp.life_expectancy_male,2041,UK,81.482393,years,projection,ons_npp,NPP-2024based-2026-04-28,sourced,
people.npp.lpp.life_expectancy_male,2042,UK,81.594945,years,projection,ons_npp,NPP-2024based-2026-04-28,sourced,
people.npp.lpp.life_expectancy_male,2043,UK,81.70552,years,projection,ons_npp,NPP-2024based-2026-04-28,sourced,
people.npp.lpp.life_expectancy_male,2044,UK,81.815666,years,projection,ons_npp,NPP-2024based-2026-04-28,sourced,
people.npp.lpp.life_expectancy_male,2045,UK,81.925649,years,projection,ons_npp,NPP-2024based-2026-04-28,sourced,
people.npp.lpp.life_expectancy_male,2046,UK,82.036162,years,projection,ons_npp,NPP-2024based-2026-04-28,sourced,
people.npp.lpp.life_expectancy_male,2047,UK,82.144383,years,projection,ons_npp,NPP-2024based-2026-04-28,sourced,
people.npp.lpp.life_expectancy_male,2048,UK,82.252619,years,projection,ons_npp,NPP-2024based-2026-04-28,sourced,
people.npp.lpp.life_expectancy_male,2049,UK,82.361317,years,projection,ons_npp,NPP-2024based-2026-04-28,sourced,
people.npp.lpp.life_expectancy_male,2050,UK,82.469972,years,projection,ons_npp,NPP-2024based-2026-04-28,sourced,
people.npp.lpp.life_expectancy_male,2051,UK,82.577475,years,projection,ons_npp,NPP-2024based-2026-04-28,sourced,
people.npp.lpp.life_expectancy_male,2052,UK,82.683928,years,projection,ons_npp,NPP-2024based-2026-04-28,sourced,
people.npp.lpp.life_expectancy_male,2053,UK,82.792273,years,projection,ons_npp,NPP-2024based-2026-04-28,sourced,
people.npp.lpp.life_expectancy_male,2054,UK,82.899008,years,projection,ons_npp,NPP-2024based-2026-04-28,sourced,
people.npp.lpp.life_expectancy_male,2055,UK,83.004963,years,projection,ons_npp,NPP-2024based-2026-04-28,sourced,
people.npp.lpp.life_expectancy_male,2056,UK,83.112058,years,projection,ons_npp,NPP-2024based-2026-04-28,sourced,
people.npp.lpp.life_expectancy_male,2057,UK,83.217048,years,projection,ons_npp,NPP-2024based-2026-04-28,sourced,
people.npp.lpp.life_expectancy_male,2058,UK,83.322231,years,projection,ons_npp,NPP-2024based-2026-04-28,sourced,
people.npp.lpp.life_expectancy_male,2059,UK,83.428241,years,projection,ons_npp,NPP-2024based-2026-04-28,sourced,
people.npp.lpp.life_expectancy_male,2060,UK,83.534978,years,projection,ons_npp,NPP-2024based-2026-04-28,sourced,
people.npp.lpp.life_expectancy_male,2061,UK,83.639092,years,projection,ons_npp,NPP-2024based-2026-04-28,sourced,
people.npp.lpp.life_expectancy_male,2062,UK,83.743292,years,projection,ons_npp,NPP-2024based-2026-04-28,sourced,
people.npp.lpp.life_expectancy_male,2063,UK,83.847236,years,projection,ons_npp,NPP-2024based-2026-04-28,sourced,
people.npp.lpp.life_expectancy_male,2064,UK,83.951842,years,projection,ons_npp,NPP-2024based-2026-04-28,sourced,
people.npp.lpp.life_expectancy_male,2065,UK,84.055663,years,projection,ons_npp,NPP-2024based-2026-04-28,sourced,
people.npp.lpp.life_expectancy_male,2066,UK,84.160244,years,projection,ons_npp,NPP-2024based-2026-04-28,sourced,
people.npp.lpp.life_expectancy_male,2067,UK,84.263773,years,projection,ons_npp,NPP-2024based-2026-04-28,sourced,
people.npp.lpp.life_expectancy_male,2068,UK,84.368224,years,projection,ons_npp,NPP-2024based-2026-04-28,sourced,
people.npp.lpp.life_expectancy_male,2069,UK,84.469254,years,projection,ons_npp,NPP-2024based-2026-04-28,sourced,
people.npp.lpp.life_expectancy_male,2070,UK,84.573054,years,projection,ons_npp,NPP-2024based-2026-04-28,sourced,
people.npp.lpp.life_expectancy_male,2071,UK,84.675078,years,projection,ons_npp,NPP-2024based-2026-04-28,sourced,
people.npp.lpp.life_expectancy_male,2072,UK,84.776814,years,projection,ons_npp,NPP-2024based-2026-04-28,sourced,
people.npp.lpp.life_expectancy_male,2073,UK,84.877981,years,projection,ons_npp,NPP-2024based-2026-04-28,sourced,
people.npp.lpp.life_expectancy_male,2074,UK,84.979388,years,projection,ons_npp,NPP-2024based-2026-04-28,sourced,
people.npp.lpp.life_expectancy_male,2075,UK,85.080244,years,projection,ons_npp,NPP-2024based-2026-04-28,sourced,
people.npp.lpp.net_migration,2025,UK,204.0,persons_k,projection,ons_npp,NPP-2024based-2026-04-28,sourced,
people.npp.lpp.net_migration,2026,UK,138.0,persons_k,projection,ons_npp,NPP-2024based-2026-04-28,sourced,
people.npp.lpp.net_migration,2027,UK,230.0,persons_k,projection,ons_npp,NPP-2024based-2026-04-28,sourced,
people.npp.lpp.net_migration,2028,UK,230.0,persons_k,projection,ons_npp,NPP-2024based-2026-04-28,sourced,
people.npp.lpp.net_migration,2029,UK,230.0,persons_k,projection,ons_npp,NPP-2024based-2026-04-28,sourced,
people.npp.lpp.net_migration,2030,UK,230.0,persons_k,projection,ons_npp,NPP-2024based-2026-04-28,sourced,
people.npp.lpp.net_migration,2031,UK,230.0,persons_k,projection,ons_npp,NPP-2024based-2026-04-28,sourced,
people.npp.lpp.net_migration,2032,UK,230.0,persons_k,projection,ons_npp,NPP-2024based-2026-04-28,sourced,
people.npp.lpp.net_migration,2033,UK,230.0,persons_k,projection,ons_npp,NPP-2024based-2026-04-28,sourced,
people.npp.lpp.net_migration,2034,UK,230.0,persons_k,projection,ons_npp,NPP-2024based-2026-04-28,sourced,
people.npp.lpp.net_migration,2035,UK,230.0,persons_k,projection,ons_npp,NPP-2024based-2026-04-28,sourced,
people.npp.lpp.net_migration,2036,UK,230.0,persons_k,projection,ons_npp,NPP-2024based-2026-04-28,sourced,
people.npp.lpp.net_migration,2037,UK,230.0,persons_k,projection,ons_npp,NPP-2024based-2026-04-28,sourced,
people.npp.lpp.net_migration,2038,UK,230.0,persons_k,projection,ons_npp,NPP-2024based-2026-04-28,sourced,
people.npp.lpp.net_migration,2039,UK,230.0,persons_k,projection,ons_npp,NPP-2024based-2026-04-28,sourced,
people.npp.lpp.net_migration,2040,UK,230.0,persons_k,projection,ons_npp,NPP-2024based-2026-04-28,sourced,
people.npp.lpp.net_migration,2041,UK,230.0,persons_k,projection,ons_npp,NPP-2024based-2026-04-28,sourced,
people.npp.lpp.net_migration,2042,UK,230.0,persons_k,projection,ons_npp,NPP-2024based-2026-04-28,sourced,
people.npp.lpp.net_migration,2043,UK,230.0,persons_k,projection,ons_npp,NPP-2024based-2026-04-28,sourced,
people.npp.lpp.net_migration,2044,UK,230.0,persons_k,projection,ons_npp,NPP-2024based-2026-04-28,sourced,
people.npp.lpp.net_migration,2045,UK,230.0,persons_k,projection,ons_npp,NPP-2024based-2026-04-28,sourced,
people.npp.lpp.net_migration,2046,UK,230.0,persons_k,projection,ons_npp,NPP-2024based-2026-04-28,sourced,
people.npp.lpp.net_migration,2047,UK,230.0,persons_k,projection,ons_npp,NPP-2024based-2026-04-28,sourced,
people.npp.lpp.net_migration,2048,UK,230.0,persons_k,projection,ons_npp,NPP-2024based-2026-04-28,sourced,
people.npp.lpp.net_migration,2049,UK,230.0,persons_k,projection,ons_npp,NPP-2024based-2026-04-28,sourced,
people.npp.lpp.net_migration,2050,UK,230.0,persons_k,projection,ons_npp,NPP-2024based-2026-04-28,sourced,
people.npp.lpp.net_migration,2051,UK,230.0,persons_k,projection,ons_npp,NPP-2024based-2026-04-28,sourced,
people.npp.lpp.net_migration,2052,UK,230.0,persons_k,projection,ons_npp,NPP-2024based-2026-04-28,sourced,
people.npp.lpp.net_migration,2053,UK,230.0,persons_k,projection,ons_npp,NPP-2024based-2026-04-28,sourced,
people.npp.lpp.net_migration,2054,UK,230.0,persons_k,projection,ons_npp,NPP-2024based-2026-04-28,sourced,
people.npp.lpp.net_migration,2055,UK,230.0,persons_k,projection,ons_npp,NPP-2024based-2026-04-28,sourced,
people.npp.lpp.net_migration,2056,UK,230.0,persons_k,projection,ons_npp,NPP-2024based-2026-04-28,sourced,
people.npp.lpp.net_migration,2057,UK,230.0,persons_k,projection,ons_npp,NPP-2024based-2026-04-28,sourced,
people.npp.lpp.net_migration,2058,UK,230.0,persons_k,projection,ons_npp,NPP-2024based-2026-04-28,sourced,
people.npp.lpp.net_migration,2059,UK,230.0,persons_k,projection,ons_npp,NPP-2024based-2026-04-28,sourced,
people.npp.lpp.net_migration,2060,UK,230.0,persons_k,projection,ons_npp,NPP-2024based-2026-04-28,sourced,
people.npp.lpp.net_migration,2061,UK,230.0,persons_k,projection,ons_npp,NPP-2024based-2026-04-28,sourced,
people.npp.lpp.net_migration,2062,UK,230.0,persons_k,projection,ons_npp,NPP-2024based-2026-04-28,sourced,
people.npp.lpp.net_migration,2063,UK,230.0,persons_k,projection,ons_npp,NPP-2024based-2026-04-28,sourced,
people.npp.lpp.net_migration,2064,UK,230.0,persons_k,projection,ons_npp,NPP-2024based-2026-04-28,sourced,
people.npp.lpp.net_migration,2065,UK,230.0,persons_k,projection,ons_npp,NPP-2024based-2026-04-28,sourced,
people.npp.lpp.net_migration,2066,UK,230.0,persons_k,projection,ons_npp,NPP-2024based-2026-04-28,sourced,
people.npp.lpp.net_migration,2067,UK,230.0,persons_k,projection,ons_npp,NPP-2024based-2026-04-28,sourced,
people.npp.lpp.net_migration,2068,UK,230.0,persons_k,projection,ons_npp,NPP-2024based-2026-04-28,sourced,
people.npp.lpp.net_migration,2069,UK,230.0,persons_k,projection,ons_npp,NPP-2024based-2026-04-28,sourced,
people.npp.lpp.net_migration,2070,UK,230.0,persons_k,projection,ons_npp,NPP-2024based-2026-04-28,sourced,
people.npp.lpp.net_migration,2071,UK,230.0,persons_k,projection,ons_npp,NPP-2024based-2026-04-28,sourced,
people.npp.lpp.net_migration,2072,UK,230.0,persons_k,projection,ons_npp,NPP-2024based-2026-04-28,sourced,
people.npp.lpp.net_migration,2073,UK,230.0,persons_k,projection,ons_npp,NPP-2024based-2026-04-28,sourced,
people.npp.lpp.net_migration,2074,UK,230.0,persons_k,projection,ons_npp,NPP-2024based-2026-04-28,sourced,
people.npp.lpp.net_migration,2075,UK,230.0,persons_k,projection,ons_npp,NPP-2024based-2026-04-28,sourced,
people.npp.lpp.oadr,2024,UK,279.682164,per_1000,outturn,ons_npp,NPP-2024based-2026-04-28,sourced,"Base year of the 2024-based projections: ONS mid-2024 population estimate. ONS: Children under 16, working age, and pensionable age populations are based on State Pension Age (SPA) for a given year. Women's SPA increased to 65 between April 2016 and November 2018. From December 2018, the SPA for both sexes increased to 66 by October 2020 (Pensions Act 2011). Between 2026 and 2028, the SPA will increase from 66 to 67 years for both sexes (Pensions Act 2014), and will increase to 68 between 2044 and 2046 (Pensions Act 2007)."
people.npp.lpp.oadr,2025,UK,284.391322,per_1000,projection,ons_npp,NPP-2024based-2026-04-28,sourced,
people.npp.lpp.oadr,2026,UK,285.726528,per_1000,projection,ons_npp,NPP-2024based-2026-04-28,sourced,
people.npp.lpp.oadr,2027,UK,279.029721,per_1000,projection,ons_npp,NPP-2024based-2026-04-28,sourced,
people.npp.lpp.oadr,2028,UK,275.748224,per_1000,projection,ons_npp,NPP-2024based-2026-04-28,sourced,
people.npp.lpp.oadr,2029,UK,281.112771,per_1000,projection,ons_npp,NPP-2024based-2026-04-28,sourced,
people.npp.lpp.oadr,2030,UK,286.871695,per_1000,projection,ons_npp,NPP-2024based-2026-04-28,sourced,
people.npp.lpp.oadr,2031,UK,292.873067,per_1000,projection,ons_npp,NPP-2024based-2026-04-28,sourced,
people.npp.lpp.oadr,2032,UK,298.822586,per_1000,projection,ons_npp,NPP-2024based-2026-04-28,sourced,
people.npp.lpp.oadr,2033,UK,304.448166,per_1000,projection,ons_npp,NPP-2024based-2026-04-28,sourced,
people.npp.lpp.oadr,2034,UK,309.964725,per_1000,projection,ons_npp,NPP-2024based-2026-04-28,sourced,
people.npp.lpp.oadr,2035,UK,315.082183,per_1000,projection,ons_npp,NPP-2024based-2026-04-28,sourced,
people.npp.lpp.oadr,2036,UK,320.040104,per_1000,projection,ons_npp,NPP-2024based-2026-04-28,sourced,
people.npp.lpp.oadr,2037,UK,324.33225,per_1000,projection,ons_npp,NPP-2024based-2026-04-28,sourced,
people.npp.lpp.oadr,2038,UK,328.916122,per_1000,projection,ons_npp,NPP-2024based-2026-04-28,sourced,
people.npp.lpp.oadr,2039,UK,332.636842,per_1000,projection,ons_npp,NPP-2024based-2026-04-28,sourced,
people.npp.lpp.oadr,2040,UK,335.424194,per_1000,projection,ons_npp,NPP-2024based-2026-04-28,sourced,
people.npp.lpp.oadr,2041,UK,337.310827,per_1000,projection,ons_npp,NPP-2024based-2026-04-28,sourced,
people.npp.lpp.oadr,2042,UK,338.887234,per_1000,projection,ons_npp,NPP-2024based-2026-04-28,sourced,
people.npp.lpp.oadr,2043,UK,340.062868,per_1000,projection,ons_npp,NPP-2024based-2026-04-28,sourced,
people.npp.lpp.oadr,2044,UK,337.556113,per_1000,projection,ons_npp,NPP-2024based-2026-04-28,sourced,
people.npp.lpp.oadr,2045,UK,328.04952,per_1000,projection,ons_npp,NPP-2024based-2026-04-28,sourced,
people.npp.lpp.oadr,2046,UK,321.77505,per_1000,projection,ons_npp,NPP-2024based-2026-04-28,sourced,
people.npp.lpp.oadr,2047,UK,324.497069,per_1000,projection,ons_npp,NPP-2024based-2026-04-28,sourced,
people.npp.lpp.oadr,2048,UK,328.191564,per_1000,projection,ons_npp,NPP-2024based-2026-04-28,sourced,
people.npp.lpp.oadr,2049,UK,331.872403,per_1000,projection,ons_npp,NPP-2024based-2026-04-28,sourced,
people.npp.lpp.oadr,2050,UK,335.36729,per_1000,projection,ons_npp,NPP-2024based-2026-04-28,sourced,
people.npp.lpp.oadr,2051,UK,339.042603,per_1000,projection,ons_npp,NPP-2024based-2026-04-28,sourced,
people.npp.lpp.oadr,2052,UK,342.722662,per_1000,projection,ons_npp,NPP-2024based-2026-04-28,sourced,
people.npp.lpp.oadr,2053,UK,347.185537,per_1000,projection,ons_npp,NPP-2024based-2026-04-28,sourced,
people.npp.lpp.oadr,2054,UK,351.811309,per_1000,projection,ons_npp,NPP-2024based-2026-04-28,sourced,
people.npp.lpp.oadr,2055,UK,356.642264,per_1000,projection,ons_npp,NPP-2024based-2026-04-28,sourced,
people.npp.lpp.oadr,2056,UK,362.118911,per_1000,projection,ons_npp,NPP-2024based-2026-04-28,sourced,
people.npp.lpp.oadr,2057,UK,367.411737,per_1000,projection,ons_npp,NPP-2024based-2026-04-28,sourced,
people.npp.lpp.oadr,2058,UK,373.019841,per_1000,projection,ons_npp,NPP-2024based-2026-04-28,sourced,
people.npp.lpp.oadr,2059,UK,378.84789,per_1000,projection,ons_npp,NPP-2024based-2026-04-28,sourced,
people.npp.lpp.oadr,2060,UK,384.507451,per_1000,projection,ons_npp,NPP-2024based-2026-04-28,sourced,
people.npp.lpp.oadr,2061,UK,389.709239,per_1000,projection,ons_npp,NPP-2024based-2026-04-28,sourced,
people.npp.lpp.oadr,2062,UK,395.127278,per_1000,projection,ons_npp,NPP-2024based-2026-04-28,sourced,
people.npp.lpp.oadr,2063,UK,400.187865,per_1000,projection,ons_npp,NPP-2024based-2026-04-28,sourced,
people.npp.lpp.oadr,2064,UK,405.241867,per_1000,projection,ons_npp,NPP-2024based-2026-04-28,sourced,
people.npp.lpp.oadr,2065,UK,411.019735,per_1000,projection,ons_npp,NPP-2024based-2026-04-28,sourced,
people.npp.lpp.oadr,2066,UK,416.545008,per_1000,projection,ons_npp,NPP-2024based-2026-04-28,sourced,
people.npp.lpp.oadr,2067,UK,421.830824,per_1000,projection,ons_npp,NPP-2024based-2026-04-28,sourced,
people.npp.lpp.oadr,2068,UK,426.230085,per_1000,projection,ons_npp,NPP-2024based-2026-04-28,sourced,
people.npp.lpp.oadr,2069,UK,430.090345,per_1000,projection,ons_npp,NPP-2024based-2026-04-28,sourced,
people.npp.lpp.oadr,2070,UK,433.95745,per_1000,projection,ons_npp,NPP-2024based-2026-04-28,sourced,
people.npp.lpp.oadr,2071,UK,438.152846,per_1000,projection,ons_npp,NPP-2024based-2026-04-28,sourced,
people.npp.lpp.oadr,2072,UK,442.976553,per_1000,projection,ons_npp,NPP-2024based-2026-04-28,sourced,
people.npp.lpp.oadr,2073,UK,448.360046,per_1000,projection,ons_npp,NPP-2024based-2026-04-28,sourced,
people.npp.lpp.oadr,2074,UK,453.828618,per_1000,projection,ons_npp,NPP-2024based-2026-04-28,sourced,
people.npp.lpp.oadr,2075,UK,459.870517,per_1000,projection,ons_npp,NPP-2024based-2026-04-28,sourced,
people.npp.lpp.pension_age,2024,UK,12388.913,persons_k,outturn,ons_npp,NPP-2024based-2026-04-28,sourced,"Base year of the 2024-based projections: ONS mid-2024 population estimate. ONS: Children under 16, working age, and pensionable age populations are based on State Pension Age (SPA) for a given year. Women's SPA increased to 65 between April 2016 and November 2018. From December 2018, the SPA for both sexes increased to 66 by October 2020 (Pensions Act 2011). Between 2026 and 2028, the SPA will increase from 66 to 67 years for both sexes (Pensions Act 2014), and will increase to 68 between 2044 and 2046 (Pensions Act 2007)."
people.npp.lpp.pension_age,2025,UK,12633.51,persons_k,projection,ons_npp,NPP-2024based-2026-04-28,sourced,
people.npp.lpp.pension_age,2026,UK,12745.027612,persons_k,projection,ons_npp,NPP-2024based-2026-04-28,sourced,
people.npp.lpp.pension_age,2027,UK,12595.174375,persons_k,projection,ons_npp,NPP-2024based-2026-04-28,sourced,
people.npp.lpp.pension_age,2028,UK,12561.313,persons_k,projection,ons_npp,NPP-2024based-2026-04-28,sourced,
people.npp.lpp.pension_age,2029,UK,12830.257,persons_k,projection,ons_npp,NPP-2024based-2026-04-28,sourced,
people.npp.lpp.pension_age,2030,UK,13108.681,persons_k,projection,ons_npp,NPP-2024based-2026-04-28,sourced,
people.npp.lpp.pension_age,2031,UK,13394.21,persons_k,projection,ons_npp,NPP-2024based-2026-04-28,sourced,
people.npp.lpp.pension_age,2032,UK,13678.19,persons_k,projection,ons_npp,NPP-2024based-2026-04-28,sourced,
people.npp.lpp.pension_age,2033,UK,13944.555,persons_k,projection,ons_npp,NPP-2024based-2026-04-28,sourced,
people.npp.lpp.pension_age,2034,UK,14201.576,persons_k,projection,ons_npp,NPP-2024based-2026-04-28,sourced,
people.npp.lpp.pension_age,2035,UK,14440.995,persons_k,projection,ons_npp,NPP-2024based-2026-04-28,sourced,
people.npp.lpp.pension_age,2036,UK,14669.78,persons_k,projection,ons_npp,NPP-2024based-2026-04-28,sourced,
people.npp.lpp.pension_age,2037,UK,14867.462,persons_k,projection,ons_npp,NPP-2024based-2026-04-28,sourced,
people.npp.lpp.pension_age,2038,UK,15074.935,persons_k,projection,ons_npp,NPP-2024based-2026-04-28,sourced,
people.npp.lpp.pension_age,2039,UK,15241.47,persons_k,projection,ons_npp,NPP-2024based-2026-04-28,sourced,
people.npp.lpp.pension_age,2040,UK,15369.636,persons_k,projection,ons_npp,NPP-2024based-2026-04-28,sourced,
people.npp.lpp.pension_age,2041,UK,15461.031,persons_k,projection,ons_npp,NPP-2024based-2026-04-28,sourced,
people.npp.lpp.pension_age,2042,UK,15537.124,persons_k,projection,ons_npp,NPP-2024based-2026-04-28,sourced,
people.npp.lpp.pension_age,2043,UK,15594.536,persons_k,projection,ons_npp,NPP-2024based-2026-04-28,sourced,
people.npp.lpp.pension_age,2044,UK,15520.931014,persons_k,projection,ons_npp,NPP-2024based-2026-04-28,sourced,
people.npp.lpp.pension_age,2045,UK,15199.484455,persons_k,projection,ons_npp,NPP-2024based-2026-04-28,sourced,
people.npp.lpp.pension_age,2046,UK,14983.127,persons_k,projection,ons_npp,NPP-2024based-2026-04-28,sourced,
people.npp.lpp.pension_age,2047,UK,15078.783,persons_k,projection,ons_npp,NPP-2024based-2026-04-28,sourced,
people.npp.lpp.pension_age,2048,UK,15204.636,persons_k,projection,ons_npp,NPP-2024based-2026-04-28,sourced,
people.npp.lpp.pension_age,2049,UK,15325.917,persons_k,projection,ons_npp,NPP-2024based-2026-04-28,sourced,
people.npp.lpp.pension_age,2050,UK,15437.006,persons_k,projection,ons_npp,NPP-2024based-2026-04-28,sourced,
people.npp.lpp.pension_age,2051,UK,15551.219,persons_k,projection,ons_npp,NPP-2024based-2026-04-28,sourced,
people.npp.lpp.pension_age,2052,UK,15663.047,persons_k,projection,ons_npp,NPP-2024based-2026-04-28,sourced,
people.npp.lpp.pension_age,2053,UK,15799.174,persons_k,projection,ons_npp,NPP-2024based-2026-04-28,sourced,
people.npp.lpp.pension_age,2054,UK,15938.551,persons_k,projection,ons_npp,NPP-2024based-2026-04-28,sourced,
people.npp.lpp.pension_age,2055,UK,16082.713,persons_k,projection,ons_npp,NPP-2024based-2026-04-28,sourced,
people.npp.lpp.pension_age,2056,UK,16246.164,persons_k,projection,ons_npp,NPP-2024based-2026-04-28,sourced,
people.npp.lpp.pension_age,2057,UK,16401.365,persons_k,projection,ons_npp,NPP-2024based-2026-04-28,sourced,
people.npp.lpp.pension_age,2058,UK,16564.804,persons_k,projection,ons_npp,NPP-2024based-2026-04-28,sourced,
people.npp.lpp.pension_age,2059,UK,16733.326,persons_k,projection,ons_npp,NPP-2024based-2026-04-28,sourced,
people.npp.lpp.pension_age,2060,UK,16894.548,persons_k,projection,ons_npp,NPP-2024based-2026-04-28,sourced,
people.npp.lpp.pension_age,2061,UK,17039.471,persons_k,projection,ons_npp,NPP-2024based-2026-04-28,sourced,
people.npp.lpp.pension_age,2062,UK,17189.333,persons_k,projection,ons_npp,NPP-2024based-2026-04-28,sourced,
people.npp.lpp.pension_age,2063,UK,17326.146,persons_k,projection,ons_npp,NPP-2024based-2026-04-28,sourced,
people.npp.lpp.pension_age,2064,UK,17460.831,persons_k,projection,ons_npp,NPP-2024based-2026-04-28,sourced,
people.npp.lpp.pension_age,2065,UK,17615.409,persons_k,projection,ons_npp,NPP-2024based-2026-04-28,sourced,
people.npp.lpp.pension_age,2066,UK,17759.466,persons_k,projection,ons_npp,NPP-2024based-2026-04-28,sourced,
people.npp.lpp.pension_age,2067,UK,17893.133,persons_k,projection,ons_npp,NPP-2024based-2026-04-28,sourced,
people.npp.lpp.pension_age,2068,UK,17997.131,persons_k,projection,ons_npp,NPP-2024based-2026-04-28,sourced,
people.npp.lpp.pension_age,2069,UK,18081.94,persons_k,projection,ons_npp,NPP-2024based-2026-04-28,sourced,
people.npp.lpp.pension_age,2070,UK,18163.444,persons_k,projection,ons_npp,NPP-2024based-2026-04-28,sourced,
people.npp.lpp.pension_age,2071,UK,18250.6,persons_k,projection,ons_npp,NPP-2024based-2026-04-28,sourced,
people.npp.lpp.pension_age,2072,UK,18351.525,persons_k,projection,ons_npp,NPP-2024based-2026-04-28,sourced,
people.npp.lpp.pension_age,2073,UK,18463.551,persons_k,projection,ons_npp,NPP-2024based-2026-04-28,sourced,
people.npp.lpp.pension_age,2074,UK,18572.643,persons_k,projection,ons_npp,NPP-2024based-2026-04-28,sourced,
people.npp.lpp.pension_age,2075,UK,18692.161,persons_k,projection,ons_npp,NPP-2024based-2026-04-28,sourced,
people.npp.lpp.population,2024,UK,69281.437,persons_k,outturn,ons_npp,NPP-2024based-2026-04-28,sourced,Base year of the 2024-based projections: ONS mid-2024 population estimate.
people.npp.lpp.population,2025,UK,69502.339,persons_k,projection,ons_npp,NPP-2024based-2026-04-28,sourced,
people.npp.lpp.population,2026,UK,69613.191,persons_k,projection,ons_npp,NPP-2024based-2026-04-28,sourced,
people.npp.lpp.population,2027,UK,69797.674,persons_k,projection,ons_npp,NPP-2024based-2026-04-28,sourced,
people.npp.lpp.population,2028,UK,69963.126,persons_k,projection,ons_npp,NPP-2024based-2026-04-28,sourced,
people.npp.lpp.population,2029,UK,70109.461,persons_k,projection,ons_npp,NPP-2024based-2026-04-28,sourced,
people.npp.lpp.population,2030,UK,70237.044,persons_k,projection,ons_npp,NPP-2024based-2026-04-28,sourced,
people.npp.lpp.population,2031,UK,70346.805,persons_k,projection,ons_npp,NPP-2024based-2026-04-28,sourced,
people.npp.lpp.population,2032,UK,70439.627,persons_k,projection,ons_npp,NPP-2024based-2026-04-28,sourced,
people.npp.lpp.population,2033,UK,70515.602,persons_k,projection,ons_npp,NPP-2024based-2026-04-28,sourced,
people.npp.lpp.population,2034,UK,70576.256,persons_k,projection,ons_npp,NPP-2024based-2026-04-28,sourced,
people.npp.lpp.population,2035,UK,70624.396,persons_k,projection,ons_npp,NPP-2024based-2026-04-28,sourced,
people.npp.lpp.population,2036,UK,70662.596,persons_k,projection,ons_npp,NPP-2024based-2026-04-28,sourced,
people.npp.lpp.population,2037,UK,70692.559,persons_k,projection,ons_npp,NPP-2024based-2026-04-28,sourced,
people.npp.lpp.population,2038,UK,70715.597,persons_k,projection,ons_npp,NPP-2024based-2026-04-28,sourced,
people.npp.lpp.population,2039,UK,70732.759,persons_k,projection,ons_npp,NPP-2024based-2026-04-28,sourced,
people.npp.lpp.population,2040,UK,70744.625,persons_k,projection,ons_npp,NPP-2024based-2026-04-28,sourced,
people.npp.lpp.population,2041,UK,70751.526,persons_k,projection,ons_npp,NPP-2024based-2026-04-28,sourced,
people.npp.lpp.population,2042,UK,70753.905,persons_k,projection,ons_npp,NPP-2024based-2026-04-28,sourced,
people.npp.lpp.population,2043,UK,70752.116,persons_k,projection,ons_npp,NPP-2024based-2026-04-28,sourced,
people.npp.lpp.population,2044,UK,70746.343,persons_k,projection,ons_npp,NPP-2024based-2026-04-28,sourced,
people.npp.lpp.population,2045,UK,70735.954,persons_k,projection,ons_npp,NPP-2024based-2026-04-28,sourced,
people.npp.lpp.population,2046,UK,70720.01,persons_k,projection,ons_npp,NPP-2024based-2026-04-28,sourced,
people.npp.lpp.population,2047,UK,70697.867,persons_k,projection,ons_npp,NPP-2024based-2026-04-28,sourced,
people.npp.lpp.population,2048,UK,70668.784,persons_k,projection,ons_npp,NPP-2024based-2026-04-28,sourced,
people.npp.lpp.population,2049,UK,70631.902,persons_k,projection,ons_npp,NPP-2024based-2026-04-28,sourced,
people.npp.lpp.population,2050,UK,70585.751,persons_k,projection,ons_npp,NPP-2024based-2026-04-28,sourced,
people.npp.lpp.population,2051,UK,70529.004,persons_k,projection,ons_npp,NPP-2024based-2026-04-28,sourced,
people.npp.lpp.population,2052,UK,70461.084,persons_k,projection,ons_npp,NPP-2024based-2026-04-28,sourced,
people.npp.lpp.population,2053,UK,70381.544,persons_k,projection,ons_npp,NPP-2024based-2026-04-28,sourced,
people.npp.lpp.population,2054,UK,70290.169,persons_k,projection,ons_npp,NPP-2024based-2026-04-28,sourced,
people.npp.lpp.population,2055,UK,70187.031,persons_k,projection,ons_npp,NPP-2024based-2026-04-28,sourced,
people.npp.lpp.population,2056,UK,70072.636,persons_k,projection,ons_npp,NPP-2024based-2026-04-28,sourced,
people.npp.lpp.population,2057,UK,69947.704,persons_k,projection,ons_npp,NPP-2024based-2026-04-28,sourced,
people.npp.lpp.population,2058,UK,69812.998,persons_k,projection,ons_npp,NPP-2024based-2026-04-28,sourced,
people.npp.lpp.population,2059,UK,69669.343,persons_k,projection,ons_npp,NPP-2024based-2026-04-28,sourced,
people.npp.lpp.population,2060,UK,69517.746,persons_k,projection,ons_npp,NPP-2024based-2026-04-28,sourced,
people.npp.lpp.population,2061,UK,69359.211,persons_k,projection,ons_npp,NPP-2024based-2026-04-28,sourced,
people.npp.lpp.population,2062,UK,69194.746,persons_k,projection,ons_npp,NPP-2024based-2026-04-28,sourced,
people.npp.lpp.population,2063,UK,69025.196,persons_k,projection,ons_npp,NPP-2024based-2026-04-28,sourced,
people.npp.lpp.population,2064,UK,68851.189,persons_k,projection,ons_npp,NPP-2024based-2026-04-28,sourced,
people.npp.lpp.population,2065,UK,68673.435,persons_k,projection,ons_npp,NPP-2024based-2026-04-28,sourced,
people.npp.lpp.population,2066,UK,68492.471,persons_k,projection,ons_npp,NPP-2024based-2026-04-28,sourced,
people.npp.lpp.population,2067,UK,68308.662,persons_k,projection,ons_npp,NPP-2024based-2026-04-28,sourced,
people.npp.lpp.population,2068,UK,68122.193,persons_k,projection,ons_npp,NPP-2024based-2026-04-28,sourced,
people.npp.lpp.population,2069,UK,67933.096,persons_k,projection,ons_npp,NPP-2024based-2026-04-28,sourced,
people.npp.lpp.population,2070,UK,67741.161,persons_k,projection,ons_npp,NPP-2024based-2026-04-28,sourced,
people.npp.lpp.population,2071,UK,67546.076,persons_k,projection,ons_npp,NPP-2024based-2026-04-28,sourced,
people.npp.lpp.population,2072,UK,67347.442,persons_k,projection,ons_npp,NPP-2024based-2026-04-28,sourced,
people.npp.lpp.population,2073,UK,67144.775,persons_k,projection,ons_npp,NPP-2024based-2026-04-28,sourced,
people.npp.lpp.population,2074,UK,66937.657,persons_k,projection,ons_npp,NPP-2024based-2026-04-28,sourced,
people.npp.lpp.population,2075,UK,66725.653,persons_k,projection,ons_npp,NPP-2024based-2026-04-28,sourced,
people.npp.lpp.tfr,2025,UK,1.389412,children_per_woman,projection,ons_npp,NPP-2024based-2026-04-28,sourced,
people.npp.lpp.tfr,2026,UK,1.366468,children_per_woman,projection,ons_npp,NPP-2024based-2026-04-28,sourced,
people.npp.lpp.tfr,2027,UK,1.34134,children_per_woman,projection,ons_npp,NPP-2024based-2026-04-28,sourced,
people.npp.lpp.tfr,2028,UK,1.316228,children_per_woman,projection,ons_npp,NPP-2024based-2026-04-28,sourced,
people.npp.lpp.tfr,2029,UK,1.293168,children_per_woman,projection,ons_npp,NPP-2024based-2026-04-28,sourced,
people.npp.lpp.tfr,2030,UK,1.272669,children_per_woman,projection,ons_npp,NPP-2024based-2026-04-28,sourced,
people.npp.lpp.tfr,2031,UK,1.255183,children_per_woman,projection,ons_npp,NPP-2024based-2026-04-28,sourced,
people.npp.lpp.tfr,2032,UK,1.240161,children_per_woman,projection,ons_npp,NPP-2024based-2026-04-28,sourced,
people.npp.lpp.tfr,2033,UK,1.225178,children_per_woman,projection,ons_npp,NPP-2024based-2026-04-28,sourced,
people.npp.lpp.tfr,2034,UK,1.212706,children_per_woman,projection,ons_npp,NPP-2024based-2026-04-28,sourced,
people.npp.lpp.tfr,2035,UK,1.205222,children_per_woman,projection,ons_npp,NPP-2024based-2026-04-28,sourced,
people.npp.lpp.tfr,2036,UK,1.201778,children_per_woman,projection,ons_npp,NPP-2024based-2026-04-28,sourced,
people.npp.lpp.tfr,2037,UK,1.200185,children_per_woman,projection,ons_npp,NPP-2024based-2026-04-28,sourced,
people.npp.lpp.tfr,2038,UK,1.199633,children_per_woman,projection,ons_npp,NPP-2024based-2026-04-28,sourced,
people.npp.lpp.tfr,2039,UK,1.199808,children_per_woman,projection,ons_npp,NPP-2024based-2026-04-28,sourced,
people.npp.lpp.tfr,2040,UK,1.200118,children_per_woman,projection,ons_npp,NPP-2024based-2026-04-28,sourced,
people.npp.lpp.tfr,2041,UK,1.200442,children_per_woman,projection,ons_npp,NPP-2024based-2026-04-28,sourced,
people.npp.lpp.tfr,2042,UK,1.201248,children_per_woman,projection,ons_npp,NPP-2024based-2026-04-28,sourced,
people.npp.lpp.tfr,2043,UK,1.202879,children_per_woman,projection,ons_npp,NPP-2024based-2026-04-28,sourced,
people.npp.lpp.tfr,2044,UK,1.205596,children_per_woman,projection,ons_npp,NPP-2024based-2026-04-28,sourced,
people.npp.lpp.tfr,2045,UK,1.20817,children_per_woman,projection,ons_npp,NPP-2024based-2026-04-28,sourced,
people.npp.lpp.tfr,2046,UK,1.209912,children_per_woman,projection,ons_npp,NPP-2024based-2026-04-28,sourced,
people.npp.lpp.tfr,2047,UK,1.211784,children_per_woman,projection,ons_npp,NPP-2024based-2026-04-28,sourced,
people.npp.lpp.tfr,2048,UK,1.213795,children_per_woman,projection,ons_npp,NPP-2024based-2026-04-28,sourced,
people.npp.lpp.tfr,2049,UK,1.215909,children_per_woman,projection,ons_npp,NPP-2024based-2026-04-28,sourced,
people.npp.lpp.tfr,2050,UK,1.217016,children_per_woman,projection,ons_npp,NPP-2024based-2026-04-28,sourced,
people.npp.lpp.tfr,2051,UK,1.217005,children_per_woman,projection,ons_npp,NPP-2024based-2026-04-28,sourced,
people.npp.lpp.tfr,2052,UK,1.217012,children_per_woman,projection,ons_npp,NPP-2024based-2026-04-28,sourced,
people.npp.lpp.tfr,2053,UK,1.217014,children_per_woman,projection,ons_npp,NPP-2024based-2026-04-28,sourced,
people.npp.lpp.tfr,2054,UK,1.217016,children_per_woman,projection,ons_npp,NPP-2024based-2026-04-28,sourced,
people.npp.lpp.tfr,2055,UK,1.217013,children_per_woman,projection,ons_npp,NPP-2024based-2026-04-28,sourced,
people.npp.lpp.tfr,2056,UK,1.217021,children_per_woman,projection,ons_npp,NPP-2024based-2026-04-28,sourced,
people.npp.lpp.tfr,2057,UK,1.217011,children_per_woman,projection,ons_npp,NPP-2024based-2026-04-28,sourced,
people.npp.lpp.tfr,2058,UK,1.217017,children_per_woman,projection,ons_npp,NPP-2024based-2026-04-28,sourced,
people.npp.lpp.tfr,2059,UK,1.21702,children_per_woman,projection,ons_npp,NPP-2024based-2026-04-28,sourced,
people.npp.lpp.tfr,2060,UK,1.217019,children_per_woman,projection,ons_npp,NPP-2024based-2026-04-28,sourced,
people.npp.lpp.tfr,2061,UK,1.217035,children_per_woman,projection,ons_npp,NPP-2024based-2026-04-28,sourced,
people.npp.lpp.tfr,2062,UK,1.217076,children_per_woman,projection,ons_npp,NPP-2024based-2026-04-28,sourced,
people.npp.lpp.tfr,2063,UK,1.217086,children_per_woman,projection,ons_npp,NPP-2024based-2026-04-28,sourced,
people.npp.lpp.tfr,2064,UK,1.217098,children_per_woman,projection,ons_npp,NPP-2024based-2026-04-28,sourced,
people.npp.lpp.tfr,2065,UK,1.21711,children_per_woman,projection,ons_npp,NPP-2024based-2026-04-28,sourced,
people.npp.lpp.tfr,2066,UK,1.217151,children_per_woman,projection,ons_npp,NPP-2024based-2026-04-28,sourced,
people.npp.lpp.tfr,2067,UK,1.217194,children_per_woman,projection,ons_npp,NPP-2024based-2026-04-28,sourced,
people.npp.lpp.tfr,2068,UK,1.217205,children_per_woman,projection,ons_npp,NPP-2024based-2026-04-28,sourced,
people.npp.lpp.tfr,2069,UK,1.217265,children_per_woman,projection,ons_npp,NPP-2024based-2026-04-28,sourced,
people.npp.lpp.tfr,2070,UK,1.217277,children_per_woman,projection,ons_npp,NPP-2024based-2026-04-28,sourced,
people.npp.lpp.tfr,2071,UK,1.21733,children_per_woman,projection,ons_npp,NPP-2024based-2026-04-28,sourced,
people.npp.lpp.tfr,2072,UK,1.217367,children_per_woman,projection,ons_npp,NPP-2024based-2026-04-28,sourced,
people.npp.lpp.tfr,2073,UK,1.217425,children_per_woman,projection,ons_npp,NPP-2024based-2026-04-28,sourced,
people.npp.lpp.tfr,2074,UK,1.217467,children_per_woman,projection,ons_npp,NPP-2024based-2026-04-28,sourced,
people.npp.lpp.tfr,2075,UK,1.21747,children_per_woman,projection,ons_npp,NPP-2024based-2026-04-28,sourced,
people.npp.lpp.working_age,2024,UK,44296.4,persons_k,outturn,ons_npp,NPP-2024based-2026-04-28,sourced,"Base year of the 2024-based projections: ONS mid-2024 population estimate. ONS: Children under 16, working age, and pensionable age populations are based on State Pension Age (SPA) for a given year. Women's SPA increased to 65 between April 2016 and November 2018. From December 2018, the SPA for both sexes increased to 66 by October 2020 (Pensions Act 2011). Between 2026 and 2028, the SPA will increase from 66 to 67 years for both sexes (Pensions Act 2014), and will increase to 68 between 2044 and 2046 (Pensions Act 2007)."
people.npp.lpp.working_age,2025,UK,44422.98,persons_k,projection,ons_npp,NPP-2024based-2026-04-28,sourced,
people.npp.lpp.working_age,2026,UK,44605.685388,persons_k,projection,ons_npp,NPP-2024based-2026-04-28,sourced,
people.npp.lpp.working_age,2027,UK,45139.185625,persons_k,projection,ons_npp,NPP-2024based-2026-04-28,sourced,
people.npp.lpp.working_age,2028,UK,45553.559,persons_k,projection,ons_npp,NPP-2024based-2026-04-28,sourced,
people.npp.lpp.working_age,2029,UK,45640.961,persons_k,projection,ons_npp,NPP-2024based-2026-04-28,sourced,
people.npp.lpp.working_age,2030,UK,45695.275,persons_k,projection,ons_npp,NPP-2024based-2026-04-28,sourced,
people.npp.lpp.working_age,2031,UK,45733.84,persons_k,projection,ons_npp,NPP-2024based-2026-04-28,sourced,
people.npp.lpp.working_age,2032,UK,45773.615,persons_k,projection,ons_npp,NPP-2024based-2026-04-28,sourced,
people.npp.lpp.working_age,2033,UK,45802.723,persons_k,projection,ons_npp,NPP-2024based-2026-04-28,sourced,
people.npp.lpp.working_age,2034,UK,45816.749,persons_k,projection,ons_npp,NPP-2024based-2026-04-28,sourced,
people.npp.lpp.working_age,2035,UK,45832.471,persons_k,projection,ons_npp,NPP-2024based-2026-04-28,sourced,
people.npp.lpp.working_age,2036,UK,45837.318,persons_k,projection,ons_npp,NPP-2024based-2026-04-28,sourced,
people.npp.lpp.working_age,2037,UK,45840.221,persons_k,projection,ons_npp,NPP-2024based-2026-04-28,sourced,
people.npp.lpp.working_age,2038,UK,45832.156,persons_k,projection,ons_npp,NPP-2024based-2026-04-28,sourced,
people.npp.lpp.working_age,2039,UK,45820.15,persons_k,projection,ons_npp,NPP-2024based-2026-04-28,sourced,
people.npp.lpp.working_age,2040,UK,45821.489,persons_k,projection,ons_npp,NPP-2024based-2026-04-28,sourced,
people.npp.lpp.working_age,2041,UK,45836.154,persons_k,projection,ons_npp,NPP-2024based-2026-04-28,sourced,
people.npp.lpp.working_age,2042,UK,45847.475,persons_k,projection,ons_npp,NPP-2024based-2026-04-28,sourced,
people.npp.lpp.working_age,2043,UK,45857.803,persons_k,projection,ons_npp,NPP-2024based-2026-04-28,sourced,
people.npp.lpp.working_age,2044,UK,45980.298986,persons_k,projection,ons_npp,NPP-2024based-2026-04-28,sourced,
people.npp.lpp.working_age,2045,UK,46332.896545,persons_k,projection,ons_npp,NPP-2024based-2026-04-28,sourced,
people.npp.lpp.working_age,2046,UK,46563.98,persons_k,projection,ons_npp,NPP-2024based-2026-04-28,sourced,
people.npp.lpp.working_age,2047,UK,46468.164,persons_k,projection,ons_npp,NPP-2024based-2026-04-28,sourced,
people.npp.lpp.working_age,2048,UK,46328.54,persons_k,projection,ons_npp,NPP-2024based-2026-04-28,sourced,
people.npp.lpp.working_age,2049,UK,46180.149,persons_k,projection,ons_npp,NPP-2024based-2026-04-28,sourced,
people.npp.lpp.working_age,2050,UK,46030.148,persons_k,projection,ons_npp,NPP-2024based-2026-04-28,sourced,
people.npp.lpp.working_age,2051,UK,45868.038,persons_k,projection,ons_npp,NPP-2024based-2026-04-28,sourced,
people.npp.lpp.working_age,2052,UK,45701.813,persons_k,projection,ons_npp,NPP-2024based-2026-04-28,sourced,
people.npp.lpp.working_age,2053,UK,45506.429,persons_k,projection,ons_npp,NPP-2024based-2026-04-28,sourced,
people.npp.lpp.working_age,2054,UK,45304.26,persons_k,projection,ons_npp,NPP-2024based-2026-04-28,sourced,
people.npp.lpp.working_age,2055,UK,45094.804,persons_k,projection,ons_npp,NPP-2024based-2026-04-28,sourced,
people.npp.lpp.working_age,2056,UK,44864.169,persons_k,projection,ons_npp,NPP-2024based-2026-04-28,sourced,
people.npp.lpp.working_age,2057,UK,44640.286,persons_k,projection,ons_npp,NPP-2024based-2026-04-28,sourced,
people.npp.lpp.working_age,2058,UK,44407.3,persons_k,projection,ons_npp,NPP-2024based-2026-04-28,sourced,
people.npp.lpp.working_age,2059,UK,44168.983,persons_k,projection,ons_npp,NPP-2024based-2026-04-28,sourced,
people.npp.lpp.working_age,2060,UK,43938.155,persons_k,projection,ons_npp,NPP-2024based-2026-04-28,sourced,
people.npp.lpp.working_age,2061,UK,43723.549,persons_k,projection,ons_npp,NPP-2024based-2026-04-28,sourced,
people.npp.lpp.working_age,2062,UK,43503.281,persons_k,projection,ons_npp,NPP-2024based-2026-04-28,sourced,
people.npp.lpp.working_age,2063,UK,43295.031,persons_k,projection,ons_npp,NPP-2024based-2026-04-28,sourced,
people.npp.lpp.working_age,2064,UK,43087.431,persons_k,projection,ons_npp,NPP-2024based-2026-04-28,sourced,
people.npp.lpp.working_age,2065,UK,42857.818,persons_k,projection,ons_npp,NPP-2024based-2026-04-28,sourced,
people.npp.lpp.working_age,2066,UK,42635.167,persons_k,projection,ons_npp,NPP-2024based-2026-04-28,sourced,
people.npp.lpp.working_age,2067,UK,42417.794,persons_k,projection,ons_npp,NPP-2024based-2026-04-28,sourced,
people.npp.lpp.working_age,2068,UK,42223.981,persons_k,projection,ons_npp,NPP-2024based-2026-04-28,sourced,
people.npp.lpp.working_age,2069,UK,42042.19,persons_k,projection,ons_npp,NPP-2024based-2026-04-28,sourced,
people.npp.lpp.working_age,2070,UK,41855.357,persons_k,projection,ons_npp,NPP-2024based-2026-04-28,sourced,
people.npp.lpp.working_age,2071,UK,41653.501,persons_k,projection,ons_npp,NPP-2024based-2026-04-28,sourced,
people.npp.lpp.working_age,2072,UK,41427.757,persons_k,projection,ons_npp,NPP-2024based-2026-04-28,sourced,
people.npp.lpp.working_age,2073,UK,41180.188,persons_k,projection,ons_npp,NPP-2024based-2026-04-28,sourced,
people.npp.lpp.working_age,2074,UK,40924.354,persons_k,projection,ons_npp,NPP-2024based-2026-04-28,sourced,
people.npp.lpp.working_age,2075,UK,40646.574,persons_k,projection,ons_npp,NPP-2024based-2026-04-28,sourced,
people.npp.php.births,2025,UK,651.892,persons_k,projection,ons_npp,NPP-2024based-2026-04-28,sourced,
people.npp.php.births,2026,UK,653.015,persons_k,projection,ons_npp,NPP-2024based-2026-04-28,sourced,
people.npp.php.births,2027,UK,648.104,persons_k,projection,ons_npp,NPP-2024based-2026-04-28,sourced,
people.npp.php.births,2028,UK,643.884,persons_k,projection,ons_npp,NPP-2024based-2026-04-28,sourced,
people.npp.php.births,2029,UK,639.636,persons_k,projection,ons_npp,NPP-2024based-2026-04-28,sourced,
people.npp.php.births,2030,UK,636.209,persons_k,projection,ons_npp,NPP-2024based-2026-04-28,sourced,
people.npp.php.births,2031,UK,633.697,persons_k,projection,ons_npp,NPP-2024based-2026-04-28,sourced,
people.npp.php.births,2032,UK,631.46,persons_k,projection,ons_npp,NPP-2024based-2026-04-28,sourced,
people.npp.php.births,2033,UK,629.676,persons_k,projection,ons_npp,NPP-2024based-2026-04-28,sourced,
people.npp.php.births,2034,UK,628.513,persons_k,projection,ons_npp,NPP-2024based-2026-04-28,sourced,
people.npp.php.births,2035,UK,628.292,persons_k,projection,ons_npp,NPP-2024based-2026-04-28,sourced,
people.npp.php.births,2036,UK,629.083,persons_k,projection,ons_npp,NPP-2024based-2026-04-28,sourced,
people.npp.php.births,2037,UK,630.694,persons_k,projection,ons_npp,NPP-2024based-2026-04-28,sourced,
people.npp.php.births,2038,UK,632.987,persons_k,projection,ons_npp,NPP-2024based-2026-04-28,sourced,
people.npp.php.births,2039,UK,635.726,persons_k,projection,ons_npp,NPP-2024based-2026-04-28,sourced,
people.npp.php.births,2040,UK,638.659,persons_k,projection,ons_npp,NPP-2024based-2026-04-28,sourced,
people.npp.php.births,2041,UK,641.546,persons_k,projection,ons_npp,NPP-2024based-2026-04-28,sourced,
people.npp.php.births,2042,UK,644.168,persons_k,projection,ons_npp,NPP-2024based-2026-04-28,sourced,
people.npp.php.births,2043,UK,646.329,persons_k,projection,ons_npp,NPP-2024based-2026-04-28,sourced,
people.npp.php.births,2044,UK,647.753,persons_k,projection,ons_npp,NPP-2024based-2026-04-28,sourced,
people.npp.php.births,2045,UK,647.954,persons_k,projection,ons_npp,NPP-2024based-2026-04-28,sourced,
people.npp.php.births,2046,UK,647.018,persons_k,projection,ons_npp,NPP-2024based-2026-04-28,sourced,
people.npp.php.births,2047,UK,645.408,persons_k,projection,ons_npp,NPP-2024based-2026-04-28,sourced,
people.npp.php.births,2048,UK,643.126,persons_k,projection,ons_npp,NPP-2024based-2026-04-28,sourced,
people.npp.php.births,2049,UK,640.105,persons_k,projection,ons_npp,NPP-2024based-2026-04-28,sourced,
people.npp.php.births,2050,UK,635.734,persons_k,projection,ons_npp,NPP-2024based-2026-04-28,sourced,
people.npp.php.births,2051,UK,630.093,persons_k,projection,ons_npp,NPP-2024based-2026-04-28,sourced,
people.npp.php.births,2052,UK,623.978,persons_k,projection,ons_npp,NPP-2024based-2026-04-28,sourced,
people.npp.php.births,2053,UK,617.399,persons_k,projection,ons_npp,NPP-2024based-2026-04-28,sourced,
people.npp.php.births,2054,UK,610.413,persons_k,projection,ons_npp,NPP-2024based-2026-04-28,sourced,
people.npp.php.births,2055,UK,603.337,persons_k,projection,ons_npp,NPP-2024based-2026-04-28,sourced,
people.npp.php.births,2056,UK,596.531,persons_k,projection,ons_npp,NPP-2024based-2026-04-28,sourced,
people.npp.php.births,2057,UK,590.223,persons_k,projection,ons_npp,NPP-2024based-2026-04-28,sourced,
people.npp.php.births,2058,UK,584.319,persons_k,projection,ons_npp,NPP-2024based-2026-04-28,sourced,
people.npp.php.births,2059,UK,578.893,persons_k,projection,ons_npp,NPP-2024based-2026-04-28,sourced,
people.npp.php.births,2060,UK,574.088,persons_k,projection,ons_npp,NPP-2024based-2026-04-28,sourced,
people.npp.php.births,2061,UK,569.949,persons_k,projection,ons_npp,NPP-2024based-2026-04-28,sourced,
people.npp.php.births,2062,UK,566.55,persons_k,projection,ons_npp,NPP-2024based-2026-04-28,sourced,
people.npp.php.births,2063,UK,563.69,persons_k,projection,ons_npp,NPP-2024based-2026-04-28,sourced,
people.npp.php.births,2064,UK,561.237,persons_k,projection,ons_npp,NPP-2024based-2026-04-28,sourced,
people.npp.php.births,2065,UK,559.334,persons_k,projection,ons_npp,NPP-2024based-2026-04-28,sourced,
people.npp.php.births,2066,UK,557.981,persons_k,projection,ons_npp,NPP-2024based-2026-04-28,sourced,
people.npp.php.births,2067,UK,557.105,persons_k,projection,ons_npp,NPP-2024based-2026-04-28,sourced,
people.npp.php.births,2068,UK,556.641,persons_k,projection,ons_npp,NPP-2024based-2026-04-28,sourced,
people.npp.php.births,2069,UK,556.46,persons_k,projection,ons_npp,NPP-2024based-2026-04-28,sourced,
people.npp.php.births,2070,UK,556.448,persons_k,projection,ons_npp,NPP-2024based-2026-04-28,sourced,
people.npp.php.births,2071,UK,556.62,persons_k,projection,ons_npp,NPP-2024based-2026-04-28,sourced,
people.npp.php.births,2072,UK,556.89,persons_k,projection,ons_npp,NPP-2024based-2026-04-28,sourced,
people.npp.php.births,2073,UK,557.161,persons_k,projection,ons_npp,NPP-2024based-2026-04-28,sourced,
people.npp.php.births,2074,UK,557.348,persons_k,projection,ons_npp,NPP-2024based-2026-04-28,sourced,
people.npp.php.births,2075,UK,557.387,persons_k,projection,ons_npp,NPP-2024based-2026-04-28,sourced,
people.npp.php.deaths,2025,UK,634.987,persons_k,projection,ons_npp,NPP-2024based-2026-04-28,sourced,
people.npp.php.deaths,2026,UK,665.67,persons_k,projection,ons_npp,NPP-2024based-2026-04-28,sourced,
people.npp.php.deaths,2027,UK,669.233,persons_k,projection,ons_npp,NPP-2024based-2026-04-28,sourced,
people.npp.php.deaths,2028,UK,673.857,persons_k,projection,ons_npp,NPP-2024based-2026-04-28,sourced,
people.npp.php.deaths,2029,UK,679.214,persons_k,projection,ons_npp,NPP-2024based-2026-04-28,sourced,
people.npp.php.deaths,2030,UK,685.114,persons_k,projection,ons_npp,NPP-2024based-2026-04-28,sourced,
people.npp.php.deaths,2031,UK,691.395,persons_k,projection,ons_npp,NPP-2024based-2026-04-28,sourced,
people.npp.php.deaths,2032,UK,697.88,persons_k,projection,ons_npp,NPP-2024based-2026-04-28,sourced,
people.npp.php.deaths,2033,UK,704.449,persons_k,projection,ons_npp,NPP-2024based-2026-04-28,sourced,
people.npp.php.deaths,2034,UK,710.994,persons_k,projection,ons_npp,NPP-2024based-2026-04-28,sourced,
people.npp.php.deaths,2035,UK,717.381,persons_k,projection,ons_npp,NPP-2024based-2026-04-28,sourced,
people.npp.php.deaths,2036,UK,723.546,persons_k,projection,ons_npp,NPP-2024based-2026-04-28,sourced,
people.npp.php.deaths,2037,UK,729.322,persons_k,projection,ons_npp,NPP-2024based-2026-04-28,sourced,
people.npp.php.deaths,2038,UK,734.75,persons_k,projection,ons_npp,NPP-2024based-2026-04-28,sourced,
people.npp.php.deaths,2039,UK,739.744,persons_k,projection,ons_npp,NPP-2024based-2026-04-28,sourced,
people.npp.php.deaths,2040,UK,744.163,persons_k,projection,ons_npp,NPP-2024based-2026-04-28,sourced,
people.npp.php.deaths,2041,UK,748.06,persons_k,projection,ons_npp,NPP-2024based-2026-04-28,sourced,
people.npp.php.deaths,2042,UK,751.475,persons_k,projection,ons_npp,NPP-2024based-2026-04-28,sourced,
people.npp.php.deaths,2043,UK,754.441,persons_k,projection,ons_npp,NPP-2024based-2026-04-28,sourced,
people.npp.php.deaths,2044,UK,757.072,persons_k,projection,ons_npp,NPP-2024based-2026-04-28,sourced,
people.npp.php.deaths,2045,UK,759.462,persons_k,projection,ons_npp,NPP-2024based-2026-04-28,sourced,
people.npp.php.deaths,2046,UK,761.746,persons_k,projection,ons_npp,NPP-2024based-2026-04-28,sourced,
people.npp.php.deaths,2047,UK,764.024,persons_k,projection,ons_npp,NPP-2024based-2026-04-28,sourced,
people.npp.php.deaths,2048,UK,766.481,persons_k,projection,ons_npp,NPP-2024based-2026-04-28,sourced,
people.npp.php.deaths,2049,UK,769.148,persons_k,projection,ons_npp,NPP-2024based-2026-04-28,sourced,
people.npp.php.deaths,2050,UK,772.053,persons_k,projection,ons_npp,NPP-2024based-2026-04-28,sourced,
people.npp.php.deaths,2051,UK,775.22,persons_k,projection,ons_npp,NPP-2024based-2026-04-28,sourced,
people.npp.php.deaths,2052,UK,778.524,persons_k,projection,ons_npp,NPP-2024based-2026-04-28,sourced,
people.npp.php.deaths,2053,UK,781.942,persons_k,projection,ons_npp,NPP-2024based-2026-04-28,sourced,
people.npp.php.deaths,2054,UK,785.346,persons_k,projection,ons_npp,NPP-2024based-2026-04-28,sourced,
people.npp.php.deaths,2055,UK,788.627,persons_k,projection,ons_npp,NPP-2024based-2026-04-28,sourced,
people.npp.php.deaths,2056,UK,791.642,persons_k,projection,ons_npp,NPP-2024based-2026-04-28,sourced,
people.npp.php.deaths,2057,UK,794.265,persons_k,projection,ons_npp,NPP-2024based-2026-04-28,sourced,
people.npp.php.deaths,2058,UK,796.407,persons_k,projection,ons_npp,NPP-2024based-2026-04-28,sourced,
people.npp.php.deaths,2059,UK,798.06,persons_k,projection,ons_npp,NPP-2024based-2026-04-28,sourced,
people.npp.php.deaths,2060,UK,799.126,persons_k,projection,ons_npp,NPP-2024based-2026-04-28,sourced,
people.npp.php.deaths,2061,UK,799.675,persons_k,projection,ons_npp,NPP-2024based-2026-04-28,sourced,
people.npp.php.deaths,2062,UK,799.75,persons_k,projection,ons_npp,NPP-2024based-2026-04-28,sourced,
people.npp.php.deaths,2063,UK,799.436,persons_k,projection,ons_npp,NPP-2024based-2026-04-28,sourced,
people.npp.php.deaths,2064,UK,798.756,persons_k,projection,ons_npp,NPP-2024based-2026-04-28,sourced,
people.npp.php.deaths,2065,UK,797.866,persons_k,projection,ons_npp,NPP-2024based-2026-04-28,sourced,
people.npp.php.deaths,2066,UK,796.852,persons_k,projection,ons_npp,NPP-2024based-2026-04-28,sourced,
people.npp.php.deaths,2067,UK,795.852,persons_k,projection,ons_npp,NPP-2024based-2026-04-28,sourced,
people.npp.php.deaths,2068,UK,794.957,persons_k,projection,ons_npp,NPP-2024based-2026-04-28,sourced,
people.npp.php.deaths,2069,UK,794.362,persons_k,projection,ons_npp,NPP-2024based-2026-04-28,sourced,
people.npp.php.deaths,2070,UK,794.213,persons_k,projection,ons_npp,NPP-2024based-2026-04-28,sourced,
people.npp.php.deaths,2071,UK,794.702,persons_k,projection,ons_npp,NPP-2024based-2026-04-28,sourced,
people.npp.php.deaths,2072,UK,795.907,persons_k,projection,ons_npp,NPP-2024based-2026-04-28,sourced,
people.npp.php.deaths,2073,UK,797.867,persons_k,projection,ons_npp,NPP-2024based-2026-04-28,sourced,
people.npp.php.deaths,2074,UK,800.571,persons_k,projection,ons_npp,NPP-2024based-2026-04-28,sourced,
people.npp.php.deaths,2075,UK,803.932,persons_k,projection,ons_npp,NPP-2024based-2026-04-28,sourced,
people.npp.php.life_expectancy_female,2025,UK,83.631761,years,projection,ons_npp,NPP-2024based-2026-04-28,sourced,
people.npp.php.life_expectancy_female,2026,UK,83.482898,years,projection,ons_npp,NPP-2024based-2026-04-28,sourced,
people.npp.php.life_expectancy_female,2027,UK,83.61869,years,projection,ons_npp,NPP-2024based-2026-04-28,sourced,
people.npp.php.life_expectancy_female,2028,UK,83.752359,years,projection,ons_npp,NPP-2024based-2026-04-28,sourced,
people.npp.php.life_expectancy_female,2029,UK,83.88573,years,projection,ons_npp,NPP-2024based-2026-04-28,sourced,
people.npp.php.life_expectancy_female,2030,UK,84.021309,years,projection,ons_npp,NPP-2024based-2026-04-28,sourced,
people.npp.php.life_expectancy_female,2031,UK,84.158836,years,projection,ons_npp,NPP-2024based-2026-04-28,sourced,
people.npp.php.life_expectancy_female,2032,UK,84.296815,years,projection,ons_npp,NPP-2024based-2026-04-28,sourced,
people.npp.php.life_expectancy_female,2033,UK,84.436161,years,projection,ons_npp,NPP-2024based-2026-04-28,sourced,
people.npp.php.life_expectancy_female,2034,UK,84.577872,years,projection,ons_npp,NPP-2024based-2026-04-28,sourced,
people.npp.php.life_expectancy_female,2035,UK,84.720402,years,projection,ons_npp,NPP-2024based-2026-04-28,sourced,
people.npp.php.life_expectancy_female,2036,UK,84.864114,years,projection,ons_npp,NPP-2024based-2026-04-28,sourced,
people.npp.php.life_expectancy_female,2037,UK,85.012338,years,projection,ons_npp,NPP-2024based-2026-04-28,sourced,
people.npp.php.life_expectancy_female,2038,UK,85.161599,years,projection,ons_npp,NPP-2024based-2026-04-28,sourced,
people.npp.php.life_expectancy_female,2039,UK,85.312204,years,projection,ons_npp,NPP-2024based-2026-04-28,sourced,
people.npp.php.life_expectancy_female,2040,UK,85.466114,years,projection,ons_npp,NPP-2024based-2026-04-28,sourced,
people.npp.php.life_expectancy_female,2041,UK,85.620845,years,projection,ons_npp,NPP-2024based-2026-04-28,sourced,
people.npp.php.life_expectancy_female,2042,UK,85.776239,years,projection,ons_npp,NPP-2024based-2026-04-28,sourced,
people.npp.php.life_expectancy_female,2043,UK,85.933882,years,projection,ons_npp,NPP-2024based-2026-04-28,sourced,
people.npp.php.life_expectancy_female,2044,UK,86.092534,years,projection,ons_npp,NPP-2024based-2026-04-28,sourced,
people.npp.php.life_expectancy_female,2045,UK,86.252231,years,projection,ons_npp,NPP-2024based-2026-04-28,sourced,
people.npp.php.life_expectancy_female,2046,UK,86.411944,years,projection,ons_npp,NPP-2024based-2026-04-28,sourced,
people.npp.php.life_expectancy_female,2047,UK,86.574146,years,projection,ons_npp,NPP-2024based-2026-04-28,sourced,
people.npp.php.life_expectancy_female,2048,UK,86.734042,years,projection,ons_npp,NPP-2024based-2026-04-28,sourced,
people.npp.php.life_expectancy_female,2049,UK,86.895073,years,projection,ons_npp,NPP-2024based-2026-04-28,sourced,
people.npp.php.life_expectancy_female,2050,UK,87.055944,years,projection,ons_npp,NPP-2024based-2026-04-28,sourced,
people.npp.php.life_expectancy_female,2051,UK,87.214825,years,projection,ons_npp,NPP-2024based-2026-04-28,sourced,
people.npp.php.life_expectancy_female,2052,UK,87.375398,years,projection,ons_npp,NPP-2024based-2026-04-28,sourced,
people.npp.php.life_expectancy_female,2053,UK,87.533384,years,projection,ons_npp,NPP-2024based-2026-04-28,sourced,
people.npp.php.life_expectancy_female,2054,UK,87.690348,years,projection,ons_npp,NPP-2024based-2026-04-28,sourced,
people.npp.php.life_expectancy_female,2055,UK,87.846913,years,projection,ons_npp,NPP-2024based-2026-04-28,sourced,
people.npp.php.life_expectancy_female,2056,UK,88.001946,years,projection,ons_npp,NPP-2024based-2026-04-28,sourced,
people.npp.php.life_expectancy_female,2057,UK,88.155648,years,projection,ons_npp,NPP-2024based-2026-04-28,sourced,
people.npp.php.life_expectancy_female,2058,UK,88.311184,years,projection,ons_npp,NPP-2024based-2026-04-28,sourced,
people.npp.php.life_expectancy_female,2059,UK,88.463598,years,projection,ons_npp,NPP-2024based-2026-04-28,sourced,
people.npp.php.life_expectancy_female,2060,UK,88.616944,years,projection,ons_npp,NPP-2024based-2026-04-28,sourced,
people.npp.php.life_expectancy_female,2061,UK,88.767534,years,projection,ons_npp,NPP-2024based-2026-04-28,sourced,
people.npp.php.life_expectancy_female,2062,UK,88.91907,years,projection,ons_npp,NPP-2024based-2026-04-28,sourced,
people.npp.php.life_expectancy_female,2063,UK,89.067167,years,projection,ons_npp,NPP-2024based-2026-04-28,sourced,
people.npp.php.life_expectancy_female,2064,UK,89.215597,years,projection,ons_npp,NPP-2024based-2026-04-28,sourced,
people.npp.php.life_expectancy_female,2065,UK,89.364484,years,projection,ons_npp,NPP-2024based-2026-04-28,sourced,
people.npp.php.life_expectancy_female,2066,UK,89.511361,years,projection,ons_npp,NPP-2024based-2026-04-28,sourced,
people.npp.php.life_expectancy_female,2067,UK,89.655436,years,projection,ons_npp,NPP-2024based-2026-04-28,sourced,
people.npp.php.life_expectancy_female,2068,UK,89.801008,years,projection,ons_npp,NPP-2024based-2026-04-28,sourced,
people.npp.php.life_expectancy_female,2069,UK,89.945581,years,projection,ons_npp,NPP-2024based-2026-04-28,sourced,
people.npp.php.life_expectancy_female,2070,UK,90.089953,years,projection,ons_npp,NPP-2024based-2026-04-28,sourced,
people.npp.php.life_expectancy_female,2071,UK,90.232145,years,projection,ons_npp,NPP-2024based-2026-04-28,sourced,
people.npp.php.life_expectancy_female,2072,UK,90.374051,years,projection,ons_npp,NPP-2024based-2026-04-28,sourced,
people.npp.php.life_expectancy_female,2073,UK,90.514165,years,projection,ons_npp,NPP-2024based-2026-04-28,sourced,
people.npp.php.life_expectancy_female,2074,UK,90.652051,years,projection,ons_npp,NPP-2024based-2026-04-28,sourced,
people.npp.php.life_expectancy_female,2075,UK,90.792503,years,projection,ons_npp,NPP-2024based-2026-04-28,sourced,
people.npp.php.life_expectancy_male,2025,UK,79.85393,years,projection,ons_npp,NPP-2024based-2026-04-28,sourced,
people.npp.php.life_expectancy_male,2026,UK,79.64602,years,projection,ons_npp,NPP-2024based-2026-04-28,sourced,
people.npp.php.life_expectancy_male,2027,UK,79.792455,years,projection,ons_npp,NPP-2024based-2026-04-28,sourced,
people.npp.php.life_expectancy_male,2028,UK,79.938673,years,projection,ons_npp,NPP-2024based-2026-04-28,sourced,
people.npp.php.life_expectancy_male,2029,UK,80.085956,years,projection,ons_npp,NPP-2024based-2026-04-28,sourced,
people.npp.php.life_expectancy_male,2030,UK,80.235562,years,projection,ons_npp,NPP-2024based-2026-04-28,sourced,
people.npp.php.life_expectancy_male,2031,UK,80.385669,years,projection,ons_npp,NPP-2024based-2026-04-28,sourced,
people.npp.php.life_expectancy_male,2032,UK,80.538759,years,projection,ons_npp,NPP-2024based-2026-04-28,sourced,
people.npp.php.life_expectancy_male,2033,UK,80.694756,years,projection,ons_npp,NPP-2024based-2026-04-28,sourced,
people.npp.php.life_expectancy_male,2034,UK,80.851987,years,projection,ons_npp,NPP-2024based-2026-04-28,sourced,
people.npp.php.life_expectancy_male,2035,UK,81.012998,years,projection,ons_npp,NPP-2024based-2026-04-28,sourced,
people.npp.php.life_expectancy_male,2036,UK,81.175261,years,projection,ons_npp,NPP-2024based-2026-04-28,sourced,
people.npp.php.life_expectancy_male,2037,UK,81.34073,years,projection,ons_npp,NPP-2024based-2026-04-28,sourced,
people.npp.php.life_expectancy_male,2038,UK,81.509192,years,projection,ons_npp,NPP-2024based-2026-04-28,sourced,
people.npp.php.life_expectancy_male,2039,UK,81.679298,years,projection,ons_npp,NPP-2024based-2026-04-28,sourced,
people.npp.php.life_expectancy_male,2040,UK,81.851513,years,projection,ons_npp,NPP-2024based-2026-04-28,sourced,
people.npp.php.life_expectancy_male,2041,UK,82.026602,years,projection,ons_npp,NPP-2024based-2026-04-28,sourced,
people.npp.php.life_expectancy_male,2042,UK,82.203104,years,projection,ons_npp,NPP-2024based-2026-04-28,sourced,
people.npp.php.life_expectancy_male,2043,UK,82.380378,years,projection,ons_npp,NPP-2024based-2026-04-28,sourced,
people.npp.php.life_expectancy_male,2044,UK,82.560372,years,projection,ons_npp,NPP-2024based-2026-04-28,sourced,
people.npp.php.life_expectancy_male,2045,UK,82.741562,years,projection,ons_npp,NPP-2024based-2026-04-28,sourced,
people.npp.php.life_expectancy_male,2046,UK,82.922527,years,projection,ons_npp,NPP-2024based-2026-04-28,sourced,
people.npp.php.life_expectancy_male,2047,UK,83.104428,years,projection,ons_npp,NPP-2024based-2026-04-28,sourced,
people.npp.php.life_expectancy_male,2048,UK,83.286036,years,projection,ons_npp,NPP-2024based-2026-04-28,sourced,
people.npp.php.life_expectancy_male,2049,UK,83.467202,years,projection,ons_npp,NPP-2024based-2026-04-28,sourced,
people.npp.php.life_expectancy_male,2050,UK,83.649422,years,projection,ons_npp,NPP-2024based-2026-04-28,sourced,
people.npp.php.life_expectancy_male,2051,UK,83.829024,years,projection,ons_npp,NPP-2024based-2026-04-28,sourced,
people.npp.php.life_expectancy_male,2052,UK,84.009575,years,projection,ons_npp,NPP-2024based-2026-04-28,sourced,
people.npp.php.life_expectancy_male,2053,UK,84.189139,years,projection,ons_npp,NPP-2024based-2026-04-28,sourced,
people.npp.php.life_expectancy_male,2054,UK,84.368607,years,projection,ons_npp,NPP-2024based-2026-04-28,sourced,
people.npp.php.life_expectancy_male,2055,UK,84.544738,years,projection,ons_npp,NPP-2024based-2026-04-28,sourced,
people.npp.php.life_expectancy_male,2056,UK,84.720072,years,projection,ons_npp,NPP-2024based-2026-04-28,sourced,
people.npp.php.life_expectancy_male,2057,UK,84.898391,years,projection,ons_npp,NPP-2024based-2026-04-28,sourced,
people.npp.php.life_expectancy_male,2058,UK,85.07263,years,projection,ons_npp,NPP-2024based-2026-04-28,sourced,
people.npp.php.life_expectancy_male,2059,UK,85.245886,years,projection,ons_npp,NPP-2024based-2026-04-28,sourced,
people.npp.php.life_expectancy_male,2060,UK,85.419706,years,projection,ons_npp,NPP-2024based-2026-04-28,sourced,
people.npp.php.life_expectancy_male,2061,UK,85.593444,years,projection,ons_npp,NPP-2024based-2026-04-28,sourced,
people.npp.php.life_expectancy_male,2062,UK,85.763667,years,projection,ons_npp,NPP-2024based-2026-04-28,sourced,
people.npp.php.life_expectancy_male,2063,UK,85.934955,years,projection,ons_npp,NPP-2024based-2026-04-28,sourced,
people.npp.php.life_expectancy_male,2064,UK,86.10554,years,projection,ons_npp,NPP-2024based-2026-04-28,sourced,
people.npp.php.life_expectancy_male,2065,UK,86.273703,years,projection,ons_npp,NPP-2024based-2026-04-28,sourced,
people.npp.php.life_expectancy_male,2066,UK,86.441681,years,projection,ons_npp,NPP-2024based-2026-04-28,sourced,
people.npp.php.life_expectancy_male,2067,UK,86.609604,years,projection,ons_npp,NPP-2024based-2026-04-28,sourced,
people.npp.php.life_expectancy_male,2068,UK,86.777374,years,projection,ons_npp,NPP-2024based-2026-04-28,sourced,
people.npp.php.life_expectancy_male,2069,UK,86.942428,years,projection,ons_npp,NPP-2024based-2026-04-28,sourced,
people.npp.php.life_expectancy_male,2070,UK,87.107375,years,projection,ons_npp,NPP-2024based-2026-04-28,sourced,
people.npp.php.life_expectancy_male,2071,UK,87.272953,years,projection,ons_npp,NPP-2024based-2026-04-28,sourced,
people.npp.php.life_expectancy_male,2072,UK,87.434744,years,projection,ons_npp,NPP-2024based-2026-04-28,sourced,
people.npp.php.life_expectancy_male,2073,UK,87.597873,years,projection,ons_npp,NPP-2024based-2026-04-28,sourced,
people.npp.php.life_expectancy_male,2074,UK,87.759509,years,projection,ons_npp,NPP-2024based-2026-04-28,sourced,
people.npp.php.life_expectancy_male,2075,UK,87.918596,years,projection,ons_npp,NPP-2024based-2026-04-28,sourced,
people.npp.php.net_migration,2025,UK,204.0,persons_k,projection,ons_npp,NPP-2024based-2026-04-28,sourced,
people.npp.php.net_migration,2026,UK,138.0,persons_k,projection,ons_npp,NPP-2024based-2026-04-28,sourced,
people.npp.php.net_migration,2027,UK,230.0,persons_k,projection,ons_npp,NPP-2024based-2026-04-28,sourced,
people.npp.php.net_migration,2028,UK,230.0,persons_k,projection,ons_npp,NPP-2024based-2026-04-28,sourced,
people.npp.php.net_migration,2029,UK,230.0,persons_k,projection,ons_npp,NPP-2024based-2026-04-28,sourced,
people.npp.php.net_migration,2030,UK,230.0,persons_k,projection,ons_npp,NPP-2024based-2026-04-28,sourced,
people.npp.php.net_migration,2031,UK,230.0,persons_k,projection,ons_npp,NPP-2024based-2026-04-28,sourced,
people.npp.php.net_migration,2032,UK,230.0,persons_k,projection,ons_npp,NPP-2024based-2026-04-28,sourced,
people.npp.php.net_migration,2033,UK,230.0,persons_k,projection,ons_npp,NPP-2024based-2026-04-28,sourced,
people.npp.php.net_migration,2034,UK,230.0,persons_k,projection,ons_npp,NPP-2024based-2026-04-28,sourced,
people.npp.php.net_migration,2035,UK,230.0,persons_k,projection,ons_npp,NPP-2024based-2026-04-28,sourced,
people.npp.php.net_migration,2036,UK,230.0,persons_k,projection,ons_npp,NPP-2024based-2026-04-28,sourced,
people.npp.php.net_migration,2037,UK,230.0,persons_k,projection,ons_npp,NPP-2024based-2026-04-28,sourced,
people.npp.php.net_migration,2038,UK,230.0,persons_k,projection,ons_npp,NPP-2024based-2026-04-28,sourced,
people.npp.php.net_migration,2039,UK,230.0,persons_k,projection,ons_npp,NPP-2024based-2026-04-28,sourced,
people.npp.php.net_migration,2040,UK,230.0,persons_k,projection,ons_npp,NPP-2024based-2026-04-28,sourced,
people.npp.php.net_migration,2041,UK,230.0,persons_k,projection,ons_npp,NPP-2024based-2026-04-28,sourced,
people.npp.php.net_migration,2042,UK,230.0,persons_k,projection,ons_npp,NPP-2024based-2026-04-28,sourced,
people.npp.php.net_migration,2043,UK,230.0,persons_k,projection,ons_npp,NPP-2024based-2026-04-28,sourced,
people.npp.php.net_migration,2044,UK,230.0,persons_k,projection,ons_npp,NPP-2024based-2026-04-28,sourced,
people.npp.php.net_migration,2045,UK,230.0,persons_k,projection,ons_npp,NPP-2024based-2026-04-28,sourced,
people.npp.php.net_migration,2046,UK,230.0,persons_k,projection,ons_npp,NPP-2024based-2026-04-28,sourced,
people.npp.php.net_migration,2047,UK,230.0,persons_k,projection,ons_npp,NPP-2024based-2026-04-28,sourced,
people.npp.php.net_migration,2048,UK,230.0,persons_k,projection,ons_npp,NPP-2024based-2026-04-28,sourced,
people.npp.php.net_migration,2049,UK,230.0,persons_k,projection,ons_npp,NPP-2024based-2026-04-28,sourced,
people.npp.php.net_migration,2050,UK,230.0,persons_k,projection,ons_npp,NPP-2024based-2026-04-28,sourced,
people.npp.php.net_migration,2051,UK,230.0,persons_k,projection,ons_npp,NPP-2024based-2026-04-28,sourced,
people.npp.php.net_migration,2052,UK,230.0,persons_k,projection,ons_npp,NPP-2024based-2026-04-28,sourced,
people.npp.php.net_migration,2053,UK,230.0,persons_k,projection,ons_npp,NPP-2024based-2026-04-28,sourced,
people.npp.php.net_migration,2054,UK,230.0,persons_k,projection,ons_npp,NPP-2024based-2026-04-28,sourced,
people.npp.php.net_migration,2055,UK,230.0,persons_k,projection,ons_npp,NPP-2024based-2026-04-28,sourced,
people.npp.php.net_migration,2056,UK,230.0,persons_k,projection,ons_npp,NPP-2024based-2026-04-28,sourced,
people.npp.php.net_migration,2057,UK,230.0,persons_k,projection,ons_npp,NPP-2024based-2026-04-28,sourced,
people.npp.php.net_migration,2058,UK,230.0,persons_k,projection,ons_npp,NPP-2024based-2026-04-28,sourced,
people.npp.php.net_migration,2059,UK,230.0,persons_k,projection,ons_npp,NPP-2024based-2026-04-28,sourced,
people.npp.php.net_migration,2060,UK,230.0,persons_k,projection,ons_npp,NPP-2024based-2026-04-28,sourced,
people.npp.php.net_migration,2061,UK,230.0,persons_k,projection,ons_npp,NPP-2024based-2026-04-28,sourced,
people.npp.php.net_migration,2062,UK,230.0,persons_k,projection,ons_npp,NPP-2024based-2026-04-28,sourced,
people.npp.php.net_migration,2063,UK,230.0,persons_k,projection,ons_npp,NPP-2024based-2026-04-28,sourced,
people.npp.php.net_migration,2064,UK,230.0,persons_k,projection,ons_npp,NPP-2024based-2026-04-28,sourced,
people.npp.php.net_migration,2065,UK,230.0,persons_k,projection,ons_npp,NPP-2024based-2026-04-28,sourced,
people.npp.php.net_migration,2066,UK,230.0,persons_k,projection,ons_npp,NPP-2024based-2026-04-28,sourced,
people.npp.php.net_migration,2067,UK,230.0,persons_k,projection,ons_npp,NPP-2024based-2026-04-28,sourced,
people.npp.php.net_migration,2068,UK,230.0,persons_k,projection,ons_npp,NPP-2024based-2026-04-28,sourced,
people.npp.php.net_migration,2069,UK,230.0,persons_k,projection,ons_npp,NPP-2024based-2026-04-28,sourced,
people.npp.php.net_migration,2070,UK,230.0,persons_k,projection,ons_npp,NPP-2024based-2026-04-28,sourced,
people.npp.php.net_migration,2071,UK,230.0,persons_k,projection,ons_npp,NPP-2024based-2026-04-28,sourced,
people.npp.php.net_migration,2072,UK,230.0,persons_k,projection,ons_npp,NPP-2024based-2026-04-28,sourced,
people.npp.php.net_migration,2073,UK,230.0,persons_k,projection,ons_npp,NPP-2024based-2026-04-28,sourced,
people.npp.php.net_migration,2074,UK,230.0,persons_k,projection,ons_npp,NPP-2024based-2026-04-28,sourced,
people.npp.php.net_migration,2075,UK,230.0,persons_k,projection,ons_npp,NPP-2024based-2026-04-28,sourced,
people.npp.php.oadr,2024,UK,279.682164,per_1000,outturn,ons_npp,NPP-2024based-2026-04-28,sourced,"Base year of the 2024-based projections: ONS mid-2024 population estimate. ONS: Children under 16, working age, and pensionable age populations are based on State Pension Age (SPA) for a given year. Women's SPA increased to 65 between April 2016 and November 2018. From December 2018, the SPA for both sexes increased to 66 by October 2020 (Pensions Act 2011). Between 2026 and 2028, the SPA will increase from 66 to 67 years for both sexes (Pensions Act 2014), and will increase to 68 between 2044 and 2046 (Pensions Act 2007)."
people.npp.php.oadr,2025,UK,284.391299,per_1000,projection,ons_npp,NPP-2024based-2026-04-28,sourced,
people.npp.php.oadr,2026,UK,285.728272,per_1000,projection,ons_npp,NPP-2024based-2026-04-28,sourced,
people.npp.php.oadr,2027,UK,279.038497,per_1000,projection,ons_npp,NPP-2024based-2026-04-28,sourced,
people.npp.php.oadr,2028,UK,275.773019,per_1000,projection,ons_npp,NPP-2024based-2026-04-28,sourced,
people.npp.php.oadr,2029,UK,281.167437,per_1000,projection,ons_npp,NPP-2024based-2026-04-28,sourced,
people.npp.php.oadr,2030,UK,286.975003,per_1000,projection,ons_npp,NPP-2024based-2026-04-28,sourced,
people.npp.php.oadr,2031,UK,293.047409,per_1000,projection,ons_npp,NPP-2024based-2026-04-28,sourced,
people.npp.php.oadr,2032,UK,299.095526,per_1000,projection,ons_npp,NPP-2024based-2026-04-28,sourced,
people.npp.php.oadr,2033,UK,304.850522,per_1000,projection,ons_npp,NPP-2024based-2026-04-28,sourced,
people.npp.php.oadr,2034,UK,310.532146,per_1000,projection,ons_npp,NPP-2024based-2026-04-28,sourced,
people.npp.php.oadr,2035,UK,315.853082,per_1000,projection,ons_npp,NPP-2024based-2026-04-28,sourced,
people.npp.php.oadr,2036,UK,321.055976,per_1000,projection,ons_npp,NPP-2024based-2026-04-28,sourced,
people.npp.php.oadr,2037,UK,325.636847,per_1000,projection,ons_npp,NPP-2024based-2026-04-28,sourced,
people.npp.php.oadr,2038,UK,330.556405,per_1000,projection,ons_npp,NPP-2024based-2026-04-28,sourced,
people.npp.php.oadr,2039,UK,334.658573,per_1000,projection,ons_npp,NPP-2024based-2026-04-28,sourced,
people.npp.php.oadr,2040,UK,337.872479,per_1000,projection,ons_npp,NPP-2024based-2026-04-28,sourced,
people.npp.php.oadr,2041,UK,340.229783,per_1000,projection,ons_npp,NPP-2024based-2026-04-28,sourced,
people.npp.php.oadr,2042,UK,342.21456,per_1000,projection,ons_npp,NPP-2024based-2026-04-28,sourced,
people.npp.php.oadr,2043,UK,343.769788,per_1000,projection,ons_npp,NPP-2024based-2026-04-28,sourced,
people.npp.php.oadr,2044,UK,341.598085,per_1000,projection,ons_npp,NPP-2024based-2026-04-28,sourced,
people.npp.php.oadr,2045,UK,332.378681,per_1000,projection,ons_npp,NPP-2024based-2026-04-28,sourced,
people.npp.php.oadr,2046,UK,326.392652,per_1000,projection,ons_npp,NPP-2024based-2026-04-28,sourced,
people.npp.php.oadr,2047,UK,329.421941,per_1000,projection,ons_npp,NPP-2024based-2026-04-28,sourced,
people.npp.php.oadr,2048,UK,333.414811,per_1000,projection,ons_npp,NPP-2024based-2026-04-28,sourced,
people.npp.php.oadr,2049,UK,337.378639,per_1000,projection,ons_npp,NPP-2024based-2026-04-28,sourced,
people.npp.php.oadr,2050,UK,341.143863,per_1000,projection,ons_npp,NPP-2024based-2026-04-28,sourced,
people.npp.php.oadr,2051,UK,345.086449,per_1000,projection,ons_npp,NPP-2024based-2026-04-28,sourced,
people.npp.php.oadr,2052,UK,349.036477,per_1000,projection,ons_npp,NPP-2024based-2026-04-28,sourced,
people.npp.php.oadr,2053,UK,353.768547,per_1000,projection,ons_npp,NPP-2024based-2026-04-28,sourced,
people.npp.php.oadr,2054,UK,358.659516,per_1000,projection,ons_npp,NPP-2024based-2026-04-28,sourced,
people.npp.php.oadr,2055,UK,363.746641,per_1000,projection,ons_npp,NPP-2024based-2026-04-28,sourced,
people.npp.php.oadr,2056,UK,369.459469,per_1000,projection,ons_npp,NPP-2024based-2026-04-28,sourced,
people.npp.php.oadr,2057,UK,374.966836,per_1000,projection,ons_npp,NPP-2024based-2026-04-28,sourced,
people.npp.php.oadr,2058,UK,380.760735,per_1000,projection,ons_npp,NPP-2024based-2026-04-28,sourced,
people.npp.php.oadr,2059,UK,386.743256,per_1000,projection,ons_npp,NPP-2024based-2026-04-28,sourced,
people.npp.php.oadr,2060,UK,392.533504,per_1000,projection,ons_npp,NPP-2024based-2026-04-28,sourced,
people.npp.php.oadr,2061,UK,397.848883,per_1000,projection,ons_npp,NPP-2024based-2026-04-28,sourced,
people.npp.php.oadr,2062,UK,403.354673,per_1000,projection,ons_npp,NPP-2024based-2026-04-28,sourced,
people.npp.php.oadr,2063,UK,408.488804,per_1000,projection,ons_npp,NPP-2024based-2026-04-28,sourced,
people.npp.php.oadr,2064,UK,413.598394,per_1000,projection,ons_npp,NPP-2024based-2026-04-28,sourced,
people.npp.php.oadr,2065,UK,419.40013,per_1000,projection,ons_npp,NPP-2024based-2026-04-28,sourced,
people.npp.php.oadr,2066,UK,424.94471,per_1000,projection,ons_npp,NPP-2024based-2026-04-28,sourced,
people.npp.php.oadr,2067,UK,430.25134,per_1000,projection,ons_npp,NPP-2024based-2026-04-28,sourced,
people.npp.php.oadr,2068,UK,434.697365,per_1000,projection,ons_npp,NPP-2024based-2026-04-28,sourced,
people.npp.php.oadr,2069,UK,438.625833,per_1000,projection,ons_npp,NPP-2024based-2026-04-28,sourced,
people.npp.php.oadr,2070,UK,442.570112,per_1000,projection,ons_npp,NPP-2024based-2026-04-28,sourced,
people.npp.php.oadr,2071,UK,446.841066,per_1000,projection,ons_npp,NPP-2024based-2026-04-28,sourced,
people.npp.php.oadr,2072,UK,451.721923,per_1000,projection,ons_npp,NPP-2024based-2026-04-28,sourced,
people.npp.php.oadr,2073,UK,457.138239,per_1000,projection,ons_npp,NPP-2024based-2026-04-28,sourced,
people.npp.php.oadr,2074,UK,462.624816,per_1000,projection,ons_npp,NPP-2024based-2026-04-28,sourced,
people.npp.php.oadr,2075,UK,468.638995,per_1000,projection,ons_npp,NPP-2024based-2026-04-28,sourced,
people.npp.php.pension_age,2024,UK,12388.913,persons_k,outturn,ons_npp,NPP-2024based-2026-04-28,sourced,"Base year of the 2024-based projections: ONS mid-2024 population estimate. ONS: Children under 16, working age, and pensionable age populations are based on State Pension Age (SPA) for a given year. Women's SPA increased to 65 between April 2016 and November 2018. From December 2018, the SPA for both sexes increased to 66 by October 2020 (Pensions Act 2011). Between 2026 and 2028, the SPA will increase from 66 to 67 years for both sexes (Pensions Act 2014), and will increase to 68 between 2044 and 2046 (Pensions Act 2007)."
people.npp.php.pension_age,2025,UK,12633.509,persons_k,projection,ons_npp,NPP-2024based-2026-04-28,sourced,
people.npp.php.pension_age,2026,UK,12745.109459,persons_k,projection,ons_npp,NPP-2024based-2026-04-28,sourced,
people.npp.php.pension_age,2027,UK,12595.594479,persons_k,projection,ons_npp,NPP-2024based-2026-04-28,sourced,
people.npp.php.pension_age,2028,UK,12562.515,persons_k,projection,ons_npp,NPP-2024based-2026-04-28,sourced,
people.npp.php.pension_age,2029,UK,12832.914,persons_k,projection,ons_npp,NPP-2024based-2026-04-28,sourced,
people.npp.php.pension_age,2030,UK,13113.705,persons_k,projection,ons_npp,NPP-2024based-2026-04-28,sourced,
people.npp.php.pension_age,2031,UK,13402.69,persons_k,projection,ons_npp,NPP-2024based-2026-04-28,sourced,
people.npp.php.pension_age,2032,UK,13691.468,persons_k,projection,ons_npp,NPP-2024based-2026-04-28,sourced,
people.npp.php.pension_age,2033,UK,13964.133,persons_k,projection,ons_npp,NPP-2024based-2026-04-28,sourced,
people.npp.php.pension_age,2034,UK,14229.172,persons_k,projection,ons_npp,NPP-2024based-2026-04-28,sourced,
people.npp.php.pension_age,2035,UK,14478.475,persons_k,projection,ons_npp,NPP-2024based-2026-04-28,sourced,
people.npp.php.pension_age,2036,UK,14719.14,persons_k,projection,ons_npp,NPP-2024based-2026-04-28,sourced,
people.npp.php.pension_age,2037,UK,14930.82,persons_k,projection,ons_npp,NPP-2024based-2026-04-28,sourced,
people.npp.php.pension_age,2038,UK,15154.523,persons_k,projection,ons_npp,NPP-2024based-2026-04-28,sourced,
people.npp.php.pension_age,2039,UK,15339.485,persons_k,projection,ons_npp,NPP-2024based-2026-04-28,sourced,
people.npp.php.pension_age,2040,UK,15488.291,persons_k,projection,ons_npp,NPP-2024based-2026-04-28,sourced,
people.npp.php.pension_age,2041,UK,15602.501,persons_k,projection,ons_npp,NPP-2024based-2026-04-28,sourced,
people.npp.php.pension_age,2042,UK,15703.59,persons_k,projection,ons_npp,NPP-2024based-2026-04-28,sourced,
people.npp.php.pension_age,2043,UK,15788.149,persons_k,projection,ons_npp,NPP-2024based-2026-04-28,sourced,
people.npp.php.pension_age,2044,UK,15743.379405,persons_k,projection,ons_npp,NPP-2024based-2026-04-28,sourced,
people.npp.php.pension_age,2045,UK,15451.805677,persons_k,projection,ons_npp,NPP-2024based-2026-04-28,sourced,
people.npp.php.pension_age,2046,UK,15267.563,persons_k,projection,ons_npp,NPP-2024based-2026-04-28,sourced,
people.npp.php.pension_age,2047,UK,15398.714,persons_k,projection,ons_npp,NPP-2024based-2026-04-28,sourced,
people.npp.php.pension_age,2048,UK,15562.302,persons_k,projection,ons_npp,NPP-2024based-2026-04-28,sourced,
people.npp.php.pension_age,2049,UK,15723.354,persons_k,projection,ons_npp,NPP-2024based-2026-04-28,sourced,
people.npp.php.pension_age,2050,UK,15876.061,persons_k,projection,ons_npp,NPP-2024based-2026-04-28,sourced,
people.npp.php.pension_age,2051,UK,16033.654,persons_k,projection,ons_npp,NPP-2024based-2026-04-28,sourced,
people.npp.php.pension_age,2052,UK,16190.413,persons_k,projection,ons_npp,NPP-2024based-2026-04-28,sourced,
people.npp.php.pension_age,2053,UK,16373.002,persons_k,projection,ons_npp,NPP-2024based-2026-04-28,sourced,
people.npp.php.pension_age,2054,UK,16559.973,persons_k,projection,ons_npp,NPP-2024based-2026-04-28,sourced,
people.npp.php.pension_age,2055,UK,16752.636,persons_k,projection,ons_npp,NPP-2024based-2026-04-28,sourced,
people.npp.php.pension_age,2056,UK,16965.4,persons_k,projection,ons_npp,NPP-2024based-2026-04-28,sourced,
people.npp.php.pension_age,2057,UK,17170.259,persons_k,projection,ons_npp,NPP-2024based-2026-04-28,sourced,
people.npp.php.pension_age,2058,UK,17383.698,persons_k,projection,ons_npp,NPP-2024based-2026-04-28,sourced,
people.npp.php.pension_age,2059,UK,17602.33,persons_k,projection,ons_npp,NPP-2024based-2026-04-28,sourced,
people.npp.php.pension_age,2060,UK,17813.592,persons_k,projection,ons_npp,NPP-2024based-2026-04-28,sourced,
people.npp.php.pension_age,2061,UK,18008.28,persons_k,projection,ons_npp,NPP-2024based-2026-04-28,sourced,
people.npp.php.pension_age,2062,UK,18207.92,persons_k,projection,ons_npp,NPP-2024based-2026-04-28,sourced,
people.npp.php.pension_age,2063,UK,18394.344,persons_k,projection,ons_npp,NPP-2024based-2026-04-28,sourced,
people.npp.php.pension_age,2064,UK,18578.722,persons_k,projection,ons_npp,NPP-2024based-2026-04-28,sourced,
people.npp.php.pension_age,2065,UK,18783.526,persons_k,projection,ons_npp,NPP-2024based-2026-04-28,sourced,
people.npp.php.pension_age,2066,UK,18978.188,persons_k,projection,ons_npp,NPP-2024based-2026-04-28,sourced,
people.npp.php.pension_age,2067,UK,19163.075,persons_k,projection,ons_npp,NPP-2024based-2026-04-28,sourced,
people.npp.php.pension_age,2068,UK,19318.849,persons_k,projection,ons_npp,NPP-2024based-2026-04-28,sourced,
people.npp.php.pension_age,2069,UK,19456.241,persons_k,projection,ons_npp,NPP-2024based-2026-04-28,sourced,
people.npp.php.pension_age,2070,UK,19591.572,persons_k,projection,ons_npp,NPP-2024based-2026-04-28,sourced,
people.npp.php.pension_age,2071,UK,19734.052,persons_k,projection,ons_npp,NPP-2024based-2026-04-28,sourced,
people.npp.php.pension_age,2072,UK,19891.948,persons_k,projection,ons_npp,NPP-2024based-2026-04-28,sourced,
people.npp.php.pension_age,2073,UK,20062.537,persons_k,projection,ons_npp,NPP-2024based-2026-04-28,sourced,
people.npp.php.pension_age,2074,UK,20231.409,persons_k,projection,ons_npp,NPP-2024based-2026-04-28,sourced,
people.npp.php.pension_age,2075,UK,20411.974,persons_k,projection,ons_npp,NPP-2024based-2026-04-28,sourced,
people.npp.php.population,2024,UK,69281.437,persons_k,outturn,ons_npp,NPP-2024based-2026-04-28,sourced,Base year of the 2024-based projections: ONS mid-2024 population estimate.
people.npp.php.population,2025,UK,69502.341,persons_k,projection,ons_npp,NPP-2024based-2026-04-28,sourced,
people.npp.php.population,2026,UK,69627.692,persons_k,projection,ons_npp,NPP-2024based-2026-04-28,sourced,
people.npp.php.population,2027,UK,69836.582,persons_k,projection,ons_npp,NPP-2024based-2026-04-28,sourced,
people.npp.php.population,2028,UK,70036.611,persons_k,projection,ons_npp,NPP-2024based-2026-04-28,sourced,
people.npp.php.population,2029,UK,70227.035,persons_k,projection,ons_npp,NPP-2024based-2026-04-28,sourced,
people.npp.php.population,2030,UK,70408.124,persons_k,projection,ons_npp,NPP-2024based-2026-04-28,sourced,
people.npp.php.population,2031,UK,70580.429,persons_k,projection,ons_npp,NPP-2024based-2026-04-28,sourced,
people.npp.php.population,2032,UK,70744.017,persons_k,projection,ons_npp,NPP-2024based-2026-04-28,sourced,
people.npp.php.population,2033,UK,70899.234,persons_k,projection,ons_npp,NPP-2024based-2026-04-28,sourced,
people.npp.php.population,2034,UK,71046.754,persons_k,projection,ons_npp,NPP-2024based-2026-04-28,sourced,
people.npp.php.population,2035,UK,71187.666,persons_k,projection,ons_npp,NPP-2024based-2026-04-28,sourced,
people.npp.php.population,2036,UK,71323.213,persons_k,projection,ons_npp,NPP-2024based-2026-04-28,sourced,
people.npp.php.population,2037,UK,71454.596,persons_k,projection,ons_npp,NPP-2024based-2026-04-28,sourced,
people.npp.php.population,2038,UK,71582.835,persons_k,projection,ons_npp,NPP-2024based-2026-04-28,sourced,
people.npp.php.population,2039,UK,71708.815,persons_k,projection,ons_npp,NPP-2024based-2026-04-28,sourced,
people.npp.php.population,2040,UK,71833.318,persons_k,projection,ons_npp,NPP-2024based-2026-04-28,sourced,
people.npp.php.population,2041,UK,71956.792,persons_k,projection,ons_npp,NPP-2024based-2026-04-28,sourced,
people.npp.php.population,2042,UK,72079.477,persons_k,projection,ons_npp,NPP-2024based-2026-04-28,sourced,
people.npp.php.population,2043,UK,72201.363,persons_k,projection,ons_npp,NPP-2024based-2026-04-28,sourced,
people.npp.php.population,2044,UK,72322.042,persons_k,projection,ons_npp,NPP-2024based-2026-04-28,sourced,
people.npp.php.population,2045,UK,72440.533,persons_k,projection,ons_npp,NPP-2024based-2026-04-28,sourced,
people.npp.php.population,2046,UK,72555.81,persons_k,projection,ons_npp,NPP-2024based-2026-04-28,sourced,
people.npp.php.population,2047,UK,72667.198,persons_k,projection,ons_npp,NPP-2024based-2026-04-28,sourced,
people.npp.php.population,2048,UK,72773.832,persons_k,projection,ons_npp,NPP-2024based-2026-04-28,sourced,
people.npp.php.population,2049,UK,72874.802,persons_k,projection,ons_npp,NPP-2024based-2026-04-28,sourced,
people.npp.php.population,2050,UK,72968.483,persons_k,projection,ons_npp,NPP-2024based-2026-04-28,sourced,
people.npp.php.population,2051,UK,73053.36,persons_k,projection,ons_npp,NPP-2024based-2026-04-28,sourced,
people.npp.php.population,2052,UK,73128.817,persons_k,projection,ons_npp,NPP-2024based-2026-04-28,sourced,
people.npp.php.population,2053,UK,73194.27,persons_k,projection,ons_npp,NPP-2024based-2026-04-28,sourced,
people.npp.php.population,2054,UK,73249.338,persons_k,projection,ons_npp,NPP-2024based-2026-04-28,sourced,
people.npp.php.population,2055,UK,73294.052,persons_k,projection,ons_npp,NPP-2024based-2026-04-28,sourced,
people.npp.php.population,2056,UK,73328.937,persons_k,projection,ons_npp,NPP-2024based-2026-04-28,sourced,
people.npp.php.population,2057,UK,73354.9,persons_k,projection,ons_npp,NPP-2024based-2026-04-28,sourced,
people.npp.php.population,2058,UK,73372.813,persons_k,projection,ons_npp,NPP-2024based-2026-04-28,sourced,
people.npp.php.population,2059,UK,73383.643,persons_k,projection,ons_npp,NPP-2024based-2026-04-28,sourced,
people.npp.php.population,2060,UK,73388.617,persons_k,projection,ons_npp,NPP-2024based-2026-04-28,sourced,
people.npp.php.population,2061,UK,73388.883,persons_k,projection,ons_npp,NPP-2024based-2026-04-28,sourced,
people.npp.php.population,2062,UK,73385.689,persons_k,projection,ons_npp,NPP-2024based-2026-04-28,sourced,
people.npp.php.population,2063,UK,73379.943,persons_k,projection,ons_npp,NPP-2024based-2026-04-28,sourced,
people.npp.php.population,2064,UK,73372.433,persons_k,projection,ons_npp,NPP-2024based-2026-04-28,sourced,
people.npp.php.population,2065,UK,73363.911,persons_k,projection,ons_npp,NPP-2024based-2026-04-28,sourced,
people.npp.php.population,2066,UK,73355.03,persons_k,projection,ons_npp,NPP-2024based-2026-04-28,sourced,
people.npp.php.population,2067,UK,73346.281,persons_k,projection,ons_npp,NPP-2024based-2026-04-28,sourced,
people.npp.php.population,2068,UK,73337.974,persons_k,projection,ons_npp,NPP-2024based-2026-04-28,sourced,
people.npp.php.population,2069,UK,73330.063,persons_k,projection,ons_npp,NPP-2024based-2026-04-28,sourced,
people.npp.php.population,2070,UK,73322.303,persons_k,projection,ons_npp,NPP-2024based-2026-04-28,sourced,
people.npp.php.population,2071,UK,73314.216,persons_k,projection,ons_npp,NPP-2024based-2026-04-28,sourced,
people.npp.php.population,2072,UK,73305.203,persons_k,projection,ons_npp,NPP-2024based-2026-04-28,sourced,
people.npp.php.population,2073,UK,73294.497,persons_k,projection,ons_npp,NPP-2024based-2026-04-28,sourced,
people.npp.php.population,2074,UK,73281.275,persons_k,projection,ons_npp,NPP-2024based-2026-04-28,sourced,
people.npp.php.population,2075,UK,73264.718,persons_k,projection,ons_npp,NPP-2024based-2026-04-28,sourced,
people.npp.php.tfr,2025,UK,1.38941,children_per_woman,projection,ons_npp,NPP-2024based-2026-04-28,sourced,
people.npp.php.tfr,2026,UK,1.397368,children_per_woman,projection,ons_npp,NPP-2024based-2026-04-28,sourced,
people.npp.php.tfr,2027,UK,1.393062,children_per_woman,projection,ons_npp,NPP-2024based-2026-04-28,sourced,
people.npp.php.tfr,2028,UK,1.388939,children_per_woman,projection,ons_npp,NPP-2024based-2026-04-28,sourced,
people.npp.php.tfr,2029,UK,1.385051,children_per_woman,projection,ons_npp,NPP-2024based-2026-04-28,sourced,
people.npp.php.tfr,2030,UK,1.383101,children_per_woman,projection,ons_npp,NPP-2024based-2026-04-28,sourced,
people.npp.php.tfr,2031,UK,1.383017,children_per_woman,projection,ons_npp,NPP-2024based-2026-04-28,sourced,
people.npp.php.tfr,2032,UK,1.383054,children_per_woman,projection,ons_npp,NPP-2024based-2026-04-28,sourced,
people.npp.php.tfr,2033,UK,1.383277,children_per_woman,projection,ons_npp,NPP-2024based-2026-04-28,sourced,
people.npp.php.tfr,2034,UK,1.383653,children_per_woman,projection,ons_npp,NPP-2024based-2026-04-28,sourced,
people.npp.php.tfr,2035,UK,1.384673,children_per_woman,projection,ons_npp,NPP-2024based-2026-04-28,sourced,
people.npp.php.tfr,2036,UK,1.386304,children_per_woman,projection,ons_npp,NPP-2024based-2026-04-28,sourced,
people.npp.php.tfr,2037,UK,1.388094,children_per_woman,projection,ons_npp,NPP-2024based-2026-04-28,sourced,
people.npp.php.tfr,2038,UK,1.390004,children_per_woman,projection,ons_npp,NPP-2024based-2026-04-28,sourced,
people.npp.php.tfr,2039,UK,1.39207,children_per_woman,projection,ons_npp,NPP-2024based-2026-04-28,sourced,
people.npp.php.tfr,2040,UK,1.394567,children_per_woman,projection,ons_npp,NPP-2024based-2026-04-28,sourced,
people.npp.php.tfr,2041,UK,1.397525,children_per_woman,projection,ons_npp,NPP-2024based-2026-04-28,sourced,
people.npp.php.tfr,2042,UK,1.400612,children_per_woman,projection,ons_npp,NPP-2024based-2026-04-28,sourced,
people.npp.php.tfr,2043,UK,1.403799,children_per_woman,projection,ons_npp,NPP-2024based-2026-04-28,sourced,
people.npp.php.tfr,2044,UK,1.407158,children_per_woman,projection,ons_npp,NPP-2024based-2026-04-28,sourced,
people.npp.php.tfr,2045,UK,1.409727,children_per_woman,projection,ons_npp,NPP-2024based-2026-04-28,sourced,
people.npp.php.tfr,2046,UK,1.411471,children_per_woman,projection,ons_npp,NPP-2024based-2026-04-28,sourced,
people.npp.php.tfr,2047,UK,1.413369,children_per_woman,projection,ons_npp,NPP-2024based-2026-04-28,sourced,
people.npp.php.tfr,2048,UK,1.41537,children_per_woman,projection,ons_npp,NPP-2024based-2026-04-28,sourced,
people.npp.php.tfr,2049,UK,1.417499,children_per_woman,projection,ons_npp,NPP-2024based-2026-04-28,sourced,
people.npp.php.tfr,2050,UK,1.418601,children_per_woman,projection,ons_npp,NPP-2024based-2026-04-28,sourced,
people.npp.php.tfr,2051,UK,1.418584,children_per_woman,projection,ons_npp,NPP-2024based-2026-04-28,sourced,
people.npp.php.tfr,2052,UK,1.418581,children_per_woman,projection,ons_npp,NPP-2024based-2026-04-28,sourced,
people.npp.php.tfr,2053,UK,1.418597,children_per_woman,projection,ons_npp,NPP-2024based-2026-04-28,sourced,
people.npp.php.tfr,2054,UK,1.418598,children_per_woman,projection,ons_npp,NPP-2024based-2026-04-28,sourced,
people.npp.php.tfr,2055,UK,1.4186,children_per_woman,projection,ons_npp,NPP-2024based-2026-04-28,sourced,
people.npp.php.tfr,2056,UK,1.418595,children_per_woman,projection,ons_npp,NPP-2024based-2026-04-28,sourced,
people.npp.php.tfr,2057,UK,1.418597,children_per_woman,projection,ons_npp,NPP-2024based-2026-04-28,sourced,
people.npp.php.tfr,2058,UK,1.41859,children_per_woman,projection,ons_npp,NPP-2024based-2026-04-28,sourced,
people.npp.php.tfr,2059,UK,1.418588,children_per_woman,projection,ons_npp,NPP-2024based-2026-04-28,sourced,
people.npp.php.tfr,2060,UK,1.418591,children_per_woman,projection,ons_npp,NPP-2024based-2026-04-28,sourced,
people.npp.php.tfr,2061,UK,1.418607,children_per_woman,projection,ons_npp,NPP-2024based-2026-04-28,sourced,
people.npp.php.tfr,2062,UK,1.418621,children_per_woman,projection,ons_npp,NPP-2024based-2026-04-28,sourced,
people.npp.php.tfr,2063,UK,1.418635,children_per_woman,projection,ons_npp,NPP-2024based-2026-04-28,sourced,
people.npp.php.tfr,2064,UK,1.418646,children_per_woman,projection,ons_npp,NPP-2024based-2026-04-28,sourced,
people.npp.php.tfr,2065,UK,1.418671,children_per_woman,projection,ons_npp,NPP-2024based-2026-04-28,sourced,
people.npp.php.tfr,2066,UK,1.418698,children_per_woman,projection,ons_npp,NPP-2024based-2026-04-28,sourced,
people.npp.php.tfr,2067,UK,1.418699,children_per_woman,projection,ons_npp,NPP-2024based-2026-04-28,sourced,
people.npp.php.tfr,2068,UK,1.41871,children_per_woman,projection,ons_npp,NPP-2024based-2026-04-28,sourced,
people.npp.php.tfr,2069,UK,1.418754,children_per_woman,projection,ons_npp,NPP-2024based-2026-04-28,sourced,
people.npp.php.tfr,2070,UK,1.418766,children_per_woman,projection,ons_npp,NPP-2024based-2026-04-28,sourced,
people.npp.php.tfr,2071,UK,1.418787,children_per_woman,projection,ons_npp,NPP-2024based-2026-04-28,sourced,
people.npp.php.tfr,2072,UK,1.418827,children_per_woman,projection,ons_npp,NPP-2024based-2026-04-28,sourced,
people.npp.php.tfr,2073,UK,1.418847,children_per_woman,projection,ons_npp,NPP-2024based-2026-04-28,sourced,
people.npp.php.tfr,2074,UK,1.418881,children_per_woman,projection,ons_npp,NPP-2024based-2026-04-28,sourced,
people.npp.php.tfr,2075,UK,1.418895,children_per_woman,projection,ons_npp,NPP-2024based-2026-04-28,sourced,
people.npp.php.working_age,2024,UK,44296.4,persons_k,outturn,ons_npp,NPP-2024based-2026-04-28,sourced,"Base year of the 2024-based projections: ONS mid-2024 population estimate. ONS: Children under 16, working age, and pensionable age populations are based on State Pension Age (SPA) for a given year. Women's SPA increased to 65 between April 2016 and November 2018. From December 2018, the SPA for both sexes increased to 66 by October 2020 (Pensions Act 2011). Between 2026 and 2028, the SPA will increase from 66 to 67 years for both sexes (Pensions Act 2014), and will increase to 68 between 2044 and 2046 (Pensions Act 2007)."
people.npp.php.working_age,2025,UK,44422.98,persons_k,projection,ons_npp,NPP-2024based-2026-04-28,sourced,
people.npp.php.working_age,2026,UK,44605.699541,persons_k,projection,ons_npp,NPP-2024based-2026-04-28,sourced,
people.npp.php.working_age,2027,UK,45139.271521,persons_k,projection,ons_npp,NPP-2024based-2026-04-28,sourced,
people.npp.php.working_age,2028,UK,45553.822,persons_k,projection,ons_npp,NPP-2024based-2026-04-28,sourced,
people.npp.php.working_age,2029,UK,45641.537,persons_k,projection,ons_npp,NPP-2024based-2026-04-28,sourced,
people.npp.php.working_age,2030,UK,45696.332,persons_k,projection,ons_npp,NPP-2024based-2026-04-28,sourced,
people.npp.php.working_age,2031,UK,45735.569,persons_k,projection,ons_npp,NPP-2024based-2026-04-28,sourced,
people.npp.php.working_age,2032,UK,45776.238,persons_k,projection,ons_npp,NPP-2024based-2026-04-28,sourced,
people.npp.php.working_age,2033,UK,45806.492,persons_k,projection,ons_npp,NPP-2024based-2026-04-28,sourced,
people.npp.php.working_age,2034,UK,45821.897,persons_k,projection,ons_npp,NPP-2024based-2026-04-28,sourced,
people.npp.php.working_age,2035,UK,45839.271,persons_k,projection,ons_npp,NPP-2024based-2026-04-28,sourced,
people.npp.php.working_age,2036,UK,45846.024,persons_k,projection,ons_npp,NPP-2024based-2026-04-28,sourced,
people.npp.php.working_age,2037,UK,45851.138,persons_k,projection,ons_npp,NPP-2024based-2026-04-28,sourced,
people.npp.php.working_age,2038,UK,45845.498,persons_k,projection,ons_npp,NPP-2024based-2026-04-28,sourced,
people.npp.php.working_age,2039,UK,45836.223,persons_k,projection,ons_npp,NPP-2024based-2026-04-28,sourced,
people.npp.php.working_age,2040,UK,45840.641,persons_k,projection,ons_npp,NPP-2024based-2026-04-28,sourced,
people.npp.php.working_age,2041,UK,45858.716,persons_k,projection,ons_npp,NPP-2024based-2026-04-28,sourced,
people.npp.php.working_age,2042,UK,45888.141,persons_k,projection,ons_npp,NPP-2024based-2026-04-28,sourced,
people.npp.php.working_age,2043,UK,45926.517,persons_k,projection,ons_npp,NPP-2024based-2026-04-28,sourced,
people.npp.php.working_age,2044,UK,46087.434595,persons_k,projection,ons_npp,NPP-2024based-2026-04-28,sourced,
people.npp.php.working_age,2045,UK,46488.558323,persons_k,projection,ons_npp,NPP-2024based-2026-04-28,sourced,
people.npp.php.working_age,2046,UK,46776.675,persons_k,projection,ons_npp,NPP-2024based-2026-04-28,sourced,
people.npp.php.working_age,2047,UK,46744.652,persons_k,projection,ons_npp,NPP-2024based-2026-04-28,sourced,
people.npp.php.working_age,2048,UK,46675.497,persons_k,projection,ons_npp,NPP-2024based-2026-04-28,sourced,
people.npp.php.working_age,2049,UK,46604.474,persons_k,projection,ons_npp,NPP-2024based-2026-04-28,sourced,
people.npp.php.working_age,2050,UK,46537.73,persons_k,projection,ons_npp,NPP-2024based-2026-04-28,sourced,
people.npp.php.working_age,2051,UK,46462.717,persons_k,projection,ons_npp,NPP-2024based-2026-04-28,sourced,
people.npp.php.working_age,2052,UK,46386.02,persons_k,projection,ons_npp,NPP-2024based-2026-04-28,sourced,
people.npp.php.working_age,2053,UK,46281.678,persons_k,projection,ons_npp,NPP-2024based-2026-04-28,sourced,
people.npp.php.working_age,2054,UK,46171.849,persons_k,projection,ons_npp,NPP-2024based-2026-04-28,sourced,
people.npp.php.working_age,2055,UK,46055.782,persons_k,projection,ons_npp,NPP-2024based-2026-04-28,sourced,
people.npp.php.working_age,2056,UK,45919.516,persons_k,projection,ons_npp,NPP-2024based-2026-04-28,sourced,
people.npp.php.working_age,2057,UK,45791.407,persons_k,projection,ons_npp,NPP-2024based-2026-04-28,sourced,
people.npp.php.working_age,2058,UK,45655.175,persons_k,projection,ons_npp,NPP-2024based-2026-04-28,sourced,
people.npp.php.working_age,2059,UK,45514.252,persons_k,projection,ons_npp,NPP-2024based-2026-04-28,sourced,
people.npp.php.working_age,2060,UK,45381.074,persons_k,projection,ons_npp,NPP-2024based-2026-04-28,sourced,
people.npp.php.working_age,2061,UK,45264.121,persons_k,projection,ons_npp,NPP-2024based-2026-04-28,sourced,
people.npp.php.working_age,2062,UK,45141.215,persons_k,projection,ons_npp,NPP-2024based-2026-04-28,sourced,
people.npp.php.working_age,2063,UK,45030.228,persons_k,projection,ons_npp,NPP-2024based-2026-04-28,sourced,
people.npp.php.working_age,2064,UK,44919.715,persons_k,projection,ons_npp,NPP-2024based-2026-04-28,sourced,
people.npp.php.working_age,2065,UK,44786.648,persons_k,projection,ons_npp,NPP-2024based-2026-04-28,sourced,
people.npp.php.working_age,2066,UK,44660.37,persons_k,projection,ons_npp,NPP-2024based-2026-04-28,sourced,
people.npp.php.working_age,2067,UK,44539.257,persons_k,projection,ons_npp,NPP-2024based-2026-04-28,sourced,
people.npp.php.working_age,2068,UK,44442.066,persons_k,projection,ons_npp,NPP-2024based-2026-04-28,sourced,
people.npp.php.working_age,2069,UK,44357.262,persons_k,projection,ons_npp,NPP-2024based-2026-04-28,sourced,
people.npp.php.working_age,2070,UK,44267.725,persons_k,projection,ons_npp,NPP-2024based-2026-04-28,sourced,
people.npp.php.working_age,2071,UK,44163.47,persons_k,projection,ons_npp,NPP-2024based-2026-04-28,sourced,
people.npp.php.working_age,2072,UK,44035.826,persons_k,projection,ons_npp,NPP-2024based-2026-04-28,sourced,
people.npp.php.working_age,2073,UK,43887.243,persons_k,projection,ons_npp,NPP-2024based-2026-04-28,sourced,
people.npp.php.working_age,2074,UK,43731.785,persons_k,projection,ons_npp,NPP-2024based-2026-04-28,sourced,
people.npp.php.working_age,2075,UK,43555.859,persons_k,projection,ons_npp,NPP-2024based-2026-04-28,sourced,
people.npp.plp.births,2025,UK,651.892,persons_k,projection,ons_npp,NPP-2024based-2026-04-28,sourced,
people.npp.plp.births,2026,UK,653.015,persons_k,projection,ons_npp,NPP-2024based-2026-04-28,sourced,
people.npp.plp.births,2027,UK,648.104,persons_k,projection,ons_npp,NPP-2024based-2026-04-28,sourced,
people.npp.plp.births,2028,UK,643.884,persons_k,projection,ons_npp,NPP-2024based-2026-04-28,sourced,
people.npp.plp.births,2029,UK,639.633,persons_k,projection,ons_npp,NPP-2024based-2026-04-28,sourced,
people.npp.plp.births,2030,UK,636.207,persons_k,projection,ons_npp,NPP-2024based-2026-04-28,sourced,
people.npp.plp.births,2031,UK,633.691,persons_k,projection,ons_npp,NPP-2024based-2026-04-28,sourced,
people.npp.plp.births,2032,UK,631.451,persons_k,projection,ons_npp,NPP-2024based-2026-04-28,sourced,
people.npp.plp.births,2033,UK,629.66,persons_k,projection,ons_npp,NPP-2024based-2026-04-28,sourced,
people.npp.plp.births,2034,UK,628.494,persons_k,projection,ons_npp,NPP-2024based-2026-04-28,sourced,
people.npp.plp.births,2035,UK,628.264,persons_k,projection,ons_npp,NPP-2024based-2026-04-28,sourced,
people.npp.plp.births,2036,UK,629.056,persons_k,projection,ons_npp,NPP-2024based-2026-04-28,sourced,
people.npp.plp.births,2037,UK,630.649,persons_k,projection,ons_npp,NPP-2024based-2026-04-28,sourced,
people.npp.plp.births,2038,UK,632.938,persons_k,projection,ons_npp,NPP-2024based-2026-04-28,sourced,
people.npp.plp.births,2039,UK,635.655,persons_k,projection,ons_npp,NPP-2024based-2026-04-28,sourced,
people.npp.plp.births,2040,UK,638.577,persons_k,projection,ons_npp,NPP-2024based-2026-04-28,sourced,
people.npp.plp.births,2041,UK,641.452,persons_k,projection,ons_npp,NPP-2024based-2026-04-28,sourced,
people.npp.plp.births,2042,UK,644.049,persons_k,projection,ons_npp,NPP-2024based-2026-04-28,sourced,
people.npp.plp.births,2043,UK,646.196,persons_k,projection,ons_npp,NPP-2024based-2026-04-28,sourced,
people.npp.plp.births,2044,UK,647.602,persons_k,projection,ons_npp,NPP-2024based-2026-04-28,sourced,
people.npp.plp.births,2045,UK,647.787,persons_k,projection,ons_npp,NPP-2024based-2026-04-28,sourced,
people.npp.plp.births,2046,UK,646.83,persons_k,projection,ons_npp,NPP-2024based-2026-04-28,sourced,
people.npp.plp.births,2047,UK,645.188,persons_k,projection,ons_npp,NPP-2024based-2026-04-28,sourced,
people.npp.plp.births,2048,UK,642.886,persons_k,projection,ons_npp,NPP-2024based-2026-04-28,sourced,
people.npp.plp.births,2049,UK,639.837,persons_k,projection,ons_npp,NPP-2024based-2026-04-28,sourced,
people.npp.plp.births,2050,UK,635.444,persons_k,projection,ons_npp,NPP-2024based-2026-04-28,sourced,
people.npp.plp.births,2051,UK,629.774,persons_k,projection,ons_npp,NPP-2024based-2026-04-28,sourced,
people.npp.plp.births,2052,UK,623.649,persons_k,projection,ons_npp,NPP-2024based-2026-04-28,sourced,
people.npp.plp.births,2053,UK,617.031,persons_k,projection,ons_npp,NPP-2024based-2026-04-28,sourced,
people.npp.plp.births,2054,UK,610.03,persons_k,projection,ons_npp,NPP-2024based-2026-04-28,sourced,
people.npp.plp.births,2055,UK,602.931,persons_k,projection,ons_npp,NPP-2024based-2026-04-28,sourced,
people.npp.plp.births,2056,UK,596.101,persons_k,projection,ons_npp,NPP-2024based-2026-04-28,sourced,
people.npp.plp.births,2057,UK,589.781,persons_k,projection,ons_npp,NPP-2024based-2026-04-28,sourced,
people.npp.plp.births,2058,UK,583.847,persons_k,projection,ons_npp,NPP-2024based-2026-04-28,sourced,
people.npp.plp.births,2059,UK,578.409,persons_k,projection,ons_npp,NPP-2024based-2026-04-28,sourced,
people.npp.plp.births,2060,UK,573.577,persons_k,projection,ons_npp,NPP-2024based-2026-04-28,sourced,
people.npp.plp.births,2061,UK,569.412,persons_k,projection,ons_npp,NPP-2024based-2026-04-28,sourced,
people.npp.plp.births,2062,UK,565.998,persons_k,projection,ons_npp,NPP-2024based-2026-04-28,sourced,
people.npp.plp.births,2063,UK,563.108,persons_k,projection,ons_npp,NPP-2024based-2026-04-28,sourced,
people.npp.plp.births,2064,UK,560.634,persons_k,projection,ons_npp,NPP-2024based-2026-04-28,sourced,
people.npp.plp.births,2065,UK,558.701,persons_k,projection,ons_npp,NPP-2024based-2026-04-28,sourced,
people.npp.plp.births,2066,UK,557.317,persons_k,projection,ons_npp,NPP-2024based-2026-04-28,sourced,
people.npp.plp.births,2067,UK,556.415,persons_k,projection,ons_npp,NPP-2024based-2026-04-28,sourced,
people.npp.plp.births,2068,UK,555.931,persons_k,projection,ons_npp,NPP-2024based-2026-04-28,sourced,
people.npp.plp.births,2069,UK,555.707,persons_k,projection,ons_npp,NPP-2024based-2026-04-28,sourced,
people.npp.plp.births,2070,UK,555.663,persons_k,projection,ons_npp,NPP-2024based-2026-04-28,sourced,
people.npp.plp.births,2071,UK,555.801,persons_k,projection,ons_npp,NPP-2024based-2026-04-28,sourced,
people.npp.plp.births,2072,UK,556.031,persons_k,projection,ons_npp,NPP-2024based-2026-04-28,sourced,
people.npp.plp.births,2073,UK,556.267,persons_k,projection,ons_npp,NPP-2024based-2026-04-28,sourced,
people.npp.plp.births,2074,UK,556.419,persons_k,projection,ons_npp,NPP-2024based-2026-04-28,sourced,
people.npp.plp.births,2075,UK,556.422,persons_k,projection,ons_npp,NPP-2024based-2026-04-28,sourced,
people.npp.plp.deaths,2025,UK,634.987,persons_k,projection,ons_npp,NPP-2024based-2026-04-28,sourced,
people.npp.plp.deaths,2026,UK,665.834,persons_k,projection,ons_npp,NPP-2024based-2026-04-28,sourced,
people.npp.plp.deaths,2027,UK,669.942,persons_k,projection,ons_npp,NPP-2024based-2026-04-28,sourced,
people.npp.plp.deaths,2028,UK,675.541,persons_k,projection,ons_npp,NPP-2024based-2026-04-28,sourced,
people.npp.plp.deaths,2029,UK,682.328,persons_k,projection,ons_npp,NPP-2024based-2026-04-28,sourced,
people.npp.plp.deaths,2030,UK,690.121,persons_k,projection,ons_npp,NPP-2024based-2026-04-28,sourced,
people.npp.plp.deaths,2031,UK,698.687,persons_k,projection,ons_npp,NPP-2024based-2026-04-28,sourced,
people.npp.plp.deaths,2032,UK,707.913,persons_k,projection,ons_npp,NPP-2024based-2026-04-28,sourced,
people.npp.plp.deaths,2033,UK,717.596,persons_k,projection,ons_npp,NPP-2024based-2026-04-28,sourced,
people.npp.plp.deaths,2034,UK,727.604,persons_k,projection,ons_npp,NPP-2024based-2026-04-28,sourced,
people.npp.plp.deaths,2035,UK,737.765,persons_k,projection,ons_npp,NPP-2024based-2026-04-28,sourced,
people.npp.plp.deaths,2036,UK,747.941,persons_k,projection,ons_npp,NPP-2024based-2026-04-28,sourced,
people.npp.plp.deaths,2037,UK,757.997,persons_k,projection,ons_npp,NPP-2024based-2026-04-28,sourced,
people.npp.plp.deaths,2038,UK,767.825,persons_k,projection,ons_npp,NPP-2024based-2026-04-28,sourced,
people.npp.plp.deaths,2039,UK,777.285,persons_k,projection,ons_npp,NPP-2024based-2026-04-28,sourced,
people.npp.plp.deaths,2040,UK,786.253,persons_k,projection,ons_npp,NPP-2024based-2026-04-28,sourced,
people.npp.plp.deaths,2041,UK,794.671,persons_k,projection,ons_npp,NPP-2024based-2026-04-28,sourced,
people.npp.plp.deaths,2042,UK,802.592,persons_k,projection,ons_npp,NPP-2024based-2026-04-28,sourced,
people.npp.plp.deaths,2043,UK,810.07,persons_k,projection,ons_npp,NPP-2024based-2026-04-28,sourced,
people.npp.plp.deaths,2044,UK,817.16,persons_k,projection,ons_npp,NPP-2024based-2026-04-28,sourced,
people.npp.plp.deaths,2045,UK,824.007,persons_k,projection,ons_npp,NPP-2024based-2026-04-28,sourced,
people.npp.plp.deaths,2046,UK,830.696,persons_k,projection,ons_npp,NPP-2024based-2026-04-28,sourced,
people.npp.plp.deaths,2047,UK,837.328,persons_k,projection,ons_npp,NPP-2024based-2026-04-28,sourced,
people.npp.plp.deaths,2048,UK,843.983,persons_k,projection,ons_npp,NPP-2024based-2026-04-28,sourced,
people.npp.plp.deaths,2049,UK,850.685,persons_k,projection,ons_npp,NPP-2024based-2026-04-28,sourced,
people.npp.plp.deaths,2050,UK,857.349,persons_k,projection,ons_npp,NPP-2024based-2026-04-28,sourced,
people.npp.plp.deaths,2051,UK,863.922,persons_k,projection,ons_npp,NPP-2024based-2026-04-28,sourced,
people.npp.plp.deaths,2052,UK,870.262,persons_k,projection,ons_npp,NPP-2024based-2026-04-28,sourced,
people.npp.plp.deaths,2053,UK,876.208,persons_k,projection,ons_npp,NPP-2024based-2026-04-28,sourced,
people.npp.plp.deaths,2054,UK,881.64,persons_k,projection,ons_npp,NPP-2024based-2026-04-28,sourced,
people.npp.plp.deaths,2055,UK,886.473,persons_k,projection,ons_npp,NPP-2024based-2026-04-28,sourced,
people.npp.plp.deaths,2056,UK,890.548,persons_k,projection,ons_npp,NPP-2024based-2026-04-28,sourced,
people.npp.plp.deaths,2057,UK,893.79,persons_k,projection,ons_npp,NPP-2024based-2026-04-28,sourced,
people.npp.plp.deaths,2058,UK,896.236,persons_k,projection,ons_npp,NPP-2024based-2026-04-28,sourced,
people.npp.plp.deaths,2059,UK,897.895,persons_k,projection,ons_npp,NPP-2024based-2026-04-28,sourced,
people.npp.plp.deaths,2060,UK,898.848,persons_k,projection,ons_npp,NPP-2024based-2026-04-28,sourced,
people.npp.plp.deaths,2061,UK,899.224,persons_k,projection,ons_npp,NPP-2024based-2026-04-28,sourced,
people.npp.plp.deaths,2062,UK,899.157,persons_k,projection,ons_npp,NPP-2024based-2026-04-28,sourced,
people.npp.plp.deaths,2063,UK,898.836,persons_k,projection,ons_npp,NPP-2024based-2026-04-28,sourced,
people.npp.plp.deaths,2064,UK,898.44,persons_k,projection,ons_npp,NPP-2024based-2026-04-28,sourced,
people.npp.plp.deaths,2065,UK,898.155,persons_k,projection,ons_npp,NPP-2024based-2026-04-28,sourced,
people.npp.plp.deaths,2066,UK,898.108,persons_k,projection,ons_npp,NPP-2024based-2026-04-28,sourced,
people.npp.plp.deaths,2067,UK,898.515,persons_k,projection,ons_npp,NPP-2024based-2026-04-28,sourced,
people.npp.plp.deaths,2068,UK,899.483,persons_k,projection,ons_npp,NPP-2024based-2026-04-28,sourced,
people.npp.plp.deaths,2069,UK,901.071,persons_k,projection,ons_npp,NPP-2024based-2026-04-28,sourced,
people.npp.plp.deaths,2070,UK,903.339,persons_k,projection,ons_npp,NPP-2024based-2026-04-28,sourced,
people.npp.plp.deaths,2071,UK,906.361,persons_k,projection,ons_npp,NPP-2024based-2026-04-28,sourced,
people.npp.plp.deaths,2072,UK,909.973,persons_k,projection,ons_npp,NPP-2024based-2026-04-28,sourced,
people.npp.plp.deaths,2073,UK,914.152,persons_k,projection,ons_npp,NPP-2024based-2026-04-28,sourced,
people.npp.plp.deaths,2074,UK,918.655,persons_k,projection,ons_npp,NPP-2024based-2026-04-28,sourced,
people.npp.plp.deaths,2075,UK,923.359,persons_k,projection,ons_npp,NPP-2024based-2026-04-28,sourced,
people.npp.plp.life_expectancy_female,2025,UK,83.631761,years,projection,ons_npp,NPP-2024based-2026-04-28,sourced,
people.npp.plp.life_expectancy_female,2026,UK,83.480616,years,projection,ons_npp,NPP-2024based-2026-04-28,sourced,
people.npp.plp.life_expectancy_female,2027,UK,83.608125,years,projection,ons_npp,NPP-2024based-2026-04-28,sourced,
people.npp.plp.life_expectancy_female,2028,UK,83.726471,years,projection,ons_npp,NPP-2024based-2026-04-28,sourced,
people.npp.plp.life_expectancy_female,2029,UK,83.83776,years,projection,ons_npp,NPP-2024based-2026-04-28,sourced,
people.npp.plp.life_expectancy_female,2030,UK,83.942831,years,projection,ons_npp,NPP-2024based-2026-04-28,sourced,
people.npp.plp.life_expectancy_female,2031,UK,84.042695,years,projection,ons_npp,NPP-2024based-2026-04-28,sourced,
people.npp.plp.life_expectancy_female,2032,UK,84.135418,years,projection,ons_npp,NPP-2024based-2026-04-28,sourced,
people.npp.plp.life_expectancy_female,2033,UK,84.222428,years,projection,ons_npp,NPP-2024based-2026-04-28,sourced,
people.npp.plp.life_expectancy_female,2034,UK,84.30552,years,projection,ons_npp,NPP-2024based-2026-04-28,sourced,
people.npp.plp.life_expectancy_female,2035,UK,84.384056,years,projection,ons_npp,NPP-2024based-2026-04-28,sourced,
people.npp.plp.life_expectancy_female,2036,UK,84.456617,years,projection,ons_npp,NPP-2024based-2026-04-28,sourced,
people.npp.plp.life_expectancy_female,2037,UK,84.525304,years,projection,ons_npp,NPP-2024based-2026-04-28,sourced,
people.npp.plp.life_expectancy_female,2038,UK,84.590829,years,projection,ons_npp,NPP-2024based-2026-04-28,sourced,
people.npp.plp.life_expectancy_female,2039,UK,84.652025,years,projection,ons_npp,NPP-2024based-2026-04-28,sourced,
people.npp.plp.life_expectancy_female,2040,UK,84.710926,years,projection,ons_npp,NPP-2024based-2026-04-28,sourced,
people.npp.plp.life_expectancy_female,2041,UK,84.768026,years,projection,ons_npp,NPP-2024based-2026-04-28,sourced,
people.npp.plp.life_expectancy_female,2042,UK,84.822234,years,projection,ons_npp,NPP-2024based-2026-04-28,sourced,
people.npp.plp.life_expectancy_female,2043,UK,84.87434,years,projection,ons_npp,NPP-2024based-2026-04-28,sourced,
people.npp.plp.life_expectancy_female,2044,UK,84.924668,years,projection,ons_npp,NPP-2024based-2026-04-28,sourced,
people.npp.plp.life_expectancy_female,2045,UK,84.973311,years,projection,ons_npp,NPP-2024based-2026-04-28,sourced,
people.npp.plp.life_expectancy_female,2046,UK,85.020203,years,projection,ons_npp,NPP-2024based-2026-04-28,sourced,
people.npp.plp.life_expectancy_female,2047,UK,85.067472,years,projection,ons_npp,NPP-2024based-2026-04-28,sourced,
people.npp.plp.life_expectancy_female,2048,UK,85.114553,years,projection,ons_npp,NPP-2024based-2026-04-28,sourced,
people.npp.plp.life_expectancy_female,2049,UK,85.159666,years,projection,ons_npp,NPP-2024based-2026-04-28,sourced,
people.npp.plp.life_expectancy_female,2050,UK,85.205241,years,projection,ons_npp,NPP-2024based-2026-04-28,sourced,
people.npp.plp.life_expectancy_female,2051,UK,85.249181,years,projection,ons_npp,NPP-2024based-2026-04-28,sourced,
people.npp.plp.life_expectancy_female,2052,UK,85.292837,years,projection,ons_npp,NPP-2024based-2026-04-28,sourced,
people.npp.plp.life_expectancy_female,2053,UK,85.338915,years,projection,ons_npp,NPP-2024based-2026-04-28,sourced,
people.npp.plp.life_expectancy_female,2054,UK,85.384819,years,projection,ons_npp,NPP-2024based-2026-04-28,sourced,
people.npp.plp.life_expectancy_female,2055,UK,85.428236,years,projection,ons_npp,NPP-2024based-2026-04-28,sourced,
people.npp.plp.life_expectancy_female,2056,UK,85.472136,years,projection,ons_npp,NPP-2024based-2026-04-28,sourced,
people.npp.plp.life_expectancy_female,2057,UK,85.51767,years,projection,ons_npp,NPP-2024based-2026-04-28,sourced,
people.npp.plp.life_expectancy_female,2058,UK,85.563103,years,projection,ons_npp,NPP-2024based-2026-04-28,sourced,
people.npp.plp.life_expectancy_female,2059,UK,85.607138,years,projection,ons_npp,NPP-2024based-2026-04-28,sourced,
people.npp.plp.life_expectancy_female,2060,UK,85.651321,years,projection,ons_npp,NPP-2024based-2026-04-28,sourced,
people.npp.plp.life_expectancy_female,2061,UK,85.694572,years,projection,ons_npp,NPP-2024based-2026-04-28,sourced,
people.npp.plp.life_expectancy_female,2062,UK,85.737993,years,projection,ons_npp,NPP-2024based-2026-04-28,sourced,
people.npp.plp.life_expectancy_female,2063,UK,85.783468,years,projection,ons_npp,NPP-2024based-2026-04-28,sourced,
people.npp.plp.life_expectancy_female,2064,UK,85.828575,years,projection,ons_npp,NPP-2024based-2026-04-28,sourced,
people.npp.plp.life_expectancy_female,2065,UK,85.871855,years,projection,ons_npp,NPP-2024based-2026-04-28,sourced,
people.npp.plp.life_expectancy_female,2066,UK,85.91622,years,projection,ons_npp,NPP-2024based-2026-04-28,sourced,
people.npp.plp.life_expectancy_female,2067,UK,85.960034,years,projection,ons_npp,NPP-2024based-2026-04-28,sourced,
people.npp.plp.life_expectancy_female,2068,UK,86.003069,years,projection,ons_npp,NPP-2024based-2026-04-28,sourced,
people.npp.plp.life_expectancy_female,2069,UK,86.046255,years,projection,ons_npp,NPP-2024based-2026-04-28,sourced,
people.npp.plp.life_expectancy_female,2070,UK,86.090145,years,projection,ons_npp,NPP-2024based-2026-04-28,sourced,
people.npp.plp.life_expectancy_female,2071,UK,86.133294,years,projection,ons_npp,NPP-2024based-2026-04-28,sourced,
people.npp.plp.life_expectancy_female,2072,UK,86.176474,years,projection,ons_npp,NPP-2024based-2026-04-28,sourced,
people.npp.plp.life_expectancy_female,2073,UK,86.219932,years,projection,ons_npp,NPP-2024based-2026-04-28,sourced,
people.npp.plp.life_expectancy_female,2074,UK,86.263955,years,projection,ons_npp,NPP-2024based-2026-04-28,sourced,
people.npp.plp.life_expectancy_female,2075,UK,86.307314,years,projection,ons_npp,NPP-2024based-2026-04-28,sourced,
people.npp.plp.life_expectancy_male,2025,UK,79.85393,years,projection,ons_npp,NPP-2024based-2026-04-28,sourced,
people.npp.plp.life_expectancy_male,2026,UK,79.643365,years,projection,ons_npp,NPP-2024based-2026-04-28,sourced,
people.npp.plp.life_expectancy_male,2027,UK,79.780533,years,projection,ons_npp,NPP-2024based-2026-04-28,sourced,
people.npp.plp.life_expectancy_male,2028,UK,79.908695,years,projection,ons_npp,NPP-2024based-2026-04-28,sourced,
people.npp.plp.life_expectancy_male,2029,UK,80.032367,years,projection,ons_npp,NPP-2024based-2026-04-28,sourced,
people.npp.plp.life_expectancy_male,2030,UK,80.145858,years,projection,ons_npp,NPP-2024based-2026-04-28,sourced,
people.npp.plp.life_expectancy_male,2031,UK,80.256052,years,projection,ons_npp,NPP-2024based-2026-04-28,sourced,
people.npp.plp.life_expectancy_male,2032,UK,80.358218,years,projection,ons_npp,NPP-2024based-2026-04-28,sourced,
people.npp.plp.life_expectancy_male,2033,UK,80.455593,years,projection,ons_npp,NPP-2024based-2026-04-28,sourced,
people.npp.plp.life_expectancy_male,2034,UK,80.547473,years,projection,ons_npp,NPP-2024based-2026-04-28,sourced,
people.npp.plp.life_expectancy_male,2035,UK,80.633327,years,projection,ons_npp,NPP-2024based-2026-04-28,sourced,
people.npp.plp.life_expectancy_male,2036,UK,80.71553,years,projection,ons_npp,NPP-2024based-2026-04-28,sourced,
people.npp.plp.life_expectancy_male,2037,UK,80.793966,years,projection,ons_npp,NPP-2024based-2026-04-28,sourced,
people.npp.plp.life_expectancy_male,2038,UK,80.868837,years,projection,ons_npp,NPP-2024based-2026-04-28,sourced,
people.npp.plp.life_expectancy_male,2039,UK,80.939423,years,projection,ons_npp,NPP-2024based-2026-04-28,sourced,
people.npp.plp.life_expectancy_male,2040,UK,81.006438,years,projection,ons_npp,NPP-2024based-2026-04-28,sourced,
people.npp.plp.life_expectancy_male,2041,UK,81.071274,years,projection,ons_npp,NPP-2024based-2026-04-28,sourced,
people.npp.plp.life_expectancy_male,2042,UK,81.134438,years,projection,ons_npp,NPP-2024based-2026-04-28,sourced,
people.npp.plp.life_expectancy_male,2043,UK,81.194025,years,projection,ons_npp,NPP-2024based-2026-04-28,sourced,
people.npp.plp.life_expectancy_male,2044,UK,81.252319,years,projection,ons_npp,NPP-2024based-2026-04-28,sourced,
people.npp.plp.life_expectancy_male,2045,UK,81.307002,years,projection,ons_npp,NPP-2024based-2026-04-28,sourced,
people.npp.plp.life_expectancy_male,2046,UK,81.361906,years,projection,ons_npp,NPP-2024based-2026-04-28,sourced,
people.npp.plp.life_expectancy_male,2047,UK,81.414052,years,projection,ons_npp,NPP-2024based-2026-04-28,sourced,
people.npp.plp.life_expectancy_male,2048,UK,81.465298,years,projection,ons_npp,NPP-2024based-2026-04-28,sourced,
people.npp.plp.life_expectancy_male,2049,UK,81.51616,years,projection,ons_npp,NPP-2024based-2026-04-28,sourced,
people.npp.plp.life_expectancy_male,2050,UK,81.566623,years,projection,ons_npp,NPP-2024based-2026-04-28,sourced,
people.npp.plp.life_expectancy_male,2051,UK,81.615728,years,projection,ons_npp,NPP-2024based-2026-04-28,sourced,
people.npp.plp.life_expectancy_male,2052,UK,81.666755,years,projection,ons_npp,NPP-2024based-2026-04-28,sourced,
people.npp.plp.life_expectancy_male,2053,UK,81.715389,years,projection,ons_npp,NPP-2024based-2026-04-28,sourced,
people.npp.plp.life_expectancy_male,2054,UK,81.765698,years,projection,ons_npp,NPP-2024based-2026-04-28,sourced,
people.npp.plp.life_expectancy_male,2055,UK,81.814807,years,projection,ons_npp,NPP-2024based-2026-04-28,sourced,
people.npp.plp.life_expectancy_male,2056,UK,81.865015,years,projection,ons_npp,NPP-2024based-2026-04-28,sourced,
people.npp.plp.life_expectancy_male,2057,UK,81.91579,years,projection,ons_npp,NPP-2024based-2026-04-28,sourced,
people.npp.plp.life_expectancy_male,2058,UK,81.965234,years,projection,ons_npp,NPP-2024based-2026-04-28,sourced,
people.npp.plp.life_expectancy_male,2059,UK,82.01511,years,projection,ons_npp,NPP-2024based-2026-04-28,sourced,
people.npp.plp.life_expectancy_male,2060,UK,82.0645,years,projection,ons_npp,NPP-2024based-2026-04-28,sourced,
people.npp.plp.life_expectancy_male,2061,UK,82.113748,years,projection,ons_npp,NPP-2024based-2026-04-28,sourced,
people.npp.plp.life_expectancy_male,2062,UK,82.164189,years,projection,ons_npp,NPP-2024based-2026-04-28,sourced,
people.npp.plp.life_expectancy_male,2063,UK,82.212895,years,projection,ons_npp,NPP-2024based-2026-04-28,sourced,
people.npp.plp.life_expectancy_male,2064,UK,82.260882,years,projection,ons_npp,NPP-2024based-2026-04-28,sourced,
people.npp.plp.life_expectancy_male,2065,UK,82.311969,years,projection,ons_npp,NPP-2024based-2026-04-28,sourced,
people.npp.plp.life_expectancy_male,2066,UK,82.361636,years,projection,ons_npp,NPP-2024based-2026-04-28,sourced,
people.npp.plp.life_expectancy_male,2067,UK,82.409341,years,projection,ons_npp,NPP-2024based-2026-04-28,sourced,
people.npp.plp.life_expectancy_male,2068,UK,82.459022,years,projection,ons_npp,NPP-2024based-2026-04-28,sourced,
people.npp.plp.life_expectancy_male,2069,UK,82.508256,years,projection,ons_npp,NPP-2024based-2026-04-28,sourced,
people.npp.plp.life_expectancy_male,2070,UK,82.558231,years,projection,ons_npp,NPP-2024based-2026-04-28,sourced,
people.npp.plp.life_expectancy_male,2071,UK,82.605743,years,projection,ons_npp,NPP-2024based-2026-04-28,sourced,
people.npp.plp.life_expectancy_male,2072,UK,82.654408,years,projection,ons_npp,NPP-2024based-2026-04-28,sourced,
people.npp.plp.life_expectancy_male,2073,UK,82.703043,years,projection,ons_npp,NPP-2024based-2026-04-28,sourced,
people.npp.plp.life_expectancy_male,2074,UK,82.752538,years,projection,ons_npp,NPP-2024based-2026-04-28,sourced,
people.npp.plp.life_expectancy_male,2075,UK,82.80236,years,projection,ons_npp,NPP-2024based-2026-04-28,sourced,
people.npp.plp.net_migration,2025,UK,204.0,persons_k,projection,ons_npp,NPP-2024based-2026-04-28,sourced,
people.npp.plp.net_migration,2026,UK,138.0,persons_k,projection,ons_npp,NPP-2024based-2026-04-28,sourced,
people.npp.plp.net_migration,2027,UK,230.0,persons_k,projection,ons_npp,NPP-2024based-2026-04-28,sourced,
people.npp.plp.net_migration,2028,UK,230.0,persons_k,projection,ons_npp,NPP-2024based-2026-04-28,sourced,
people.npp.plp.net_migration,2029,UK,230.0,persons_k,projection,ons_npp,NPP-2024based-2026-04-28,sourced,
people.npp.plp.net_migration,2030,UK,230.0,persons_k,projection,ons_npp,NPP-2024based-2026-04-28,sourced,
people.npp.plp.net_migration,2031,UK,230.0,persons_k,projection,ons_npp,NPP-2024based-2026-04-28,sourced,
people.npp.plp.net_migration,2032,UK,230.0,persons_k,projection,ons_npp,NPP-2024based-2026-04-28,sourced,
people.npp.plp.net_migration,2033,UK,230.0,persons_k,projection,ons_npp,NPP-2024based-2026-04-28,sourced,
people.npp.plp.net_migration,2034,UK,230.0,persons_k,projection,ons_npp,NPP-2024based-2026-04-28,sourced,
people.npp.plp.net_migration,2035,UK,230.0,persons_k,projection,ons_npp,NPP-2024based-2026-04-28,sourced,
people.npp.plp.net_migration,2036,UK,230.0,persons_k,projection,ons_npp,NPP-2024based-2026-04-28,sourced,
people.npp.plp.net_migration,2037,UK,230.0,persons_k,projection,ons_npp,NPP-2024based-2026-04-28,sourced,
people.npp.plp.net_migration,2038,UK,230.0,persons_k,projection,ons_npp,NPP-2024based-2026-04-28,sourced,
people.npp.plp.net_migration,2039,UK,230.0,persons_k,projection,ons_npp,NPP-2024based-2026-04-28,sourced,
people.npp.plp.net_migration,2040,UK,230.0,persons_k,projection,ons_npp,NPP-2024based-2026-04-28,sourced,
people.npp.plp.net_migration,2041,UK,230.0,persons_k,projection,ons_npp,NPP-2024based-2026-04-28,sourced,
people.npp.plp.net_migration,2042,UK,230.0,persons_k,projection,ons_npp,NPP-2024based-2026-04-28,sourced,
people.npp.plp.net_migration,2043,UK,230.0,persons_k,projection,ons_npp,NPP-2024based-2026-04-28,sourced,
people.npp.plp.net_migration,2044,UK,230.0,persons_k,projection,ons_npp,NPP-2024based-2026-04-28,sourced,
people.npp.plp.net_migration,2045,UK,230.0,persons_k,projection,ons_npp,NPP-2024based-2026-04-28,sourced,
people.npp.plp.net_migration,2046,UK,230.0,persons_k,projection,ons_npp,NPP-2024based-2026-04-28,sourced,
people.npp.plp.net_migration,2047,UK,230.0,persons_k,projection,ons_npp,NPP-2024based-2026-04-28,sourced,
people.npp.plp.net_migration,2048,UK,230.0,persons_k,projection,ons_npp,NPP-2024based-2026-04-28,sourced,
people.npp.plp.net_migration,2049,UK,230.0,persons_k,projection,ons_npp,NPP-2024based-2026-04-28,sourced,
people.npp.plp.net_migration,2050,UK,230.0,persons_k,projection,ons_npp,NPP-2024based-2026-04-28,sourced,
people.npp.plp.net_migration,2051,UK,230.0,persons_k,projection,ons_npp,NPP-2024based-2026-04-28,sourced,
people.npp.plp.net_migration,2052,UK,230.0,persons_k,projection,ons_npp,NPP-2024based-2026-04-28,sourced,
people.npp.plp.net_migration,2053,UK,230.0,persons_k,projection,ons_npp,NPP-2024based-2026-04-28,sourced,
people.npp.plp.net_migration,2054,UK,230.0,persons_k,projection,ons_npp,NPP-2024based-2026-04-28,sourced,
people.npp.plp.net_migration,2055,UK,230.0,persons_k,projection,ons_npp,NPP-2024based-2026-04-28,sourced,
people.npp.plp.net_migration,2056,UK,230.0,persons_k,projection,ons_npp,NPP-2024based-2026-04-28,sourced,
people.npp.plp.net_migration,2057,UK,230.0,persons_k,projection,ons_npp,NPP-2024based-2026-04-28,sourced,
people.npp.plp.net_migration,2058,UK,230.0,persons_k,projection,ons_npp,NPP-2024based-2026-04-28,sourced,
people.npp.plp.net_migration,2059,UK,230.0,persons_k,projection,ons_npp,NPP-2024based-2026-04-28,sourced,
people.npp.plp.net_migration,2060,UK,230.0,persons_k,projection,ons_npp,NPP-2024based-2026-04-28,sourced,
people.npp.plp.net_migration,2061,UK,230.0,persons_k,projection,ons_npp,NPP-2024based-2026-04-28,sourced,
people.npp.plp.net_migration,2062,UK,230.0,persons_k,projection,ons_npp,NPP-2024based-2026-04-28,sourced,
people.npp.plp.net_migration,2063,UK,230.0,persons_k,projection,ons_npp,NPP-2024based-2026-04-28,sourced,
people.npp.plp.net_migration,2064,UK,230.0,persons_k,projection,ons_npp,NPP-2024based-2026-04-28,sourced,
people.npp.plp.net_migration,2065,UK,230.0,persons_k,projection,ons_npp,NPP-2024based-2026-04-28,sourced,
people.npp.plp.net_migration,2066,UK,230.0,persons_k,projection,ons_npp,NPP-2024based-2026-04-28,sourced,
people.npp.plp.net_migration,2067,UK,230.0,persons_k,projection,ons_npp,NPP-2024based-2026-04-28,sourced,
people.npp.plp.net_migration,2068,UK,230.0,persons_k,projection,ons_npp,NPP-2024based-2026-04-28,sourced,
people.npp.plp.net_migration,2069,UK,230.0,persons_k,projection,ons_npp,NPP-2024based-2026-04-28,sourced,
people.npp.plp.net_migration,2070,UK,230.0,persons_k,projection,ons_npp,NPP-2024based-2026-04-28,sourced,
people.npp.plp.net_migration,2071,UK,230.0,persons_k,projection,ons_npp,NPP-2024based-2026-04-28,sourced,
people.npp.plp.net_migration,2072,UK,230.0,persons_k,projection,ons_npp,NPP-2024based-2026-04-28,sourced,
people.npp.plp.net_migration,2073,UK,230.0,persons_k,projection,ons_npp,NPP-2024based-2026-04-28,sourced,
people.npp.plp.net_migration,2074,UK,230.0,persons_k,projection,ons_npp,NPP-2024based-2026-04-28,sourced,
people.npp.plp.net_migration,2075,UK,230.0,persons_k,projection,ons_npp,NPP-2024based-2026-04-28,sourced,
people.npp.plp.oadr,2024,UK,279.682164,per_1000,outturn,ons_npp,NPP-2024based-2026-04-28,sourced,"Base year of the 2024-based projections: ONS mid-2024 population estimate. ONS: Children under 16, working age, and pensionable age populations are based on State Pension Age (SPA) for a given year. Women's SPA increased to 65 between April 2016 and November 2018. From December 2018, the SPA for both sexes increased to 66 by October 2020 (Pensions Act 2011). Between 2026 and 2028, the SPA will increase from 66 to 67 years for both sexes (Pensions Act 2014), and will increase to 68 between 2044 and 2046 (Pensions Act 2007)."
people.npp.plp.oadr,2025,UK,284.391299,per_1000,projection,ons_npp,NPP-2024based-2026-04-28,sourced,
people.npp.plp.oadr,2026,UK,285.725261,per_1000,projection,ons_npp,NPP-2024based-2026-04-28,sourced,
people.npp.plp.oadr,2027,UK,279.023226,per_1000,projection,ons_npp,NPP-2024based-2026-04-28,sourced,
people.npp.plp.oadr,2028,UK,275.729719,per_1000,projection,ons_npp,NPP-2024based-2026-04-28,sourced,
people.npp.plp.oadr,2029,UK,281.071166,per_1000,projection,ons_npp,NPP-2024based-2026-04-28,sourced,
people.npp.plp.oadr,2030,UK,286.793743,per_1000,projection,ons_npp,NPP-2024based-2026-04-28,sourced,
people.npp.plp.oadr,2031,UK,292.741481,per_1000,projection,ons_npp,NPP-2024based-2026-04-28,sourced,
people.npp.plp.oadr,2032,UK,298.616737,per_1000,projection,ons_npp,NPP-2024based-2026-04-28,sourced,
people.npp.plp.oadr,2033,UK,304.144182,per_1000,projection,ons_npp,NPP-2024based-2026-04-28,sourced,
people.npp.plp.oadr,2034,UK,309.536033,per_1000,projection,ons_npp,NPP-2024based-2026-04-28,sourced,
people.npp.plp.oadr,2035,UK,314.498905,per_1000,projection,ons_npp,NPP-2024based-2026-04-28,sourced,
people.npp.plp.oadr,2036,UK,319.27042,per_1000,projection,ons_npp,NPP-2024based-2026-04-28,sourced,
people.npp.plp.oadr,2037,UK,323.342448,per_1000,projection,ons_npp,NPP-2024based-2026-04-28,sourced,
people.npp.plp.oadr,2038,UK,327.670243,per_1000,projection,ons_npp,NPP-2024based-2026-04-28,sourced,
people.npp.plp.oadr,2039,UK,331.099295,per_1000,projection,ons_npp,NPP-2024based-2026-04-28,sourced,
people.npp.plp.oadr,2040,UK,333.559523,per_1000,projection,ons_npp,NPP-2024based-2026-04-28,sourced,
people.npp.plp.oadr,2041,UK,335.08497,per_1000,projection,ons_npp,NPP-2024based-2026-04-28,sourced,
people.npp.plp.oadr,2042,UK,336.159366,per_1000,projection,ons_npp,NPP-2024based-2026-04-28,sourced,
people.npp.plp.oadr,2043,UK,336.727951,per_1000,projection,ons_npp,NPP-2024based-2026-04-28,sourced,
people.npp.plp.oadr,2044,UK,333.531948,per_1000,projection,ons_npp,NPP-2024based-2026-04-28,sourced,
people.npp.plp.oadr,2045,UK,323.30828,per_1000,projection,ons_npp,NPP-2024based-2026-04-28,sourced,
people.npp.plp.oadr,2046,UK,316.22834,per_1000,projection,ons_npp,NPP-2024based-2026-04-28,sourced,
people.npp.plp.oadr,2047,UK,317.974117,per_1000,projection,ons_npp,NPP-2024based-2026-04-28,sourced,
people.npp.plp.oadr,2048,UK,320.588281,per_1000,projection,ons_npp,NPP-2024based-2026-04-28,sourced,
people.npp.plp.oadr,2049,UK,323.094716,per_1000,projection,ons_npp,NPP-2024based-2026-04-28,sourced,
people.npp.plp.oadr,2050,UK,325.332196,per_1000,projection,ons_npp,NPP-2024based-2026-04-28,sourced,
people.npp.plp.oadr,2051,UK,327.674947,per_1000,projection,ons_npp,NPP-2024based-2026-04-28,sourced,
people.npp.plp.oadr,2052,UK,329.963695,per_1000,projection,ons_npp,NPP-2024based-2026-04-28,sourced,
people.npp.plp.oadr,2053,UK,332.961163,per_1000,projection,ons_npp,NPP-2024based-2026-04-28,sourced,
people.npp.plp.oadr,2054,UK,336.065846,per_1000,projection,ons_npp,NPP-2024based-2026-04-28,sourced,
people.npp.plp.oadr,2055,UK,339.322254,per_1000,projection,ons_npp,NPP-2024based-2026-04-28,sourced,
people.npp.plp.oadr,2056,UK,343.154357,per_1000,projection,ons_npp,NPP-2024based-2026-04-28,sourced,
people.npp.plp.oadr,2057,UK,346.76315,per_1000,projection,ons_npp,NPP-2024based-2026-04-28,sourced,
people.npp.plp.oadr,2058,UK,350.6296,per_1000,projection,ons_npp,NPP-2024based-2026-04-28,sourced,
people.npp.plp.oadr,2059,UK,354.66317,per_1000,projection,ons_npp,NPP-2024based-2026-04-28,sourced,
people.npp.plp.oadr,2060,UK,358.500962,per_1000,projection,ons_npp,NPP-2024based-2026-04-28,sourced,
people.npp.plp.oadr,2061,UK,361.874564,per_1000,projection,ons_npp,NPP-2024based-2026-04-28,sourced,
people.npp.plp.oadr,2062,UK,365.419906,per_1000,projection,ons_npp,NPP-2024based-2026-04-28,sourced,
people.npp.plp.oadr,2063,UK,368.596721,per_1000,projection,ons_npp,NPP-2024based-2026-04-28,sourced,
people.npp.plp.oadr,2064,UK,371.730984,per_1000,projection,ons_npp,NPP-2024based-2026-04-28,sourced,
people.npp.plp.oadr,2065,UK,375.495772,per_1000,projection,ons_npp,NPP-2024based-2026-04-28,sourced,
people.npp.plp.oadr,2066,UK,378.977231,per_1000,projection,ons_npp,NPP-2024based-2026-04-28,sourced,
people.npp.plp.oadr,2067,UK,382.182554,per_1000,projection,ons_npp,NPP-2024based-2026-04-28,sourced,
people.npp.plp.oadr,2068,UK,384.516001,per_1000,projection,ons_npp,NPP-2024based-2026-04-28,sourced,
people.npp.plp.oadr,2069,UK,386.300078,per_1000,projection,ons_npp,NPP-2024based-2026-04-28,sourced,
people.npp.plp.oadr,2070,UK,388.033928,per_1000,projection,ons_npp,NPP-2024based-2026-04-28,sourced,
people.npp.plp.oadr,2071,UK,390.002293,per_1000,projection,ons_npp,NPP-2024based-2026-04-28,sourced,
people.npp.plp.oadr,2072,UK,392.470434,per_1000,projection,ons_npp,NPP-2024based-2026-04-28,sourced,
people.npp.plp.oadr,2073,UK,395.365258,per_1000,projection,ons_npp,NPP-2024based-2026-04-28,sourced,
people.npp.plp.oadr,2074,UK,398.254995,per_1000,projection,ons_npp,NPP-2024based-2026-04-28,sourced,
people.npp.plp.oadr,2075,UK,401.572659,per_1000,projection,ons_npp,NPP-2024based-2026-04-28,sourced,
people.npp.plp.pension_age,2024,UK,12388.913,persons_k,outturn,ons_npp,NPP-2024based-2026-04-28,sourced,"Base year of the 2024-based projections: ONS mid-2024 population estimate. ONS: Children under 16, working age, and pensionable age populations are based on State Pension Age (SPA) for a given year. Women's SPA increased to 65 between April 2016 and November 2018. From December 2018, the SPA for both sexes increased to 66 by October 2020 (Pensions Act 2011). Between 2026 and 2028, the SPA will increase from 66 to 67 years for both sexes (Pensions Act 2014), and will increase to 68 between 2044 and 2046 (Pensions Act 2007)."
people.npp.plp.pension_age,2025,UK,12633.509,persons_k,projection,ons_npp,NPP-2024based-2026-04-28,sourced,
people.npp.plp.pension_age,2026,UK,12744.968765,persons_k,projection,ons_npp,NPP-2024based-2026-04-28,sourced,
people.npp.plp.pension_age,2027,UK,12594.865973,persons_k,projection,ons_npp,NPP-2024based-2026-04-28,sourced,
people.npp.plp.pension_age,2028,UK,12560.419,persons_k,projection,ons_npp,NPP-2024based-2026-04-28,sourced,
people.npp.plp.pension_age,2029,UK,12828.246,persons_k,projection,ons_npp,NPP-2024based-2026-04-28,sourced,
people.npp.plp.pension_age,2030,UK,13104.899,persons_k,projection,ons_npp,NPP-2024based-2026-04-28,sourced,
people.npp.plp.pension_age,2031,UK,13387.815,persons_k,projection,ons_npp,NPP-2024based-2026-04-28,sourced,
people.npp.plp.pension_age,2032,UK,13668.179,persons_k,projection,ons_npp,NPP-2024based-2026-04-28,sourced,
people.npp.plp.pension_age,2033,UK,13929.771,persons_k,projection,ons_npp,NPP-2024based-2026-04-28,sourced,
people.npp.plp.pension_age,2034,UK,14180.726,persons_k,projection,ons_npp,NPP-2024based-2026-04-28,sourced,
people.npp.plp.pension_age,2035,UK,14412.636,persons_k,projection,ons_npp,NPP-2024based-2026-04-28,sourced,
people.npp.plp.pension_age,2036,UK,14632.376,persons_k,projection,ons_npp,NPP-2024based-2026-04-28,sourced,
people.npp.plp.pension_age,2037,UK,14819.39,persons_k,projection,ons_npp,NPP-2024based-2026-04-28,sourced,
people.npp.plp.pension_age,2038,UK,15014.479,persons_k,projection,ons_npp,NPP-2024based-2026-04-28,sourced,
people.npp.plp.pension_age,2039,UK,15166.922,persons_k,projection,ons_npp,NPP-2024based-2026-04-28,sourced,
people.npp.plp.pension_age,2040,UK,15279.267,persons_k,projection,ons_npp,NPP-2024based-2026-04-28,sourced,
people.npp.plp.pension_age,2041,UK,15353.152,persons_k,projection,ons_npp,NPP-2024based-2026-04-28,sourced,
people.npp.plp.pension_age,2042,UK,15410.021,persons_k,projection,ons_npp,NPP-2024based-2026-04-28,sourced,
people.npp.plp.pension_age,2043,UK,15446.526,persons_k,projection,ons_npp,NPP-2024based-2026-04-28,sourced,
people.npp.plp.pension_age,2044,UK,15350.662625,persons_k,projection,ons_npp,NPP-2024based-2026-04-28,sourced,
people.npp.plp.pension_age,2045,UK,15006.136918,persons_k,projection,ons_npp,NPP-2024based-2026-04-28,sourced,
people.npp.plp.pension_age,2046,UK,14764.927,persons_k,projection,ons_npp,NPP-2024based-2026-04-28,sourced,
people.npp.plp.pension_age,2047,UK,14833.062,persons_k,projection,ons_npp,NPP-2024based-2026-04-28,sourced,
people.npp.plp.pension_age,2048,UK,14929.584,persons_k,projection,ons_npp,NPP-2024based-2026-04-28,sourced,
people.npp.plp.pension_age,2049,UK,15019.937,persons_k,projection,ons_npp,NPP-2024based-2026-04-28,sourced,
people.npp.plp.pension_age,2050,UK,15098.649,persons_k,projection,ons_npp,NPP-2024based-2026-04-28,sourced,
people.npp.plp.pension_age,2051,UK,15179.094,persons_k,projection,ons_npp,NPP-2024based-2026-04-28,sourced,
people.npp.plp.pension_age,2052,UK,15255.981,persons_k,projection,ons_npp,NPP-2024based-2026-04-28,sourced,
people.npp.plp.pension_age,2053,UK,15356.013,persons_k,projection,ons_npp,NPP-2024based-2026-04-28,sourced,
people.npp.plp.pension_age,2054,UK,15458.425,persons_k,projection,ons_npp,NPP-2024based-2026-04-28,sourced,
people.npp.plp.pension_age,2055,UK,15564.931,persons_k,projection,ons_npp,NPP-2024based-2026-04-28,sourced,
people.npp.plp.pension_age,2056,UK,15690.128,persons_k,projection,ons_npp,NPP-2024based-2026-04-28,sourced,
people.npp.plp.pension_age,2057,UK,15806.823,persons_k,projection,ons_npp,NPP-2024based-2026-04-28,sourced,
people.npp.plp.pension_age,2058,UK,15931.48,persons_k,projection,ons_npp,NPP-2024based-2026-04-28,sourced,
people.npp.plp.pension_age,2059,UK,16061.005,persons_k,projection,ons_npp,NPP-2024based-2026-04-28,sourced,
people.npp.plp.pension_age,2060,UK,16183.24,persons_k,projection,ons_npp,NPP-2024based-2026-04-28,sourced,
people.npp.plp.pension_age,2061,UK,16289.274,persons_k,projection,ons_npp,NPP-2024based-2026-04-28,sourced,
people.npp.plp.pension_age,2062,UK,16400.083,persons_k,projection,ons_npp,NPP-2024based-2026-04-28,sourced,
people.npp.plp.pension_age,2063,UK,16497.798,persons_k,projection,ons_npp,NPP-2024based-2026-04-28,sourced,
people.npp.plp.pension_age,2064,UK,16593.05,persons_k,projection,ons_npp,NPP-2024based-2026-04-28,sourced,
people.npp.plp.pension_age,2065,UK,16707.399,persons_k,projection,ons_npp,NPP-2024based-2026-04-28,sourced,
people.npp.plp.pension_age,2066,UK,16810.658,persons_k,projection,ons_npp,NPP-2024based-2026-04-28,sourced,
people.npp.plp.pension_age,2067,UK,16902.724,persons_k,projection,ons_npp,NPP-2024based-2026-04-28,sourced,
people.npp.plp.pension_age,2068,UK,16964.448,persons_k,projection,ons_npp,NPP-2024based-2026-04-28,sourced,
people.npp.plp.pension_age,2069,UK,17006.086,persons_k,projection,ons_npp,NPP-2024based-2026-04-28,sourced,
people.npp.plp.pension_age,2070,UK,17043.303,persons_k,projection,ons_npp,NPP-2024based-2026-04-28,sourced,
people.npp.plp.pension_age,2071,UK,17084.825,persons_k,projection,ons_npp,NPP-2024based-2026-04-28,sourced,
people.npp.plp.pension_age,2072,UK,17138.769,persons_k,projection,ons_npp,NPP-2024based-2026-04-28,sourced,
people.npp.plp.pension_age,2073,UK,17202.563,persons_k,projection,ons_npp,NPP-2024based-2026-04-28,sourced,
people.npp.plp.pension_age,2074,UK,17262.581,persons_k,projection,ons_npp,NPP-2024based-2026-04-28,sourced,
people.npp.plp.pension_age,2075,UK,17332.196,persons_k,projection,ons_npp,NPP-2024based-2026-04-28,sourced,
people.npp.plp.population,2024,UK,69281.437,persons_k,outturn,ons_npp,NPP-2024based-2026-04-28,sourced,Base year of the 2024-based projections: ONS mid-2024 population estimate.
people.npp.plp.population,2025,UK,69502.341,persons_k,projection,ons_npp,NPP-2024based-2026-04-28,sourced,
people.npp.plp.population,2026,UK,69627.528,persons_k,projection,ons_npp,NPP-2024based-2026-04-28,sourced,
people.npp.plp.population,2027,UK,69835.708,persons_k,projection,ons_npp,NPP-2024based-2026-04-28,sourced,
people.npp.plp.population,2028,UK,70034.054,persons_k,projection,ons_npp,NPP-2024based-2026-04-28,sourced,
people.npp.plp.population,2029,UK,70221.364,persons_k,projection,ons_npp,NPP-2024based-2026-04-28,sourced,
people.npp.plp.population,2030,UK,70397.446,persons_k,projection,ons_npp,NPP-2024based-2026-04-28,sourced,
people.npp.plp.population,2031,UK,70562.452,persons_k,projection,ons_npp,NPP-2024based-2026-04-28,sourced,
people.npp.plp.population,2032,UK,70715.999,persons_k,projection,ons_npp,NPP-2024based-2026-04-28,sourced,
people.npp.plp.population,2033,UK,70858.067,persons_k,projection,ons_npp,NPP-2024based-2026-04-28,sourced,
people.npp.plp.population,2034,UK,70988.961,persons_k,projection,ons_npp,NPP-2024based-2026-04-28,sourced,
people.npp.plp.population,2035,UK,71109.451,persons_k,projection,ons_npp,NPP-2024based-2026-04-28,sourced,
people.npp.plp.population,2036,UK,71220.556,persons_k,projection,ons_npp,NPP-2024based-2026-04-28,sourced,
people.npp.plp.population,2037,UK,71323.218,persons_k,projection,ons_npp,NPP-2024based-2026-04-28,sourced,
people.npp.plp.population,2038,UK,71418.345,persons_k,projection,ons_npp,NPP-2024based-2026-04-28,sourced,
people.npp.plp.population,2039,UK,71506.722,persons_k,projection,ons_npp,NPP-2024based-2026-04-28,sourced,
people.npp.plp.population,2040,UK,71589.048,persons_k,projection,ons_npp,NPP-2024based-2026-04-28,sourced,
people.npp.plp.population,2041,UK,71665.819,persons_k,projection,ons_npp,NPP-2024based-2026-04-28,sourced,
people.npp.plp.population,2042,UK,71737.287,persons_k,projection,ons_npp,NPP-2024based-2026-04-28,sourced,
people.npp.plp.population,2043,UK,71803.405,persons_k,projection,ons_npp,NPP-2024based-2026-04-28,sourced,
people.npp.plp.population,2044,UK,71863.848,persons_k,projection,ons_npp,NPP-2024based-2026-04-28,sourced,
people.npp.plp.population,2045,UK,71917.622,persons_k,projection,ons_npp,NPP-2024based-2026-04-28,sourced,
people.npp.plp.population,2046,UK,71963.761,persons_k,projection,ons_npp,NPP-2024based-2026-04-28,sourced,
people.npp.plp.population,2047,UK,72001.624,persons_k,projection,ons_npp,NPP-2024based-2026-04-28,sourced,
people.npp.plp.population,2048,UK,72030.528,persons_k,projection,ons_npp,NPP-2024based-2026-04-28,sourced,
people.npp.plp.population,2049,UK,72049.671,persons_k,projection,ons_npp,NPP-2024based-2026-04-28,sourced,
people.npp.plp.population,2050,UK,72057.771,persons_k,projection,ons_npp,NPP-2024based-2026-04-28,sourced,
people.npp.plp.population,2051,UK,72053.628,persons_k,projection,ons_npp,NPP-2024based-2026-04-28,sourced,
people.npp.plp.population,2052,UK,72037.011,persons_k,projection,ons_npp,NPP-2024based-2026-04-28,sourced,
people.npp.plp.population,2053,UK,72007.847,persons_k,projection,ons_npp,NPP-2024based-2026-04-28,sourced,
people.npp.plp.population,2054,UK,71966.239,persons_k,projection,ons_npp,NPP-2024based-2026-04-28,sourced,
people.npp.plp.population,2055,UK,71912.698,persons_k,projection,ons_npp,NPP-2024based-2026-04-28,sourced,
people.npp.plp.population,2056,UK,71848.263,persons_k,projection,ons_npp,NPP-2024based-2026-04-28,sourced,
people.npp.plp.population,2057,UK,71774.251,persons_k,projection,ons_npp,NPP-2024based-2026-04-28,sourced,
people.npp.plp.population,2058,UK,71691.877,persons_k,projection,ons_npp,NPP-2024based-2026-04-28,sourced,
people.npp.plp.population,2059,UK,71602.386,persons_k,projection,ons_npp,NPP-2024based-2026-04-28,sourced,
people.npp.plp.population,2060,UK,71507.113,persons_k,projection,ons_npp,NPP-2024based-2026-04-28,sourced,
people.npp.plp.population,2061,UK,71407.301,persons_k,projection,ons_npp,NPP-2024based-2026-04-28,sourced,
people.npp.plp.population,2062,UK,71304.141,persons_k,projection,ons_npp,NPP-2024based-2026-04-28,sourced,
people.npp.plp.population,2063,UK,71198.412,persons_k,projection,ons_npp,NPP-2024based-2026-04-28,sourced,
people.npp.plp.population,2064,UK,71090.604,persons_k,projection,ons_npp,NPP-2024based-2026-04-28,sourced,
people.npp.plp.population,2065,UK,70981.141,persons_k,projection,ons_npp,NPP-2024based-2026-04-28,sourced,
people.npp.plp.population,2066,UK,70870.341,persons_k,projection,ons_npp,NPP-2024based-2026-04-28,sourced,
people.npp.plp.population,2067,UK,70758.243,persons_k,projection,ons_npp,NPP-2024based-2026-04-28,sourced,
people.npp.plp.population,2068,UK,70644.689,persons_k,projection,ons_npp,NPP-2024based-2026-04-28,sourced,
people.npp.plp.population,2069,UK,70529.311,persons_k,projection,ons_npp,NPP-2024based-2026-04-28,sourced,
people.npp.plp.population,2070,UK,70411.645,persons_k,projection,ons_npp,NPP-2024based-2026-04-28,sourced,
people.npp.plp.population,2071,UK,70291.082,persons_k,projection,ons_npp,NPP-2024based-2026-04-28,sourced,
people.npp.plp.population,2072,UK,70167.142,persons_k,projection,ons_npp,NPP-2024based-2026-04-28,sourced,
people.npp.plp.population,2073,UK,70039.264,persons_k,projection,ons_npp,NPP-2024based-2026-04-28,sourced,
people.npp.plp.population,2074,UK,69907.03,persons_k,projection,ons_npp,NPP-2024based-2026-04-28,sourced,
people.npp.plp.population,2075,UK,69770.1,persons_k,projection,ons_npp,NPP-2024based-2026-04-28,sourced,
people.npp.plp.tfr,2025,UK,1.38941,children_per_woman,projection,ons_npp,NPP-2024based-2026-04-28,sourced,
people.npp.plp.tfr,2026,UK,1.397368,children_per_woman,projection,ons_npp,NPP-2024based-2026-04-28,sourced,
people.npp.plp.tfr,2027,UK,1.393062,children_per_woman,projection,ons_npp,NPP-2024based-2026-04-28,sourced,
people.npp.plp.tfr,2028,UK,1.388941,children_per_woman,projection,ons_npp,NPP-2024based-2026-04-28,sourced,
people.npp.plp.tfr,2029,UK,1.385048,children_per_woman,projection,ons_npp,NPP-2024based-2026-04-28,sourced,
people.npp.plp.tfr,2030,UK,1.383104,children_per_woman,projection,ons_npp,NPP-2024based-2026-04-28,sourced,
people.npp.plp.tfr,2031,UK,1.383016,children_per_woman,projection,ons_npp,NPP-2024based-2026-04-28,sourced,
people.npp.plp.tfr,2032,UK,1.383055,children_per_woman,projection,ons_npp,NPP-2024based-2026-04-28,sourced,
people.npp.plp.tfr,2033,UK,1.383273,children_per_woman,projection,ons_npp,NPP-2024based-2026-04-28,sourced,
people.npp.plp.tfr,2034,UK,1.383654,children_per_woman,projection,ons_npp,NPP-2024based-2026-04-28,sourced,
people.npp.plp.tfr,2035,UK,1.384669,children_per_woman,projection,ons_npp,NPP-2024based-2026-04-28,sourced,
people.npp.plp.tfr,2036,UK,1.386319,children_per_woman,projection,ons_npp,NPP-2024based-2026-04-28,sourced,
people.npp.plp.tfr,2037,UK,1.38809,children_per_woman,projection,ons_npp,NPP-2024based-2026-04-28,sourced,
people.npp.plp.tfr,2038,UK,1.390014,children_per_woman,projection,ons_npp,NPP-2024based-2026-04-28,sourced,
people.npp.plp.tfr,2039,UK,1.392059,children_per_woman,projection,ons_npp,NPP-2024based-2026-04-28,sourced,
people.npp.plp.tfr,2040,UK,1.394563,children_per_woman,projection,ons_npp,NPP-2024based-2026-04-28,sourced,
people.npp.plp.tfr,2041,UK,1.397528,children_per_woman,projection,ons_npp,NPP-2024based-2026-04-28,sourced,
people.npp.plp.tfr,2042,UK,1.400598,children_per_woman,projection,ons_npp,NPP-2024based-2026-04-28,sourced,
people.npp.plp.tfr,2043,UK,1.403795,children_per_woman,projection,ons_npp,NPP-2024based-2026-04-28,sourced,
people.npp.plp.tfr,2044,UK,1.407158,children_per_woman,projection,ons_npp,NPP-2024based-2026-04-28,sourced,
people.npp.plp.tfr,2045,UK,1.40974,children_per_woman,projection,ons_npp,NPP-2024based-2026-04-28,sourced,
people.npp.plp.tfr,2046,UK,1.411487,children_per_woman,projection,ons_npp,NPP-2024based-2026-04-28,sourced,
people.npp.plp.tfr,2047,UK,1.413367,children_per_woman,projection,ons_npp,NPP-2024based-2026-04-28,sourced,
people.npp.plp.tfr,2048,UK,1.415379,children_per_woman,projection,ons_npp,NPP-2024based-2026-04-28,sourced,
people.npp.plp.tfr,2049,UK,1.417502,children_per_woman,projection,ons_npp,NPP-2024based-2026-04-28,sourced,
people.npp.plp.tfr,2050,UK,1.41861,children_per_woman,projection,ons_npp,NPP-2024based-2026-04-28,sourced,
people.npp.plp.tfr,2051,UK,1.418578,children_per_woman,projection,ons_npp,NPP-2024based-2026-04-28,sourced,
people.npp.plp.tfr,2052,UK,1.418608,children_per_woman,projection,ons_npp,NPP-2024based-2026-04-28,sourced,
people.npp.plp.tfr,2053,UK,1.418584,children_per_woman,projection,ons_npp,NPP-2024based-2026-04-28,sourced,
people.npp.plp.tfr,2054,UK,1.418604,children_per_woman,projection,ons_npp,NPP-2024based-2026-04-28,sourced,
people.npp.plp.tfr,2055,UK,1.418604,children_per_woman,projection,ons_npp,NPP-2024based-2026-04-28,sourced,
people.npp.plp.tfr,2056,UK,1.418591,children_per_woman,projection,ons_npp,NPP-2024based-2026-04-28,sourced,
people.npp.plp.tfr,2057,UK,1.418616,children_per_woman,projection,ons_npp,NPP-2024based-2026-04-28,sourced,
people.npp.plp.tfr,2058,UK,1.418586,children_per_woman,projection,ons_npp,NPP-2024based-2026-04-28,sourced,
people.npp.plp.tfr,2059,UK,1.418609,children_per_woman,projection,ons_npp,NPP-2024based-2026-04-28,sourced,
people.npp.plp.tfr,2060,UK,1.418596,children_per_woman,projection,ons_npp,NPP-2024based-2026-04-28,sourced,
people.npp.plp.tfr,2061,UK,1.418607,children_per_woman,projection,ons_npp,NPP-2024based-2026-04-28,sourced,
people.npp.plp.tfr,2062,UK,1.41864,children_per_woman,projection,ons_npp,NPP-2024based-2026-04-28,sourced,
people.npp.plp.tfr,2063,UK,1.418646,children_per_woman,projection,ons_npp,NPP-2024based-2026-04-28,sourced,
people.npp.plp.tfr,2064,UK,1.418665,children_per_woman,projection,ons_npp,NPP-2024based-2026-04-28,sourced,
people.npp.plp.tfr,2065,UK,1.41868,children_per_woman,projection,ons_npp,NPP-2024based-2026-04-28,sourced,
people.npp.plp.tfr,2066,UK,1.4187,children_per_woman,projection,ons_npp,NPP-2024based-2026-04-28,sourced,
people.npp.plp.tfr,2067,UK,1.418709,children_per_woman,projection,ons_npp,NPP-2024based-2026-04-28,sourced,
people.npp.plp.tfr,2068,UK,1.418745,children_per_woman,projection,ons_npp,NPP-2024based-2026-04-28,sourced,
people.npp.plp.tfr,2069,UK,1.41876,children_per_woman,projection,ons_npp,NPP-2024based-2026-04-28,sourced,
people.npp.plp.tfr,2070,UK,1.418773,children_per_woman,projection,ons_npp,NPP-2024based-2026-04-28,sourced,
people.npp.plp.tfr,2071,UK,1.418796,children_per_woman,projection,ons_npp,NPP-2024based-2026-04-28,sourced,
people.npp.plp.tfr,2072,UK,1.418822,children_per_woman,projection,ons_npp,NPP-2024based-2026-04-28,sourced,
people.npp.plp.tfr,2073,UK,1.418845,children_per_woman,projection,ons_npp,NPP-2024based-2026-04-28,sourced,
people.npp.plp.tfr,2074,UK,1.418881,children_per_woman,projection,ons_npp,NPP-2024based-2026-04-28,sourced,
people.npp.plp.tfr,2075,UK,1.418896,children_per_woman,projection,ons_npp,NPP-2024based-2026-04-28,sourced,
people.npp.plp.working_age,2024,UK,44296.4,persons_k,outturn,ons_npp,NPP-2024based-2026-04-28,sourced,"Base year of the 2024-based projections: ONS mid-2024 population estimate. ONS: Children under 16, working age, and pensionable age populations are based on State Pension Age (SPA) for a given year. Women's SPA increased to 65 between April 2016 and November 2018. From December 2018, the SPA for both sexes increased to 66 by October 2020 (Pensions Act 2011). Between 2026 and 2028, the SPA will increase from 66 to 67 years for both sexes (Pensions Act 2014), and will increase to 68 between 2044 and 2046 (Pensions Act 2007)."
people.npp.plp.working_age,2025,UK,44422.98,persons_k,projection,ons_npp,NPP-2024based-2026-04-28,sourced,
people.npp.plp.working_age,2026,UK,44605.677235,persons_k,projection,ons_npp,NPP-2024based-2026-04-28,sourced,
people.npp.plp.working_age,2027,UK,45139.131027,persons_k,projection,ons_npp,NPP-2024based-2026-04-28,sourced,
people.npp.plp.working_age,2028,UK,45553.374,persons_k,projection,ons_npp,NPP-2024based-2026-04-28,sourced,
people.npp.plp.working_age,2029,UK,45640.562,persons_k,projection,ons_npp,NPP-2024based-2026-04-28,sourced,
people.npp.plp.working_age,2030,UK,45694.508,persons_k,projection,ons_npp,NPP-2024based-2026-04-28,sourced,
people.npp.plp.working_age,2031,UK,45732.552,persons_k,projection,ons_npp,NPP-2024based-2026-04-28,sourced,
people.npp.plp.working_age,2032,UK,45771.644,persons_k,projection,ons_npp,NPP-2024based-2026-04-28,sourced,
people.npp.plp.working_age,2033,UK,45799.893,persons_k,projection,ons_npp,NPP-2024based-2026-04-28,sourced,
people.npp.plp.working_age,2034,UK,45812.844,persons_k,projection,ons_npp,NPP-2024based-2026-04-28,sourced,
people.npp.plp.working_age,2035,UK,45827.301,persons_k,projection,ons_npp,NPP-2024based-2026-04-28,sourced,
people.npp.plp.working_age,2036,UK,45830.666,persons_k,projection,ons_npp,NPP-2024based-2026-04-28,sourced,
people.npp.plp.working_age,2037,UK,45831.873,persons_k,projection,ons_npp,NPP-2024based-2026-04-28,sourced,
people.npp.plp.working_age,2038,UK,45821.918,persons_k,projection,ons_npp,NPP-2024based-2026-04-28,sourced,
people.npp.plp.working_age,2039,UK,45807.775,persons_k,projection,ons_npp,NPP-2024based-2026-04-28,sourced,
people.npp.plp.working_age,2040,UK,45806.718,persons_k,projection,ons_npp,NPP-2024based-2026-04-28,sourced,
people.npp.plp.working_age,2041,UK,45818.683,persons_k,projection,ons_npp,NPP-2024based-2026-04-28,sourced,
people.npp.plp.working_age,2042,UK,45841.415,persons_k,projection,ons_npp,NPP-2024based-2026-04-28,sourced,
people.npp.plp.working_age,2043,UK,45872.42,persons_k,projection,ons_npp,NPP-2024based-2026-04-28,sourced,
people.npp.plp.working_age,2044,UK,46024.564375,persons_k,projection,ons_npp,NPP-2024based-2026-04-28,sourced,
people.npp.plp.working_age,2045,UK,46414.329082,persons_k,projection,ons_npp,NPP-2024based-2026-04-28,sourced,
people.npp.plp.working_age,2046,UK,46690.714,persons_k,projection,ons_npp,NPP-2024based-2026-04-28,sourced,
people.npp.plp.working_age,2047,UK,46648.646,persons_k,projection,ons_npp,NPP-2024based-2026-04-28,sourced,
people.npp.plp.working_age,2048,UK,46569.338,persons_k,projection,ons_npp,NPP-2024based-2026-04-28,sourced,
people.npp.plp.working_age,2049,UK,46487.721,persons_k,projection,ons_npp,NPP-2024based-2026-04-28,sourced,
people.npp.plp.working_age,2050,UK,46409.944,persons_k,projection,ons_npp,NPP-2024based-2026-04-28,sourced,
people.npp.plp.working_age,2051,UK,46323.633,persons_k,projection,ons_npp,NPP-2024based-2026-04-28,sourced,
people.npp.plp.working_age,2052,UK,46235.332,persons_k,projection,ons_npp,NPP-2024based-2026-04-28,sourced,
people.npp.plp.working_age,2053,UK,46119.532,persons_k,projection,ons_npp,NPP-2024based-2026-04-28,sourced,
people.npp.plp.working_age,2054,UK,45998.203,persons_k,projection,ons_npp,NPP-2024based-2026-04-28,sourced,
people.npp.plp.working_age,2055,UK,45870.646,persons_k,projection,ons_npp,NPP-2024based-2026-04-28,sourced,
people.npp.plp.working_age,2056,UK,45723.237,persons_k,projection,ons_npp,NPP-2024based-2026-04-28,sourced,
people.npp.plp.working_age,2057,UK,45583.918,persons_k,projection,ons_npp,NPP-2024based-2026-04-28,sourced,
people.npp.plp.working_age,2058,UK,45436.78,persons_k,projection,ons_npp,NPP-2024based-2026-04-28,sourced,
people.npp.plp.working_age,2059,UK,45285.235,persons_k,projection,ons_npp,NPP-2024based-2026-04-28,sourced,
people.npp.plp.working_age,2060,UK,45141.413,persons_k,projection,ons_npp,NPP-2024based-2026-04-28,sourced,
people.npp.plp.working_age,2061,UK,45013.592,persons_k,projection,ons_npp,NPP-2024based-2026-04-28,sourced,
people.npp.plp.working_age,2062,UK,44880.103,persons_k,projection,ons_npp,NPP-2024based-2026-04-28,sourced,
people.npp.plp.working_age,2063,UK,44758.396,persons_k,projection,ons_npp,NPP-2024based-2026-04-28,sourced,
people.npp.plp.working_age,2064,UK,44637.253,persons_k,projection,ons_npp,NPP-2024based-2026-04-28,sourced,
people.npp.plp.working_age,2065,UK,44494.24,persons_k,projection,ons_npp,NPP-2024based-2026-04-28,sourced,
people.npp.plp.working_age,2066,UK,44357.963,persons_k,projection,ons_npp,NPP-2024based-2026-04-28,sourced,
people.npp.plp.working_age,2067,UK,44226.833,persons_k,projection,ons_npp,NPP-2024based-2026-04-28,sourced,
people.npp.plp.working_age,2068,UK,44118.965,persons_k,projection,ons_npp,NPP-2024based-2026-04-28,sourced,
people.npp.plp.working_age,2069,UK,44022.994,persons_k,projection,ons_npp,NPP-2024based-2026-04-28,sourced,
people.npp.plp.working_age,2070,UK,43922.198,persons_k,projection,ons_npp,NPP-2024based-2026-04-28,sourced,
people.npp.plp.working_age,2071,UK,43806.986,persons_k,projection,ons_npp,NPP-2024based-2026-04-28,sourced,
people.npp.plp.working_age,2072,UK,43668.943,persons_k,projection,ons_npp,NPP-2024based-2026-04-28,sourced,
people.npp.plp.working_age,2073,UK,43510.558,persons_k,projection,ons_npp,NPP-2024based-2026-04-28,sourced,
people.npp.plp.working_age,2074,UK,43345.548,persons_k,projection,ons_npp,NPP-2024based-2026-04-28,sourced,
people.npp.plp.working_age,2075,UK,43160.797,persons_k,projection,ons_npp,NPP-2024based-2026-04-28,sourced,
people.npp.pnp.births,2025,UK,651.892,persons_k,projection,ons_npp,NPP-2024based-2026-04-28,sourced,
people.npp.pnp.births,2026,UK,653.015,persons_k,projection,ons_npp,NPP-2024based-2026-04-28,sourced,
people.npp.pnp.births,2027,UK,648.104,persons_k,projection,ons_npp,NPP-2024based-2026-04-28,sourced,
people.npp.pnp.births,2028,UK,643.884,persons_k,projection,ons_npp,NPP-2024based-2026-04-28,sourced,
people.npp.pnp.births,2029,UK,639.633,persons_k,projection,ons_npp,NPP-2024based-2026-04-28,sourced,
people.npp.pnp.births,2030,UK,636.204,persons_k,projection,ons_npp,NPP-2024based-2026-04-28,sourced,
people.npp.pnp.births,2031,UK,633.689,persons_k,projection,ons_npp,NPP-2024based-2026-04-28,sourced,
people.npp.pnp.births,2032,UK,631.45,persons_k,projection,ons_npp,NPP-2024based-2026-04-28,sourced,
people.npp.pnp.births,2033,UK,629.656,persons_k,projection,ons_npp,NPP-2024based-2026-04-28,sourced,
people.npp.pnp.births,2034,UK,628.485,persons_k,projection,ons_npp,NPP-2024based-2026-04-28,sourced,
people.npp.pnp.births,2035,UK,628.257,persons_k,projection,ons_npp,NPP-2024based-2026-04-28,sourced,
people.npp.pnp.births,2036,UK,629.044,persons_k,projection,ons_npp,NPP-2024based-2026-04-28,sourced,
people.npp.pnp.births,2037,UK,630.634,persons_k,projection,ons_npp,NPP-2024based-2026-04-28,sourced,
people.npp.pnp.births,2038,UK,632.918,persons_k,projection,ons_npp,NPP-2024based-2026-04-28,sourced,
people.npp.pnp.births,2039,UK,635.637,persons_k,projection,ons_npp,NPP-2024based-2026-04-28,sourced,
people.npp.pnp.births,2040,UK,638.554,persons_k,projection,ons_npp,NPP-2024based-2026-04-28,sourced,
people.npp.pnp.births,2041,UK,641.415,persons_k,projection,ons_npp,NPP-2024based-2026-04-28,sourced,
people.npp.pnp.births,2042,UK,644.007,persons_k,projection,ons_npp,NPP-2024based-2026-04-28,sourced,
people.npp.pnp.births,2043,UK,646.149,persons_k,projection,ons_npp,NPP-2024based-2026-04-28,sourced,
people.npp.pnp.births,2044,UK,647.549,persons_k,projection,ons_npp,NPP-2024based-2026-04-28,sourced,
people.npp.pnp.births,2045,UK,647.717,persons_k,projection,ons_npp,NPP-2024based-2026-04-28,sourced,
people.npp.pnp.births,2046,UK,646.753,persons_k,projection,ons_npp,NPP-2024based-2026-04-28,sourced,
people.npp.pnp.births,2047,UK,645.101,persons_k,projection,ons_npp,NPP-2024based-2026-04-28,sourced,
people.npp.pnp.births,2048,UK,642.792,persons_k,projection,ons_npp,NPP-2024based-2026-04-28,sourced,
people.npp.pnp.births,2049,UK,639.736,persons_k,projection,ons_npp,NPP-2024based-2026-04-28,sourced,
people.npp.pnp.births,2050,UK,635.33,persons_k,projection,ons_npp,NPP-2024based-2026-04-28,sourced,
people.npp.pnp.births,2051,UK,629.652,persons_k,projection,ons_npp,NPP-2024based-2026-04-28,sourced,
people.npp.pnp.births,2052,UK,623.506,persons_k,projection,ons_npp,NPP-2024based-2026-04-28,sourced,
people.npp.pnp.births,2053,UK,616.891,persons_k,projection,ons_npp,NPP-2024based-2026-04-28,sourced,
people.npp.pnp.births,2054,UK,609.874,persons_k,projection,ons_npp,NPP-2024based-2026-04-28,sourced,
people.npp.pnp.births,2055,UK,602.763,persons_k,projection,ons_npp,NPP-2024based-2026-04-28,sourced,
people.npp.pnp.births,2056,UK,595.927,persons_k,projection,ons_npp,NPP-2024based-2026-04-28,sourced,
people.npp.pnp.births,2057,UK,589.587,persons_k,projection,ons_npp,NPP-2024based-2026-04-28,sourced,
people.npp.pnp.births,2058,UK,583.658,persons_k,projection,ons_npp,NPP-2024based-2026-04-28,sourced,
people.npp.pnp.births,2059,UK,578.203,persons_k,projection,ons_npp,NPP-2024based-2026-04-28,sourced,
people.npp.pnp.births,2060,UK,573.358,persons_k,projection,ons_npp,NPP-2024based-2026-04-28,sourced,
people.npp.pnp.births,2061,UK,569.189,persons_k,projection,ons_npp,NPP-2024based-2026-04-28,sourced,
people.npp.pnp.births,2062,UK,565.749,persons_k,projection,ons_npp,NPP-2024based-2026-04-28,sourced,
people.npp.pnp.births,2063,UK,562.861,persons_k,projection,ons_npp,NPP-2024based-2026-04-28,sourced,
people.npp.pnp.births,2064,UK,560.368,persons_k,projection,ons_npp,NPP-2024based-2026-04-28,sourced,
people.npp.pnp.births,2065,UK,558.418,persons_k,projection,ons_npp,NPP-2024based-2026-04-28,sourced,
people.npp.pnp.births,2066,UK,557.028,persons_k,projection,ons_npp,NPP-2024based-2026-04-28,sourced,
people.npp.pnp.births,2067,UK,556.113,persons_k,projection,ons_npp,NPP-2024based-2026-04-28,sourced,
people.npp.pnp.births,2068,UK,555.608,persons_k,projection,ons_npp,NPP-2024based-2026-04-28,sourced,
people.npp.pnp.births,2069,UK,555.37,persons_k,projection,ons_npp,NPP-2024based-2026-04-28,sourced,
people.npp.pnp.births,2070,UK,555.314,persons_k,projection,ons_npp,NPP-2024based-2026-04-28,sourced,
people.npp.pnp.births,2071,UK,555.433,persons_k,projection,ons_npp,NPP-2024based-2026-04-28,sourced,
people.npp.pnp.births,2072,UK,555.651,persons_k,projection,ons_npp,NPP-2024based-2026-04-28,sourced,
people.npp.pnp.births,2073,UK,555.863,persons_k,projection,ons_npp,NPP-2024based-2026-04-28,sourced,
people.npp.pnp.births,2074,UK,555.993,persons_k,projection,ons_npp,NPP-2024based-2026-04-28,sourced,
people.npp.pnp.births,2075,UK,555.98,persons_k,projection,ons_npp,NPP-2024based-2026-04-28,sourced,
people.npp.pnp.deaths,2025,UK,634.987,persons_k,projection,ons_npp,NPP-2024based-2026-04-28,sourced,
people.npp.pnp.deaths,2026,UK,665.891,persons_k,projection,ons_npp,NPP-2024based-2026-04-28,sourced,
people.npp.pnp.deaths,2027,UK,670.21,persons_k,projection,ons_npp,NPP-2024based-2026-04-28,sourced,
people.npp.pnp.deaths,2028,UK,676.148,persons_k,projection,ons_npp,NPP-2024based-2026-04-28,sourced,
people.npp.pnp.deaths,2029,UK,683.457,persons_k,projection,ons_npp,NPP-2024based-2026-04-28,sourced,
people.npp.pnp.deaths,2030,UK,691.901,persons_k,projection,ons_npp,NPP-2024based-2026-04-28,sourced,
people.npp.pnp.deaths,2031,UK,701.317,persons_k,projection,ons_npp,NPP-2024based-2026-04-28,sourced,
people.npp.pnp.deaths,2032,UK,711.521,persons_k,projection,ons_npp,NPP-2024based-2026-04-28,sourced,
people.npp.pnp.deaths,2033,UK,722.338,persons_k,projection,ons_npp,NPP-2024based-2026-04-28,sourced,
people.npp.pnp.deaths,2034,UK,733.626,persons_k,projection,ons_npp,NPP-2024based-2026-04-28,sourced,
people.npp.pnp.deaths,2035,UK,745.19,persons_k,projection,ons_npp,NPP-2024based-2026-04-28,sourced,
people.npp.pnp.deaths,2036,UK,756.849,persons_k,projection,ons_npp,NPP-2024based-2026-04-28,sourced,
people.npp.pnp.deaths,2037,UK,768.488,persons_k,projection,ons_npp,NPP-2024based-2026-04-28,sourced,
people.npp.pnp.deaths,2038,UK,779.944,persons_k,projection,ons_npp,NPP-2024based-2026-04-28,sourced,
people.npp.pnp.deaths,2039,UK,791.112,persons_k,projection,ons_npp,NPP-2024based-2026-04-28,sourced,
people.npp.pnp.deaths,2040,UK,801.776,persons_k,projection,ons_npp,NPP-2024based-2026-04-28,sourced,
people.npp.pnp.deaths,2041,UK,811.923,persons_k,projection,ons_npp,NPP-2024based-2026-04-28,sourced,
people.npp.pnp.deaths,2042,UK,821.588,persons_k,projection,ons_npp,NPP-2024based-2026-04-28,sourced,
people.npp.pnp.deaths,2043,UK,830.815,persons_k,projection,ons_npp,NPP-2024based-2026-04-28,sourced,
people.npp.pnp.deaths,2044,UK,839.669,persons_k,projection,ons_npp,NPP-2024based-2026-04-28,sourced,
people.npp.pnp.deaths,2045,UK,848.276,persons_k,projection,ons_npp,NPP-2024based-2026-04-28,sourced,
people.npp.pnp.deaths,2046,UK,856.69,persons_k,projection,ons_npp,NPP-2024based-2026-04-28,sourced,
people.npp.pnp.deaths,2047,UK,865.05,persons_k,projection,ons_npp,NPP-2024based-2026-04-28,sourced,
people.npp.pnp.deaths,2048,UK,873.391,persons_k,projection,ons_npp,NPP-2024based-2026-04-28,sourced,
people.npp.pnp.deaths,2049,UK,881.706,persons_k,projection,ons_npp,NPP-2024based-2026-04-28,sourced,
people.npp.pnp.deaths,2050,UK,889.86,persons_k,projection,ons_npp,NPP-2024based-2026-04-28,sourced,
people.npp.pnp.deaths,2051,UK,897.776,persons_k,projection,ons_npp,NPP-2024based-2026-04-28,sourced,
people.npp.pnp.deaths,2052,UK,905.253,persons_k,projection,ons_npp,NPP-2024based-2026-04-28,sourced,
people.npp.pnp.deaths,2053,UK,912.179,persons_k,projection,ons_npp,NPP-2024based-2026-04-28,sourced,
people.npp.pnp.deaths,2054,UK,918.411,persons_k,projection,ons_npp,NPP-2024based-2026-04-28,sourced,
people.npp.pnp.deaths,2055,UK,923.815,persons_k,projection,ons_npp,NPP-2024based-2026-04-28,sourced,
people.npp.pnp.deaths,2056,UK,928.322,persons_k,projection,ons_npp,NPP-2024based-2026-04-28,sourced,
people.npp.pnp.deaths,2057,UK,931.861,persons_k,projection,ons_npp,NPP-2024based-2026-04-28,sourced,
people.npp.pnp.deaths,2058,UK,934.477,persons_k,projection,ons_npp,NPP-2024based-2026-04-28,sourced,
people.npp.pnp.deaths,2059,UK,936.267,persons_k,projection,ons_npp,NPP-2024based-2026-04-28,sourced,
people.npp.pnp.deaths,2060,UK,937.346,persons_k,projection,ons_npp,NPP-2024based-2026-04-28,sourced,
people.npp.pnp.deaths,2061,UK,937.844,persons_k,projection,ons_npp,NPP-2024based-2026-04-28,sourced,
people.npp.pnp.deaths,2062,UK,938.007,persons_k,projection,ons_npp,NPP-2024based-2026-04-28,sourced,
people.npp.pnp.deaths,2063,UK,938.007,persons_k,projection,ons_npp,NPP-2024based-2026-04-28,sourced,
people.npp.pnp.deaths,2064,UK,938.074,persons_k,projection,ons_npp,NPP-2024based-2026-04-28,sourced,
people.npp.pnp.deaths,2065,UK,938.368,persons_k,projection,ons_npp,NPP-2024based-2026-04-28,sourced,
people.npp.pnp.deaths,2066,UK,939.121,persons_k,projection,ons_npp,NPP-2024based-2026-04-28,sourced,
people.npp.pnp.deaths,2067,UK,940.454,persons_k,projection,ons_npp,NPP-2024based-2026-04-28,sourced,
people.npp.pnp.deaths,2068,UK,942.438,persons_k,projection,ons_npp,NPP-2024based-2026-04-28,sourced,
people.npp.pnp.deaths,2069,UK,945.156,persons_k,projection,ons_npp,NPP-2024based-2026-04-28,sourced,
people.npp.pnp.deaths,2070,UK,948.553,persons_k,projection,ons_npp,NPP-2024based-2026-04-28,sourced,
people.npp.pnp.deaths,2071,UK,952.609,persons_k,projection,ons_npp,NPP-2024based-2026-04-28,sourced,
people.npp.pnp.deaths,2072,UK,957.15,persons_k,projection,ons_npp,NPP-2024based-2026-04-28,sourced,
people.npp.pnp.deaths,2073,UK,962.038,persons_k,projection,ons_npp,NPP-2024based-2026-04-28,sourced,
people.npp.pnp.deaths,2074,UK,967.074,persons_k,projection,ons_npp,NPP-2024based-2026-04-28,sourced,
people.npp.pnp.deaths,2075,UK,972.058,persons_k,projection,ons_npp,NPP-2024based-2026-04-28,sourced,
people.npp.pnp.life_expectancy_female,2025,UK,83.631761,years,projection,ons_npp,NPP-2024based-2026-04-28,sourced,
people.npp.pnp.life_expectancy_female,2026,UK,83.479854,years,projection,ons_npp,NPP-2024based-2026-04-28,sourced,
people.npp.pnp.life_expectancy_female,2027,UK,83.603772,years,projection,ons_npp,NPP-2024based-2026-04-28,sourced,
people.npp.pnp.life_expectancy_female,2028,UK,83.71745,years,projection,ons_npp,NPP-2024based-2026-04-28,sourced,
people.npp.pnp.life_expectancy_female,2029,UK,83.820835,years,projection,ons_npp,NPP-2024based-2026-04-28,sourced,
people.npp.pnp.life_expectancy_female,2030,UK,83.915449,years,projection,ons_npp,NPP-2024based-2026-04-28,sourced,
people.npp.pnp.life_expectancy_female,2031,UK,84.001023,years,projection,ons_npp,NPP-2024based-2026-04-28,sourced,
people.npp.pnp.life_expectancy_female,2032,UK,84.078547,years,projection,ons_npp,NPP-2024based-2026-04-28,sourced,
people.npp.pnp.life_expectancy_female,2033,UK,84.147472,years,projection,ons_npp,NPP-2024based-2026-04-28,sourced,
people.npp.pnp.life_expectancy_female,2034,UK,84.207669,years,projection,ons_npp,NPP-2024based-2026-04-28,sourced,
people.npp.pnp.life_expectancy_female,2035,UK,84.26131,years,projection,ons_npp,NPP-2024based-2026-04-28,sourced,
people.npp.pnp.life_expectancy_female,2036,UK,84.309397,years,projection,ons_npp,NPP-2024based-2026-04-28,sourced,
people.npp.pnp.life_expectancy_female,2037,UK,84.349802,years,projection,ons_npp,NPP-2024based-2026-04-28,sourced,
people.npp.pnp.life_expectancy_female,2038,UK,84.384095,years,projection,ons_npp,NPP-2024based-2026-04-28,sourced,
people.npp.pnp.life_expectancy_female,2039,UK,84.413736,years,projection,ons_npp,NPP-2024based-2026-04-28,sourced,
people.npp.pnp.life_expectancy_female,2040,UK,84.439096,years,projection,ons_npp,NPP-2024based-2026-04-28,sourced,
people.npp.pnp.life_expectancy_female,2041,UK,84.460601,years,projection,ons_npp,NPP-2024based-2026-04-28,sourced,
people.npp.pnp.life_expectancy_female,2042,UK,84.475793,years,projection,ons_npp,NPP-2024based-2026-04-28,sourced,
people.npp.pnp.life_expectancy_female,2043,UK,84.488315,years,projection,ons_npp,NPP-2024based-2026-04-28,sourced,
people.npp.pnp.life_expectancy_female,2044,UK,84.498207,years,projection,ons_npp,NPP-2024based-2026-04-28,sourced,
people.npp.pnp.life_expectancy_female,2045,UK,84.505261,years,projection,ons_npp,NPP-2024based-2026-04-28,sourced,
people.npp.pnp.life_expectancy_female,2046,UK,84.511664,years,projection,ons_npp,NPP-2024based-2026-04-28,sourced,
people.npp.pnp.life_expectancy_female,2047,UK,84.515051,years,projection,ons_npp,NPP-2024based-2026-04-28,sourced,
people.npp.pnp.life_expectancy_female,2048,UK,84.517096,years,projection,ons_npp,NPP-2024based-2026-04-28,sourced,
people.npp.pnp.life_expectancy_female,2049,UK,84.518993,years,projection,ons_npp,NPP-2024based-2026-04-28,sourced,
people.npp.pnp.life_expectancy_female,2050,UK,84.51996,years,projection,ons_npp,NPP-2024based-2026-04-28,sourced,
people.npp.pnp.life_expectancy_female,2051,UK,84.520724,years,projection,ons_npp,NPP-2024based-2026-04-28,sourced,
people.npp.pnp.life_expectancy_female,2052,UK,84.521353,years,projection,ons_npp,NPP-2024based-2026-04-28,sourced,
people.npp.pnp.life_expectancy_female,2053,UK,84.522151,years,projection,ons_npp,NPP-2024based-2026-04-28,sourced,
people.npp.pnp.life_expectancy_female,2054,UK,84.523332,years,projection,ons_npp,NPP-2024based-2026-04-28,sourced,
people.npp.pnp.life_expectancy_female,2055,UK,84.525009,years,projection,ons_npp,NPP-2024based-2026-04-28,sourced,
people.npp.pnp.life_expectancy_female,2056,UK,84.525799,years,projection,ons_npp,NPP-2024based-2026-04-28,sourced,
people.npp.pnp.life_expectancy_female,2057,UK,84.526198,years,projection,ons_npp,NPP-2024based-2026-04-28,sourced,
people.npp.pnp.life_expectancy_female,2058,UK,84.527907,years,projection,ons_npp,NPP-2024based-2026-04-28,sourced,
people.npp.pnp.life_expectancy_female,2059,UK,84.52848,years,projection,ons_npp,NPP-2024based-2026-04-28,sourced,
people.npp.pnp.life_expectancy_female,2060,UK,84.529021,years,projection,ons_npp,NPP-2024based-2026-04-28,sourced,
people.npp.pnp.life_expectancy_female,2061,UK,84.530324,years,projection,ons_npp,NPP-2024based-2026-04-28,sourced,
people.npp.pnp.life_expectancy_female,2062,UK,84.529247,years,projection,ons_npp,NPP-2024based-2026-04-28,sourced,
people.npp.pnp.life_expectancy_female,2063,UK,84.52958,years,projection,ons_npp,NPP-2024based-2026-04-28,sourced,
people.npp.pnp.life_expectancy_female,2064,UK,84.531138,years,projection,ons_npp,NPP-2024based-2026-04-28,sourced,
people.npp.pnp.life_expectancy_female,2065,UK,84.531837,years,projection,ons_npp,NPP-2024based-2026-04-28,sourced,
people.npp.pnp.life_expectancy_female,2066,UK,84.532135,years,projection,ons_npp,NPP-2024based-2026-04-28,sourced,
people.npp.pnp.life_expectancy_female,2067,UK,84.531659,years,projection,ons_npp,NPP-2024based-2026-04-28,sourced,
people.npp.pnp.life_expectancy_female,2068,UK,84.532742,years,projection,ons_npp,NPP-2024based-2026-04-28,sourced,
people.npp.pnp.life_expectancy_female,2069,UK,84.532663,years,projection,ons_npp,NPP-2024based-2026-04-28,sourced,
people.npp.pnp.life_expectancy_female,2070,UK,84.533916,years,projection,ons_npp,NPP-2024based-2026-04-28,sourced,
people.npp.pnp.life_expectancy_female,2071,UK,84.534157,years,projection,ons_npp,NPP-2024based-2026-04-28,sourced,
people.npp.pnp.life_expectancy_female,2072,UK,84.535024,years,projection,ons_npp,NPP-2024based-2026-04-28,sourced,
people.npp.pnp.life_expectancy_female,2073,UK,84.535566,years,projection,ons_npp,NPP-2024based-2026-04-28,sourced,
people.npp.pnp.life_expectancy_female,2074,UK,84.536293,years,projection,ons_npp,NPP-2024based-2026-04-28,sourced,
people.npp.pnp.life_expectancy_female,2075,UK,84.535693,years,projection,ons_npp,NPP-2024based-2026-04-28,sourced,
people.npp.pnp.life_expectancy_male,2025,UK,79.85393,years,projection,ons_npp,NPP-2024based-2026-04-28,sourced,
people.npp.pnp.life_expectancy_male,2026,UK,79.642542,years,projection,ons_npp,NPP-2024based-2026-04-28,sourced,
people.npp.pnp.life_expectancy_male,2027,UK,79.775379,years,projection,ons_npp,NPP-2024based-2026-04-28,sourced,
people.npp.pnp.life_expectancy_male,2028,UK,79.898525,years,projection,ons_npp,NPP-2024based-2026-04-28,sourced,
people.npp.pnp.life_expectancy_male,2029,UK,80.011996,years,projection,ons_npp,NPP-2024based-2026-04-28,sourced,
people.npp.pnp.life_expectancy_male,2030,UK,80.115437,years,projection,ons_npp,NPP-2024based-2026-04-28,sourced,
people.npp.pnp.life_expectancy_male,2031,UK,80.209292,years,projection,ons_npp,NPP-2024based-2026-04-28,sourced,
people.npp.pnp.life_expectancy_male,2032,UK,80.294217,years,projection,ons_npp,NPP-2024based-2026-04-28,sourced,
people.npp.pnp.life_expectancy_male,2033,UK,80.369843,years,projection,ons_npp,NPP-2024based-2026-04-28,sourced,
people.npp.pnp.life_expectancy_male,2034,UK,80.437606,years,projection,ons_npp,NPP-2024based-2026-04-28,sourced,
people.npp.pnp.life_expectancy_male,2035,UK,80.497777,years,projection,ons_npp,NPP-2024based-2026-04-28,sourced,
people.npp.pnp.life_expectancy_male,2036,UK,80.550872,years,projection,ons_npp,NPP-2024based-2026-04-28,sourced,
people.npp.pnp.life_expectancy_male,2037,UK,80.596814,years,projection,ons_npp,NPP-2024based-2026-04-28,sourced,
people.npp.pnp.life_expectancy_male,2038,UK,80.638103,years,projection,ons_npp,NPP-2024based-2026-04-28,sourced,
people.npp.pnp.life_expectancy_male,2039,UK,80.672362,years,projection,ons_npp,NPP-2024based-2026-04-28,sourced,
people.npp.pnp.life_expectancy_male,2040,UK,80.70181,years,projection,ons_npp,NPP-2024based-2026-04-28,sourced,
people.npp.pnp.life_expectancy_male,2041,UK,80.72622,years,projection,ons_npp,NPP-2024based-2026-04-28,sourced,
people.npp.pnp.life_expectancy_male,2042,UK,80.746754,years,projection,ons_npp,NPP-2024based-2026-04-28,sourced,
people.npp.pnp.life_expectancy_male,2043,UK,80.763656,years,projection,ons_npp,NPP-2024based-2026-04-28,sourced,
people.npp.pnp.life_expectancy_male,2044,UK,80.777222,years,projection,ons_npp,NPP-2024based-2026-04-28,sourced,
people.npp.pnp.life_expectancy_male,2045,UK,80.785641,years,projection,ons_npp,NPP-2024based-2026-04-28,sourced,
people.npp.pnp.life_expectancy_male,2046,UK,80.79299,years,projection,ons_npp,NPP-2024based-2026-04-28,sourced,
people.npp.pnp.life_expectancy_male,2047,UK,80.797241,years,projection,ons_npp,NPP-2024based-2026-04-28,sourced,
people.npp.pnp.life_expectancy_male,2048,UK,80.800733,years,projection,ons_npp,NPP-2024based-2026-04-28,sourced,
people.npp.pnp.life_expectancy_male,2049,UK,80.80185,years,projection,ons_npp,NPP-2024based-2026-04-28,sourced,
people.npp.pnp.life_expectancy_male,2050,UK,80.803081,years,projection,ons_npp,NPP-2024based-2026-04-28,sourced,
people.npp.pnp.life_expectancy_male,2051,UK,80.802781,years,projection,ons_npp,NPP-2024based-2026-04-28,sourced,
people.npp.pnp.life_expectancy_male,2052,UK,80.80362,years,projection,ons_npp,NPP-2024based-2026-04-28,sourced,
people.npp.pnp.life_expectancy_male,2053,UK,80.804449,years,projection,ons_npp,NPP-2024based-2026-04-28,sourced,
people.npp.pnp.life_expectancy_male,2054,UK,80.80491,years,projection,ons_npp,NPP-2024based-2026-04-28,sourced,
people.npp.pnp.life_expectancy_male,2055,UK,80.806554,years,projection,ons_npp,NPP-2024based-2026-04-28,sourced,
people.npp.pnp.life_expectancy_male,2056,UK,80.807302,years,projection,ons_npp,NPP-2024based-2026-04-28,sourced,
people.npp.pnp.life_expectancy_male,2057,UK,80.807744,years,projection,ons_npp,NPP-2024based-2026-04-28,sourced,
people.npp.pnp.life_expectancy_male,2058,UK,80.809505,years,projection,ons_npp,NPP-2024based-2026-04-28,sourced,
people.npp.pnp.life_expectancy_male,2059,UK,80.809077,years,projection,ons_npp,NPP-2024based-2026-04-28,sourced,
people.npp.pnp.life_expectancy_male,2060,UK,80.809124,years,projection,ons_npp,NPP-2024based-2026-04-28,sourced,
people.npp.pnp.life_expectancy_male,2061,UK,80.809722,years,projection,ons_npp,NPP-2024based-2026-04-28,sourced,
people.npp.pnp.life_expectancy_male,2062,UK,80.811062,years,projection,ons_npp,NPP-2024based-2026-04-28,sourced,
people.npp.pnp.life_expectancy_male,2063,UK,80.811296,years,projection,ons_npp,NPP-2024based-2026-04-28,sourced,
people.npp.pnp.life_expectancy_male,2064,UK,80.810819,years,projection,ons_npp,NPP-2024based-2026-04-28,sourced,
people.npp.pnp.life_expectancy_male,2065,UK,80.811645,years,projection,ons_npp,NPP-2024based-2026-04-28,sourced,
people.npp.pnp.life_expectancy_male,2066,UK,80.812158,years,projection,ons_npp,NPP-2024based-2026-04-28,sourced,
people.npp.pnp.life_expectancy_male,2067,UK,80.812957,years,projection,ons_npp,NPP-2024based-2026-04-28,sourced,
people.npp.pnp.life_expectancy_male,2068,UK,80.813013,years,projection,ons_npp,NPP-2024based-2026-04-28,sourced,
people.npp.pnp.life_expectancy_male,2069,UK,80.813786,years,projection,ons_npp,NPP-2024based-2026-04-28,sourced,
people.npp.pnp.life_expectancy_male,2070,UK,80.815308,years,projection,ons_npp,NPP-2024based-2026-04-28,sourced,
people.npp.pnp.life_expectancy_male,2071,UK,80.814941,years,projection,ons_npp,NPP-2024based-2026-04-28,sourced,
people.npp.pnp.life_expectancy_male,2072,UK,80.815652,years,projection,ons_npp,NPP-2024based-2026-04-28,sourced,
people.npp.pnp.life_expectancy_male,2073,UK,80.815643,years,projection,ons_npp,NPP-2024based-2026-04-28,sourced,
people.npp.pnp.life_expectancy_male,2074,UK,80.816432,years,projection,ons_npp,NPP-2024based-2026-04-28,sourced,
people.npp.pnp.life_expectancy_male,2075,UK,80.816567,years,projection,ons_npp,NPP-2024based-2026-04-28,sourced,
people.npp.pnp.net_migration,2025,UK,204.0,persons_k,projection,ons_npp,NPP-2024based-2026-04-28,sourced,
people.npp.pnp.net_migration,2026,UK,138.0,persons_k,projection,ons_npp,NPP-2024based-2026-04-28,sourced,
people.npp.pnp.net_migration,2027,UK,230.0,persons_k,projection,ons_npp,NPP-2024based-2026-04-28,sourced,
people.npp.pnp.net_migration,2028,UK,230.0,persons_k,projection,ons_npp,NPP-2024based-2026-04-28,sourced,
people.npp.pnp.net_migration,2029,UK,230.0,persons_k,projection,ons_npp,NPP-2024based-2026-04-28,sourced,
people.npp.pnp.net_migration,2030,UK,230.0,persons_k,projection,ons_npp,NPP-2024based-2026-04-28,sourced,
people.npp.pnp.net_migration,2031,UK,230.0,persons_k,projection,ons_npp,NPP-2024based-2026-04-28,sourced,
people.npp.pnp.net_migration,2032,UK,230.0,persons_k,projection,ons_npp,NPP-2024based-2026-04-28,sourced,
people.npp.pnp.net_migration,2033,UK,230.0,persons_k,projection,ons_npp,NPP-2024based-2026-04-28,sourced,
people.npp.pnp.net_migration,2034,UK,230.0,persons_k,projection,ons_npp,NPP-2024based-2026-04-28,sourced,
people.npp.pnp.net_migration,2035,UK,230.0,persons_k,projection,ons_npp,NPP-2024based-2026-04-28,sourced,
people.npp.pnp.net_migration,2036,UK,230.0,persons_k,projection,ons_npp,NPP-2024based-2026-04-28,sourced,
people.npp.pnp.net_migration,2037,UK,230.0,persons_k,projection,ons_npp,NPP-2024based-2026-04-28,sourced,
people.npp.pnp.net_migration,2038,UK,230.0,persons_k,projection,ons_npp,NPP-2024based-2026-04-28,sourced,
people.npp.pnp.net_migration,2039,UK,230.0,persons_k,projection,ons_npp,NPP-2024based-2026-04-28,sourced,
people.npp.pnp.net_migration,2040,UK,230.0,persons_k,projection,ons_npp,NPP-2024based-2026-04-28,sourced,
people.npp.pnp.net_migration,2041,UK,230.0,persons_k,projection,ons_npp,NPP-2024based-2026-04-28,sourced,
people.npp.pnp.net_migration,2042,UK,230.0,persons_k,projection,ons_npp,NPP-2024based-2026-04-28,sourced,
people.npp.pnp.net_migration,2043,UK,230.0,persons_k,projection,ons_npp,NPP-2024based-2026-04-28,sourced,
people.npp.pnp.net_migration,2044,UK,230.0,persons_k,projection,ons_npp,NPP-2024based-2026-04-28,sourced,
people.npp.pnp.net_migration,2045,UK,230.0,persons_k,projection,ons_npp,NPP-2024based-2026-04-28,sourced,
people.npp.pnp.net_migration,2046,UK,230.0,persons_k,projection,ons_npp,NPP-2024based-2026-04-28,sourced,
people.npp.pnp.net_migration,2047,UK,230.0,persons_k,projection,ons_npp,NPP-2024based-2026-04-28,sourced,
people.npp.pnp.net_migration,2048,UK,230.0,persons_k,projection,ons_npp,NPP-2024based-2026-04-28,sourced,
people.npp.pnp.net_migration,2049,UK,230.0,persons_k,projection,ons_npp,NPP-2024based-2026-04-28,sourced,
people.npp.pnp.net_migration,2050,UK,230.0,persons_k,projection,ons_npp,NPP-2024based-2026-04-28,sourced,
people.npp.pnp.net_migration,2051,UK,230.0,persons_k,projection,ons_npp,NPP-2024based-2026-04-28,sourced,
people.npp.pnp.net_migration,2052,UK,230.0,persons_k,projection,ons_npp,NPP-2024based-2026-04-28,sourced,
people.npp.pnp.net_migration,2053,UK,230.0,persons_k,projection,ons_npp,NPP-2024based-2026-04-28,sourced,
people.npp.pnp.net_migration,2054,UK,230.0,persons_k,projection,ons_npp,NPP-2024based-2026-04-28,sourced,
people.npp.pnp.net_migration,2055,UK,230.0,persons_k,projection,ons_npp,NPP-2024based-2026-04-28,sourced,
people.npp.pnp.net_migration,2056,UK,230.0,persons_k,projection,ons_npp,NPP-2024based-2026-04-28,sourced,
people.npp.pnp.net_migration,2057,UK,230.0,persons_k,projection,ons_npp,NPP-2024based-2026-04-28,sourced,
people.npp.pnp.net_migration,2058,UK,230.0,persons_k,projection,ons_npp,NPP-2024based-2026-04-28,sourced,
people.npp.pnp.net_migration,2059,UK,230.0,persons_k,projection,ons_npp,NPP-2024based-2026-04-28,sourced,
people.npp.pnp.net_migration,2060,UK,230.0,persons_k,projection,ons_npp,NPP-2024based-2026-04-28,sourced,
people.npp.pnp.net_migration,2061,UK,230.0,persons_k,projection,ons_npp,NPP-2024based-2026-04-28,sourced,
people.npp.pnp.net_migration,2062,UK,230.0,persons_k,projection,ons_npp,NPP-2024based-2026-04-28,sourced,
people.npp.pnp.net_migration,2063,UK,230.0,persons_k,projection,ons_npp,NPP-2024based-2026-04-28,sourced,
people.npp.pnp.net_migration,2064,UK,230.0,persons_k,projection,ons_npp,NPP-2024based-2026-04-28,sourced,
people.npp.pnp.net_migration,2065,UK,230.0,persons_k,projection,ons_npp,NPP-2024based-2026-04-28,sourced,
people.npp.pnp.net_migration,2066,UK,230.0,persons_k,projection,ons_npp,NPP-2024based-2026-04-28,sourced,
people.npp.pnp.net_migration,2067,UK,230.0,persons_k,projection,ons_npp,NPP-2024based-2026-04-28,sourced,
people.npp.pnp.net_migration,2068,UK,230.0,persons_k,projection,ons_npp,NPP-2024based-2026-04-28,sourced,
people.npp.pnp.net_migration,2069,UK,230.0,persons_k,projection,ons_npp,NPP-2024based-2026-04-28,sourced,
people.npp.pnp.net_migration,2070,UK,230.0,persons_k,projection,ons_npp,NPP-2024based-2026-04-28,sourced,
people.npp.pnp.net_migration,2071,UK,230.0,persons_k,projection,ons_npp,NPP-2024based-2026-04-28,sourced,
people.npp.pnp.net_migration,2072,UK,230.0,persons_k,projection,ons_npp,NPP-2024based-2026-04-28,sourced,
people.npp.pnp.net_migration,2073,UK,230.0,persons_k,projection,ons_npp,NPP-2024based-2026-04-28,sourced,
people.npp.pnp.net_migration,2074,UK,230.0,persons_k,projection,ons_npp,NPP-2024based-2026-04-28,sourced,
people.npp.pnp.net_migration,2075,UK,230.0,persons_k,projection,ons_npp,NPP-2024based-2026-04-28,sourced,
people.npp.pnp.oadr,2024,UK,279.682164,per_1000,outturn,ons_npp,NPP-2024based-2026-04-28,sourced,"Base year of the 2024-based projections: ONS mid-2024 population estimate. ONS: Children under 16, working age, and pensionable age populations are based on State Pension Age (SPA) for a given year. Women's SPA increased to 65 between April 2016 and November 2018. From December 2018, the SPA for both sexes increased to 66 by October 2020 (Pensions Act 2011). Between 2026 and 2028, the SPA will increase from 66 to 67 years for both sexes (Pensions Act 2014), and will increase to 68 between 2044 and 2046 (Pensions Act 2007)."
people.npp.pnp.oadr,2025,UK,284.391299,per_1000,projection,ons_npp,NPP-2024based-2026-04-28,sourced,
people.npp.pnp.oadr,2026,UK,285.724194,per_1000,projection,ons_npp,NPP-2024based-2026-04-28,sourced,
people.npp.pnp.oadr,2027,UK,279.017935,per_1000,projection,ons_npp,NPP-2024based-2026-04-28,sourced,
people.npp.pnp.oadr,2028,UK,275.713978,per_1000,projection,ons_npp,NPP-2024based-2026-04-28,sourced,
people.npp.pnp.oadr,2029,UK,281.036483,per_1000,projection,ons_npp,NPP-2024based-2026-04-28,sourced,
people.npp.pnp.oadr,2030,UK,286.728514,per_1000,projection,ons_npp,NPP-2024based-2026-04-28,sourced,
people.npp.pnp.oadr,2031,UK,292.631305,per_1000,projection,ons_npp,NPP-2024based-2026-04-28,sourced,
people.npp.pnp.oadr,2032,UK,298.444236,per_1000,projection,ons_npp,NPP-2024based-2026-04-28,sourced,
people.npp.pnp.oadr,2033,UK,303.889421,per_1000,projection,ons_npp,NPP-2024based-2026-04-28,sourced,
people.npp.pnp.oadr,2034,UK,309.176073,per_1000,projection,ons_npp,NPP-2024based-2026-04-28,sourced,
people.npp.pnp.oadr,2035,UK,314.00896,per_1000,projection,ons_npp,NPP-2024based-2026-04-28,sourced,
people.npp.pnp.oadr,2036,UK,318.623286,per_1000,projection,ons_npp,NPP-2024based-2026-04-28,sourced,
people.npp.pnp.oadr,2037,UK,322.50948,per_1000,projection,ons_npp,NPP-2024based-2026-04-28,sourced,
people.npp.pnp.oadr,2038,UK,326.621129,per_1000,projection,ons_npp,NPP-2024based-2026-04-28,sourced,
people.npp.pnp.oadr,2039,UK,329.803211,per_1000,projection,ons_npp,NPP-2024based-2026-04-28,sourced,
people.npp.pnp.oadr,2040,UK,331.986888,per_1000,projection,ons_npp,NPP-2024based-2026-04-28,sourced,
people.npp.pnp.oadr,2041,UK,333.205622,per_1000,projection,ons_npp,NPP-2024based-2026-04-28,sourced,
people.npp.pnp.oadr,2042,UK,333.944106,per_1000,projection,ons_npp,NPP-2024based-2026-04-28,sourced,
people.npp.pnp.oadr,2043,UK,334.147947,per_1000,projection,ons_npp,NPP-2024based-2026-04-28,sourced,
people.npp.pnp.oadr,2044,UK,330.572029,per_1000,projection,ons_npp,NPP-2024based-2026-04-28,sourced,
people.npp.pnp.oadr,2045,UK,319.974867,per_1000,projection,ons_npp,NPP-2024based-2026-04-28,sourced,
people.npp.pnp.oadr,2046,UK,312.487782,per_1000,projection,ons_npp,NPP-2024based-2026-04-28,sourced,
people.npp.pnp.oadr,2047,UK,313.754342,per_1000,projection,ons_npp,NPP-2024based-2026-04-28,sourced,
people.npp.pnp.oadr,2048,UK,315.853166,per_1000,projection,ons_npp,NPP-2024based-2026-04-28,sourced,
people.npp.pnp.oadr,2049,UK,317.814121,per_1000,projection,ons_npp,NPP-2024based-2026-04-28,sourced,
people.npp.pnp.oadr,2050,UK,319.479226,per_1000,projection,ons_npp,NPP-2024based-2026-04-28,sourced,
people.npp.pnp.oadr,2051,UK,321.223292,per_1000,projection,ons_npp,NPP-2024based-2026-04-28,sourced,
people.npp.pnp.oadr,2052,UK,322.89155,per_1000,projection,ons_npp,NPP-2024based-2026-04-28,sourced,
people.npp.pnp.oadr,2053,UK,325.24225,per_1000,projection,ons_npp,NPP-2024based-2026-04-28,sourced,
people.npp.pnp.oadr,2054,UK,327.68164,per_1000,projection,ons_npp,NPP-2024based-2026-04-28,sourced,
people.npp.pnp.oadr,2055,UK,330.258036,per_1000,projection,ons_npp,NPP-2024based-2026-04-28,sourced,
people.npp.pnp.oadr,2056,UK,333.391488,per_1000,projection,ons_npp,NPP-2024based-2026-04-28,sourced,
people.npp.pnp.oadr,2057,UK,336.295672,per_1000,projection,ons_npp,NPP-2024based-2026-04-28,sourced,
people.npp.pnp.oadr,2058,UK,339.447563,per_1000,projection,ons_npp,NPP-2024based-2026-04-28,sourced,
people.npp.pnp.oadr,2059,UK,342.757407,per_1000,projection,ons_npp,NPP-2024based-2026-04-28,sourced,
people.npp.pnp.oadr,2060,UK,345.868192,per_1000,projection,ons_npp,NPP-2024based-2026-04-28,sourced,
people.npp.pnp.oadr,2061,UK,348.515338,per_1000,projection,ons_npp,NPP-2024based-2026-04-28,sourced,
people.npp.pnp.oadr,2062,UK,351.323555,per_1000,projection,ons_npp,NPP-2024based-2026-04-28,sourced,
people.npp.pnp.oadr,2063,UK,353.759725,per_1000,projection,ons_npp,NPP-2024based-2026-04-28,sourced,
people.npp.pnp.oadr,2064,UK,356.140162,per_1000,projection,ons_npp,NPP-2024based-2026-04-28,sourced,
people.npp.pnp.oadr,2065,UK,359.121275,per_1000,projection,ons_npp,NPP-2024based-2026-04-28,sourced,
people.npp.pnp.oadr,2066,UK,361.801338,per_1000,projection,ons_npp,NPP-2024based-2026-04-28,sourced,
people.npp.pnp.oadr,2067,UK,364.18313,per_1000,projection,ons_npp,NPP-2024based-2026-04-28,sourced,
people.npp.pnp.oadr,2068,UK,365.6835,per_1000,projection,ons_npp,NPP-2024based-2026-04-28,sourced,
people.npp.pnp.oadr,2069,UK,366.618508,per_1000,projection,ons_npp,NPP-2024based-2026-04-28,sourced,
people.npp.pnp.oadr,2070,UK,367.474835,per_1000,projection,ons_npp,NPP-2024based-2026-04-28,sourced,
people.npp.pnp.oadr,2071,UK,368.530181,per_1000,projection,ons_npp,NPP-2024based-2026-04-28,sourced,
people.npp.pnp.oadr,2072,UK,370.043511,per_1000,projection,ons_npp,NPP-2024based-2026-04-28,sourced,
people.npp.pnp.oadr,2073,UK,371.945916,per_1000,projection,ons_npp,NPP-2024based-2026-04-28,sourced,
people.npp.pnp.oadr,2074,UK,373.819491,per_1000,projection,ons_npp,NPP-2024based-2026-04-28,sourced,
people.npp.pnp.oadr,2075,UK,376.08838,per_1000,projection,ons_npp,NPP-2024based-2026-04-28,sourced,
people.npp.pnp.pension_age,2024,UK,12388.913,persons_k,outturn,ons_npp,NPP-2024based-2026-04-28,sourced,"Base year of the 2024-based projections: ONS mid-2024 population estimate. ONS: Children under 16, working age, and pensionable age populations are based on State Pension Age (SPA) for a given year. Women's SPA increased to 65 between April 2016 and November 2018. From December 2018, the SPA for both sexes increased to 66 by October 2020 (Pensions Act 2011). Between 2026 and 2028, the SPA will increase from 66 to 67 years for both sexes (Pensions Act 2014), and will increase to 68 between 2044 and 2046 (Pensions Act 2007)."
people.npp.pnp.pension_age,2025,UK,12633.509,persons_k,projection,ons_npp,NPP-2024based-2026-04-28,sourced,
people.npp.pnp.pension_age,2026,UK,12744.919071,persons_k,projection,ons_npp,NPP-2024based-2026-04-28,sourced,
people.npp.pnp.pension_age,2027,UK,12594.609219,persons_k,projection,ons_npp,NPP-2024based-2026-04-28,sourced,
people.npp.pnp.pension_age,2028,UK,12559.657,persons_k,projection,ons_npp,NPP-2024based-2026-04-28,sourced,
people.npp.pnp.pension_age,2029,UK,12826.561,persons_k,projection,ons_npp,NPP-2024based-2026-04-28,sourced,
people.npp.pnp.pension_age,2030,UK,13101.73,persons_k,projection,ons_npp,NPP-2024based-2026-04-28,sourced,
people.npp.pnp.pension_age,2031,UK,13382.458,persons_k,projection,ons_npp,NPP-2024based-2026-04-28,sourced,
people.npp.pnp.pension_age,2032,UK,13659.79,persons_k,projection,ons_npp,NPP-2024based-2026-04-28,sourced,
people.npp.pnp.pension_age,2033,UK,13917.38,persons_k,projection,ons_npp,NPP-2024based-2026-04-28,sourced,
people.npp.pnp.pension_age,2034,UK,14163.227,persons_k,projection,ons_npp,NPP-2024based-2026-04-28,sourced,
people.npp.pnp.pension_age,2035,UK,14388.82,persons_k,projection,ons_npp,NPP-2024based-2026-04-28,sourced,
people.npp.pnp.pension_age,2036,UK,14600.936,persons_k,projection,ons_npp,NPP-2024based-2026-04-28,sourced,
people.npp.pnp.pension_age,2037,UK,14778.945,persons_k,projection,ons_npp,NPP-2024based-2026-04-28,sourced,
people.npp.pnp.pension_age,2038,UK,14963.58,persons_k,projection,ons_npp,NPP-2024based-2026-04-28,sourced,
people.npp.pnp.pension_age,2039,UK,15104.091,persons_k,projection,ons_npp,NPP-2024based-2026-04-28,sourced,
people.npp.pnp.pension_age,2040,UK,15203.056,persons_k,projection,ons_npp,NPP-2024based-2026-04-28,sourced,
people.npp.pnp.pension_age,2041,UK,15262.078,persons_k,projection,ons_npp,NPP-2024based-2026-04-28,sourced,
people.npp.pnp.pension_age,2042,UK,15302.626,persons_k,projection,ons_npp,NPP-2024based-2026-04-28,sourced,
people.npp.pnp.pension_age,2043,UK,15321.361,persons_k,projection,ons_npp,NPP-2024based-2026-04-28,sourced,
people.npp.pnp.pension_age,2044,UK,15206.547044,persons_k,projection,ons_npp,NPP-2024based-2026-04-28,sourced,
people.npp.pnp.pension_age,2045,UK,14842.34469,persons_k,projection,ons_npp,NPP-2024based-2026-04-28,sourced,
people.npp.pnp.pension_age,2046,UK,14579.944,persons_k,projection,ons_npp,NPP-2024based-2026-04-28,sourced,
people.npp.pnp.pension_age,2047,UK,14624.558,persons_k,projection,ons_npp,NPP-2024based-2026-04-28,sourced,
people.npp.pnp.pension_age,2048,UK,14696.0,persons_k,projection,ons_npp,NPP-2024based-2026-04-28,sourced,
people.npp.pnp.pension_age,2049,UK,14759.891,persons_k,projection,ons_npp,NPP-2024based-2026-04-28,sourced,
people.npp.pnp.pension_age,2050,UK,14810.878,persons_k,projection,ons_npp,NPP-2024based-2026-04-28,sourced,
people.npp.pnp.pension_age,2051,UK,14862.446,persons_k,projection,ons_npp,NPP-2024based-2026-04-28,sourced,
people.npp.pnp.pension_age,2052,UK,14909.496,persons_k,projection,ons_npp,NPP-2024based-2026-04-28,sourced,
people.npp.pnp.pension_age,2053,UK,14978.73,persons_k,projection,ons_npp,NPP-2024based-2026-04-28,sourced,
people.npp.pnp.pension_age,2054,UK,15049.628,persons_k,projection,ons_npp,NPP-2024based-2026-04-28,sourced,
people.npp.pnp.pension_age,2055,UK,15124.107,persons_k,projection,ons_npp,NPP-2024based-2026-04-28,sourced,
people.npp.pnp.pension_age,2056,UK,15216.745,persons_k,projection,ons_npp,NPP-2024based-2026-04-28,sourced,
people.npp.pnp.pension_age,2057,UK,15300.687,persons_k,projection,ons_npp,NPP-2024based-2026-04-28,sourced,
people.npp.pnp.pension_age,2058,UK,15392.374,persons_k,projection,ons_npp,NPP-2024based-2026-04-28,sourced,
people.npp.pnp.pension_age,2059,UK,15488.75,persons_k,projection,ons_npp,NPP-2024based-2026-04-28,sourced,
people.npp.pnp.pension_age,2060,UK,15577.774,persons_k,projection,ons_npp,NPP-2024based-2026-04-28,sourced,
people.npp.pnp.pension_age,2061,UK,15650.588,persons_k,projection,ons_npp,NPP-2024based-2026-04-28,sourced,
people.npp.pnp.pension_age,2062,UK,15727.918,persons_k,projection,ons_npp,NPP-2024based-2026-04-28,sourced,
people.npp.pnp.pension_age,2063,UK,15791.982,persons_k,projection,ons_npp,NPP-2024based-2026-04-28,sourced,
people.npp.pnp.pension_age,2064,UK,15853.132,persons_k,projection,ons_npp,NPP-2024based-2026-04-28,sourced,
people.npp.pnp.pension_age,2065,UK,15932.568,persons_k,projection,ons_npp,NPP-2024based-2026-04-28,sourced,
people.npp.pnp.pension_age,2066,UK,16000.213,persons_k,projection,ons_npp,NPP-2024based-2026-04-28,sourced,
people.npp.pnp.pension_age,2067,UK,16055.797,persons_k,projection,ons_npp,NPP-2024based-2026-04-28,sourced,
people.npp.pnp.pension_age,2068,UK,16080.364,persons_k,projection,ons_npp,NPP-2024based-2026-04-28,sourced,
people.npp.pnp.pension_age,2069,UK,16084.039,persons_k,projection,ons_npp,NPP-2024based-2026-04-28,sourced,
people.npp.pnp.pension_age,2070,UK,16082.262,persons_k,projection,ons_npp,NPP-2024based-2026-04-28,sourced,
people.npp.pnp.pension_age,2071,UK,16083.696,persons_k,projection,ons_npp,NPP-2024based-2026-04-28,sourced,
people.npp.pnp.pension_age,2072,UK,16096.425,persons_k,projection,ons_npp,NPP-2024based-2026-04-28,sourced,
people.npp.pnp.pension_age,2073,UK,16118.094,persons_k,projection,ons_npp,NPP-2024based-2026-04-28,sourced,
people.npp.pnp.pension_age,2074,UK,16135.423,persons_k,projection,ons_npp,NPP-2024based-2026-04-28,sourced,
people.npp.pnp.pension_age,2075,UK,16161.79,persons_k,projection,ons_npp,NPP-2024based-2026-04-28,sourced,
people.npp.pnp.population,2024,UK,69281.437,persons_k,outturn,ons_npp,NPP-2024based-2026-04-28,sourced,Base year of the 2024-based projections: ONS mid-2024 population estimate.
people.npp.pnp.population,2025,UK,69502.341,persons_k,projection,ons_npp,NPP-2024based-2026-04-28,sourced,
people.npp.pnp.population,2026,UK,69627.471,persons_k,projection,ons_npp,NPP-2024based-2026-04-28,sourced,
people.npp.pnp.population,2027,UK,69835.383,persons_k,projection,ons_npp,NPP-2024based-2026-04-28,sourced,
people.npp.pnp.population,2028,UK,70033.122,persons_k,projection,ons_npp,NPP-2024based-2026-04-28,sourced,
people.npp.pnp.population,2029,UK,70219.304,persons_k,projection,ons_npp,NPP-2024based-2026-04-28,sourced,
people.npp.pnp.population,2030,UK,70393.603,persons_k,projection,ons_npp,NPP-2024based-2026-04-28,sourced,
people.npp.pnp.population,2031,UK,70555.977,persons_k,projection,ons_npp,NPP-2024based-2026-04-28,sourced,
people.npp.pnp.population,2032,UK,70705.91,persons_k,projection,ons_npp,NPP-2024based-2026-04-28,sourced,
people.npp.pnp.population,2033,UK,70843.224,persons_k,projection,ons_npp,NPP-2024based-2026-04-28,sourced,
people.npp.pnp.population,2034,UK,70968.09,persons_k,projection,ons_npp,NPP-2024based-2026-04-28,sourced,
people.npp.pnp.population,2035,UK,71081.148,persons_k,projection,ons_npp,NPP-2024based-2026-04-28,sourced,
people.npp.pnp.population,2036,UK,71183.336,persons_k,projection,ons_npp,NPP-2024based-2026-04-28,sourced,
people.npp.pnp.population,2037,UK,71275.489,persons_k,projection,ons_npp,NPP-2024based-2026-04-28,sourced,
people.npp.pnp.population,2038,UK,71358.466,persons_k,projection,ons_npp,NPP-2024based-2026-04-28,sourced,
people.npp.pnp.population,2039,UK,71432.994,persons_k,projection,ons_npp,NPP-2024based-2026-04-28,sourced,
people.npp.pnp.population,2040,UK,71499.772,persons_k,projection,ons_npp,NPP-2024based-2026-04-28,sourced,
people.npp.pnp.population,2041,UK,71559.246,persons_k,projection,ons_npp,NPP-2024based-2026-04-28,sourced,
people.npp.pnp.population,2042,UK,71611.673,persons_k,projection,ons_npp,NPP-2024based-2026-04-28,sourced,
people.npp.pnp.population,2043,UK,71657.001,persons_k,projection,ons_npp,NPP-2024based-2026-04-28,sourced,
people.npp.pnp.population,2044,UK,71694.884,persons_k,projection,ons_npp,NPP-2024based-2026-04-28,sourced,
people.npp.pnp.population,2045,UK,71724.32,persons_k,projection,ons_npp,NPP-2024based-2026-04-28,sourced,
people.npp.pnp.population,2046,UK,71744.385,persons_k,projection,ons_npp,NPP-2024based-2026-04-28,sourced,
people.npp.pnp.population,2047,UK,71754.451,persons_k,projection,ons_npp,NPP-2024based-2026-04-28,sourced,
people.npp.pnp.population,2048,UK,71753.844,persons_k,projection,ons_npp,NPP-2024based-2026-04-28,sourced,
people.npp.pnp.population,2049,UK,71741.873,persons_k,projection,ons_npp,NPP-2024based-2026-04-28,sourced,
people.npp.pnp.population,2050,UK,71717.337,persons_k,projection,ons_npp,NPP-2024based-2026-04-28,sourced,
people.npp.pnp.population,2051,UK,71679.218,persons_k,projection,ons_npp,NPP-2024based-2026-04-28,sourced,
people.npp.pnp.population,2052,UK,71627.482,persons_k,projection,ons_npp,NPP-2024based-2026-04-28,sourced,
people.npp.pnp.population,2053,UK,71562.2,persons_k,projection,ons_npp,NPP-2024based-2026-04-28,sourced,
people.npp.pnp.population,2054,UK,71483.665,persons_k,projection,ons_npp,NPP-2024based-2026-04-28,sourced,
people.npp.pnp.population,2055,UK,71392.623,persons_k,projection,ons_npp,NPP-2024based-2026-04-28,sourced,
people.npp.pnp.population,2056,UK,71290.235,persons_k,projection,ons_npp,NPP-2024based-2026-04-28,sourced,
people.npp.pnp.population,2057,UK,71177.967,persons_k,projection,ons_npp,NPP-2024based-2026-04-28,sourced,
people.npp.pnp.population,2058,UK,71057.14,persons_k,projection,ons_npp,NPP-2024based-2026-04-28,sourced,
people.npp.pnp.population,2059,UK,70929.066,persons_k,projection,ons_npp,NPP-2024based-2026-04-28,sourced,
people.npp.pnp.population,2060,UK,70795.079,persons_k,projection,ons_npp,NPP-2024based-2026-04-28,sourced,
people.npp.pnp.population,2061,UK,70656.423,persons_k,projection,ons_npp,NPP-2024based-2026-04-28,sourced,
people.npp.pnp.population,2062,UK,70514.165,persons_k,projection,ons_npp,NPP-2024based-2026-04-28,sourced,
people.npp.pnp.population,2063,UK,70369.025,persons_k,projection,ons_npp,NPP-2024based-2026-04-28,sourced,
people.npp.pnp.population,2064,UK,70221.318,persons_k,projection,ons_npp,NPP-2024based-2026-04-28,sourced,
people.npp.pnp.population,2065,UK,70071.37,persons_k,projection,ons_npp,NPP-2024based-2026-04-28,sourced,
people.npp.pnp.population,2066,UK,69919.28,persons_k,projection,ons_npp,NPP-2024based-2026-04-28,sourced,
people.npp.pnp.population,2067,UK,69764.95,persons_k,projection,ons_npp,NPP-2024based-2026-04-28,sourced,
people.npp.pnp.population,2068,UK,69608.118,persons_k,projection,ons_npp,NPP-2024based-2026-04-28,sourced,
people.npp.pnp.population,2069,UK,69448.326,persons_k,projection,ons_npp,NPP-2024based-2026-04-28,sourced,
people.npp.pnp.population,2070,UK,69285.085,persons_k,projection,ons_npp,NPP-2024based-2026-04-28,sourced,
people.npp.pnp.population,2071,UK,69117.904,persons_k,projection,ons_npp,NPP-2024based-2026-04-28,sourced,
people.npp.pnp.population,2072,UK,68946.396,persons_k,projection,ons_npp,NPP-2024based-2026-04-28,sourced,
people.npp.pnp.population,2073,UK,68770.23,persons_k,projection,ons_npp,NPP-2024based-2026-04-28,sourced,
people.npp.pnp.population,2074,UK,68589.159,persons_k,projection,ons_npp,NPP-2024based-2026-04-28,sourced,
people.npp.pnp.population,2075,UK,68403.092,persons_k,projection,ons_npp,NPP-2024based-2026-04-28,sourced,
people.npp.pnp.tfr,2025,UK,1.38941,children_per_woman,projection,ons_npp,NPP-2024based-2026-04-28,sourced,
people.npp.pnp.tfr,2026,UK,1.397368,children_per_woman,projection,ons_npp,NPP-2024based-2026-04-28,sourced,
people.npp.pnp.tfr,2027,UK,1.393062,children_per_woman,projection,ons_npp,NPP-2024based-2026-04-28,sourced,
people.npp.pnp.tfr,2028,UK,1.388941,children_per_woman,projection,ons_npp,NPP-2024based-2026-04-28,sourced,
people.npp.pnp.tfr,2029,UK,1.385049,children_per_woman,projection,ons_npp,NPP-2024based-2026-04-28,sourced,
people.npp.pnp.tfr,2030,UK,1.3831,children_per_woman,projection,ons_npp,NPP-2024based-2026-04-28,sourced,
people.npp.pnp.tfr,2031,UK,1.383017,children_per_woman,projection,ons_npp,NPP-2024based-2026-04-28,sourced,
people.npp.pnp.tfr,2032,UK,1.38306,children_per_woman,projection,ons_npp,NPP-2024based-2026-04-28,sourced,
people.npp.pnp.tfr,2033,UK,1.383274,children_per_woman,projection,ons_npp,NPP-2024based-2026-04-28,sourced,
people.npp.pnp.tfr,2034,UK,1.383649,children_per_woman,projection,ons_npp,NPP-2024based-2026-04-28,sourced,
people.npp.pnp.tfr,2035,UK,1.384673,children_per_woman,projection,ons_npp,NPP-2024based-2026-04-28,sourced,
people.npp.pnp.tfr,2036,UK,1.38632,children_per_woman,projection,ons_npp,NPP-2024based-2026-04-28,sourced,
people.npp.pnp.tfr,2037,UK,1.388092,children_per_woman,projection,ons_npp,NPP-2024based-2026-04-28,sourced,
people.npp.pnp.tfr,2038,UK,1.390014,children_per_woman,projection,ons_npp,NPP-2024based-2026-04-28,sourced,
people.npp.pnp.tfr,2039,UK,1.392072,children_per_woman,projection,ons_npp,NPP-2024based-2026-04-28,sourced,
people.npp.pnp.tfr,2040,UK,1.394577,children_per_woman,projection,ons_npp,NPP-2024based-2026-04-28,sourced,
people.npp.pnp.tfr,2041,UK,1.397523,children_per_woman,projection,ons_npp,NPP-2024based-2026-04-28,sourced,
people.npp.pnp.tfr,2042,UK,1.400597,children_per_woman,projection,ons_npp,NPP-2024based-2026-04-28,sourced,
people.npp.pnp.tfr,2043,UK,1.4038,children_per_woman,projection,ons_npp,NPP-2024based-2026-04-28,sourced,
people.npp.pnp.tfr,2044,UK,1.407167,children_per_woman,projection,ons_npp,NPP-2024based-2026-04-28,sourced,
people.npp.pnp.tfr,2045,UK,1.409729,children_per_woman,projection,ons_npp,NPP-2024based-2026-04-28,sourced,
people.npp.pnp.tfr,2046,UK,1.411481,children_per_woman,projection,ons_npp,NPP-2024based-2026-04-28,sourced,
people.npp.pnp.tfr,2047,UK,1.41336,children_per_woman,projection,ons_npp,NPP-2024based-2026-04-28,sourced,
people.npp.pnp.tfr,2048,UK,1.415378,children_per_woman,projection,ons_npp,NPP-2024based-2026-04-28,sourced,
people.npp.pnp.tfr,2049,UK,1.41751,children_per_woman,projection,ons_npp,NPP-2024based-2026-04-28,sourced,
people.npp.pnp.tfr,2050,UK,1.418612,children_per_woman,projection,ons_npp,NPP-2024based-2026-04-28,sourced,
people.npp.pnp.tfr,2051,UK,1.418585,children_per_woman,projection,ons_npp,NPP-2024based-2026-04-28,sourced,
people.npp.pnp.tfr,2052,UK,1.418589,children_per_woman,projection,ons_npp,NPP-2024based-2026-04-28,sourced,
people.npp.pnp.tfr,2053,UK,1.418598,children_per_woman,projection,ons_npp,NPP-2024based-2026-04-28,sourced,
people.npp.pnp.tfr,2054,UK,1.418601,children_per_woman,projection,ons_npp,NPP-2024based-2026-04-28,sourced,
people.npp.pnp.tfr,2055,UK,1.418601,children_per_woman,projection,ons_npp,NPP-2024based-2026-04-28,sourced,
people.npp.pnp.tfr,2056,UK,1.418598,children_per_woman,projection,ons_npp,NPP-2024based-2026-04-28,sourced,
people.npp.pnp.tfr,2057,UK,1.418601,children_per_woman,projection,ons_npp,NPP-2024based-2026-04-28,sourced,
people.npp.pnp.tfr,2058,UK,1.418607,children_per_woman,projection,ons_npp,NPP-2024based-2026-04-28,sourced,
people.npp.pnp.tfr,2059,UK,1.418614,children_per_woman,projection,ons_npp,NPP-2024based-2026-04-28,sourced,
people.npp.pnp.tfr,2060,UK,1.418597,children_per_woman,projection,ons_npp,NPP-2024based-2026-04-28,sourced,
people.npp.pnp.tfr,2061,UK,1.418624,children_per_woman,projection,ons_npp,NPP-2024based-2026-04-28,sourced,
people.npp.pnp.tfr,2062,UK,1.418619,children_per_woman,projection,ons_npp,NPP-2024based-2026-04-28,sourced,
people.npp.pnp.tfr,2063,UK,1.418657,children_per_woman,projection,ons_npp,NPP-2024based-2026-04-28,sourced,
people.npp.pnp.tfr,2064,UK,1.418662,children_per_woman,projection,ons_npp,NPP-2024based-2026-04-28,sourced,
people.npp.pnp.tfr,2065,UK,1.418666,children_per_woman,projection,ons_npp,NPP-2024based-2026-04-28,sourced,
people.npp.pnp.tfr,2066,UK,1.418705,children_per_woman,projection,ons_npp,NPP-2024based-2026-04-28,sourced,
people.npp.pnp.tfr,2067,UK,1.418719,children_per_woman,projection,ons_npp,NPP-2024based-2026-04-28,sourced,
people.npp.pnp.tfr,2068,UK,1.418741,children_per_woman,projection,ons_npp,NPP-2024based-2026-04-28,sourced,
people.npp.pnp.tfr,2069,UK,1.41876,children_per_woman,projection,ons_npp,NPP-2024based-2026-04-28,sourced,
people.npp.pnp.tfr,2070,UK,1.418783,children_per_woman,projection,ons_npp,NPP-2024based-2026-04-28,sourced,
people.npp.pnp.tfr,2071,UK,1.418802,children_per_woman,projection,ons_npp,NPP-2024based-2026-04-28,sourced,
people.npp.pnp.tfr,2072,UK,1.418844,children_per_woman,projection,ons_npp,NPP-2024based-2026-04-28,sourced,
people.npp.pnp.tfr,2073,UK,1.418852,children_per_woman,projection,ons_npp,NPP-2024based-2026-04-28,sourced,
people.npp.pnp.tfr,2074,UK,1.418879,children_per_woman,projection,ons_npp,NPP-2024based-2026-04-28,sourced,
people.npp.pnp.tfr,2075,UK,1.418905,children_per_woman,projection,ons_npp,NPP-2024based-2026-04-28,sourced,
people.npp.pnp.working_age,2024,UK,44296.4,persons_k,outturn,ons_npp,NPP-2024based-2026-04-28,sourced,"Base year of the 2024-based projections: ONS mid-2024 population estimate. ONS: Children under 16, working age, and pensionable age populations are based on State Pension Age (SPA) for a given year. Women's SPA increased to 65 between April 2016 and November 2018. From December 2018, the SPA for both sexes increased to 66 by October 2020 (Pensions Act 2011). Between 2026 and 2028, the SPA will increase from 66 to 67 years for both sexes (Pensions Act 2014), and will increase to 68 between 2044 and 2046 (Pensions Act 2007)."
people.npp.pnp.working_age,2025,UK,44422.98,persons_k,projection,ons_npp,NPP-2024based-2026-04-28,sourced,
people.npp.pnp.working_age,2026,UK,44605.669929,persons_k,projection,ons_npp,NPP-2024based-2026-04-28,sourced,
people.npp.pnp.working_age,2027,UK,45139.066781,persons_k,projection,ons_npp,NPP-2024based-2026-04-28,sourced,
people.npp.pnp.working_age,2028,UK,45553.211,persons_k,projection,ons_npp,NPP-2024based-2026-04-28,sourced,
people.npp.pnp.working_age,2029,UK,45640.199,persons_k,projection,ons_npp,NPP-2024based-2026-04-28,sourced,
people.npp.pnp.working_age,2030,UK,45693.851,persons_k,projection,ons_npp,NPP-2024based-2026-04-28,sourced,
people.npp.pnp.working_age,2031,UK,45731.464,persons_k,projection,ons_npp,NPP-2024based-2026-04-28,sourced,
people.npp.pnp.working_age,2032,UK,45769.991,persons_k,projection,ons_npp,NPP-2024based-2026-04-28,sourced,
people.npp.pnp.working_age,2033,UK,45797.514,persons_k,projection,ons_npp,NPP-2024based-2026-04-28,sourced,
people.npp.pnp.working_age,2034,UK,45809.583,persons_k,projection,ons_npp,NPP-2024based-2026-04-28,sourced,
people.npp.pnp.working_age,2035,UK,45822.96,persons_k,projection,ons_npp,NPP-2024based-2026-04-28,sourced,
people.npp.pnp.working_age,2036,UK,45825.075,persons_k,projection,ons_npp,NPP-2024based-2026-04-28,sourced,
people.npp.pnp.working_age,2037,UK,45824.839,persons_k,projection,ons_npp,NPP-2024based-2026-04-28,sourced,
people.npp.pnp.working_age,2038,UK,45813.264,persons_k,projection,ons_npp,NPP-2024based-2026-04-28,sourced,
people.npp.pnp.working_age,2039,UK,45797.283,persons_k,projection,ons_npp,NPP-2024based-2026-04-28,sourced,
people.npp.pnp.working_age,2040,UK,45794.146,persons_k,projection,ons_npp,NPP-2024based-2026-04-28,sourced,
people.npp.pnp.working_age,2041,UK,45803.783,persons_k,projection,ons_npp,NPP-2024based-2026-04-28,sourced,
people.npp.pnp.working_age,2042,UK,45823.914,persons_k,projection,ons_npp,NPP-2024based-2026-04-28,sourced,
people.npp.pnp.working_age,2043,UK,45852.028,persons_k,projection,ons_npp,NPP-2024based-2026-04-28,sourced,
people.npp.pnp.working_age,2044,UK,46000.706956,persons_k,projection,ons_npp,NPP-2024based-2026-04-28,sourced,
people.npp.pnp.working_age,2045,UK,46385.97031,persons_k,projection,ons_npp,NPP-2024based-2026-04-28,sourced,
people.npp.pnp.working_age,2046,UK,46657.645,persons_k,projection,ons_npp,NPP-2024based-2026-04-28,sourced,
people.npp.pnp.working_age,2047,UK,46611.492,persons_k,projection,ons_npp,NPP-2024based-2026-04-28,sourced,
people.npp.pnp.working_age,2048,UK,46527.949,persons_k,projection,ons_npp,NPP-2024based-2026-04-28,sourced,
people.npp.pnp.working_age,2049,UK,46441.898,persons_k,projection,ons_npp,NPP-2024based-2026-04-28,sourced,
people.npp.pnp.working_age,2050,UK,46359.44,persons_k,projection,ons_npp,NPP-2024based-2026-04-28,sourced,
people.npp.pnp.working_age,2051,UK,46268.27,persons_k,projection,ons_npp,NPP-2024based-2026-04-28,sourced,
people.npp.pnp.working_age,2052,UK,46174.934,persons_k,projection,ons_npp,NPP-2024based-2026-04-28,sourced,
people.npp.pnp.working_age,2053,UK,46054.072,persons_k,projection,ons_npp,NPP-2024based-2026-04-28,sourced,
people.npp.pnp.working_age,2054,UK,45927.59,persons_k,projection,ons_npp,NPP-2024based-2026-04-28,sourced,
people.npp.pnp.working_age,2055,UK,45794.819,persons_k,projection,ons_npp,NPP-2024based-2026-04-28,sourced,
people.npp.pnp.working_age,2056,UK,45642.272,persons_k,projection,ons_npp,NPP-2024based-2026-04-28,sourced,
people.npp.pnp.working_age,2057,UK,45497.722,persons_k,projection,ons_npp,NPP-2024based-2026-04-28,sourced,
people.npp.pnp.working_age,2058,UK,45345.366,persons_k,projection,ons_npp,NPP-2024based-2026-04-28,sourced,
people.npp.pnp.working_age,2059,UK,45188.666,persons_k,projection,ons_npp,NPP-2024based-2026-04-28,sourced,
people.npp.pnp.working_age,2060,UK,45039.626,persons_k,projection,ons_npp,NPP-2024based-2026-04-28,sourced,
people.npp.pnp.working_age,2061,UK,44906.454,persons_k,projection,ons_npp,NPP-2024based-2026-04-28,sourced,
people.npp.pnp.working_age,2062,UK,44767.616,persons_k,projection,ons_npp,NPP-2024based-2026-04-28,sourced,
people.npp.pnp.working_age,2063,UK,44640.418,persons_k,projection,ons_npp,NPP-2024based-2026-04-28,sourced,
people.npp.pnp.working_age,2064,UK,44513.744,persons_k,projection,ons_npp,NPP-2024based-2026-04-28,sourced,
people.npp.pnp.working_age,2065,UK,44365.425,persons_k,projection,ons_npp,NPP-2024based-2026-04-28,sourced,
people.npp.pnp.working_age,2066,UK,44223.753,persons_k,projection,ons_npp,NPP-2024based-2026-04-28,sourced,
people.npp.pnp.working_age,2067,UK,44087.152,persons_k,projection,ons_npp,NPP-2024based-2026-04-28,sourced,
people.npp.pnp.working_age,2068,UK,43973.447,persons_k,projection,ons_npp,NPP-2024based-2026-04-28,sourced,
people.npp.pnp.working_age,2069,UK,43871.323,persons_k,projection,ons_npp,NPP-2024based-2026-04-28,sourced,
people.npp.pnp.working_age,2070,UK,43764.254,persons_k,projection,ons_npp,NPP-2024based-2026-04-28,sourced,
people.npp.pnp.working_age,2071,UK,43642.819,persons_k,projection,ons_npp,NPP-2024based-2026-04-28,sourced,
people.npp.pnp.working_age,2072,UK,43498.736,persons_k,projection,ons_npp,NPP-2024based-2026-04-28,sourced,
people.npp.pnp.working_age,2073,UK,43334.51,persons_k,projection,ons_npp,NPP-2024based-2026-04-28,sourced,
people.npp.pnp.working_age,2074,UK,43163.675,persons_k,projection,ons_npp,NPP-2024based-2026-04-28,sourced,
people.npp.pnp.working_age,2075,UK,42973.383,persons_k,projection,ons_npp,NPP-2024based-2026-04-28,sourced,
people.npp.pph.births,2025,UK,651.892,persons_k,projection,ons_npp,NPP-2024based-2026-04-28,sourced,
people.npp.pph.births,2026,UK,654.326,persons_k,projection,ons_npp,NPP-2024based-2026-04-28,sourced,
people.npp.pph.births,2027,UK,652.967,persons_k,projection,ons_npp,NPP-2024based-2026-04-28,sourced,
people.npp.pph.births,2028,UK,653.3,persons_k,projection,ons_npp,NPP-2024based-2026-04-28,sourced,
people.npp.pph.births,2029,UK,653.711,persons_k,projection,ons_npp,NPP-2024based-2026-04-28,sourced,
people.npp.pph.births,2030,UK,655.059,persons_k,projection,ons_npp,NPP-2024based-2026-04-28,sourced,
people.npp.pph.births,2031,UK,657.43,persons_k,projection,ons_npp,NPP-2024based-2026-04-28,sourced,
people.npp.pph.births,2032,UK,660.142,persons_k,projection,ons_npp,NPP-2024based-2026-04-28,sourced,
people.npp.pph.births,2033,UK,663.354,persons_k,projection,ons_npp,NPP-2024based-2026-04-28,sourced,
people.npp.pph.births,2034,UK,667.257,persons_k,projection,ons_npp,NPP-2024based-2026-04-28,sourced,
people.npp.pph.births,2035,UK,672.197,persons_k,projection,ons_npp,NPP-2024based-2026-04-28,sourced,
people.npp.pph.births,2036,UK,678.215,persons_k,projection,ons_npp,NPP-2024based-2026-04-28,sourced,
people.npp.pph.births,2037,UK,685.066,persons_k,projection,ons_npp,NPP-2024based-2026-04-28,sourced,
people.npp.pph.births,2038,UK,692.581,persons_k,projection,ons_npp,NPP-2024based-2026-04-28,sourced,
people.npp.pph.births,2039,UK,700.37,persons_k,projection,ons_npp,NPP-2024based-2026-04-28,sourced,
people.npp.pph.births,2040,UK,708.115,persons_k,projection,ons_npp,NPP-2024based-2026-04-28,sourced,
people.npp.pph.births,2041,UK,715.469,persons_k,projection,ons_npp,NPP-2024based-2026-04-28,sourced,
people.npp.pph.births,2042,UK,722.217,persons_k,projection,ons_npp,NPP-2024based-2026-04-28,sourced,
people.npp.pph.births,2043,UK,728.201,persons_k,projection,ons_npp,NPP-2024based-2026-04-28,sourced,
people.npp.pph.births,2044,UK,733.154,persons_k,projection,ons_npp,NPP-2024based-2026-04-28,sourced,
people.npp.pph.births,2045,UK,736.56,persons_k,projection,ons_npp,NPP-2024based-2026-04-28,sourced,
people.npp.pph.births,2046,UK,738.546,persons_k,projection,ons_npp,NPP-2024based-2026-04-28,sourced,
people.npp.pph.births,2047,UK,739.636,persons_k,projection,ons_npp,NPP-2024based-2026-04-28,sourced,
people.npp.pph.births,2048,UK,739.898,persons_k,projection,ons_npp,NPP-2024based-2026-04-28,sourced,
people.npp.pph.births,2049,UK,739.27,persons_k,projection,ons_npp,NPP-2024based-2026-04-28,sourced,
people.npp.pph.births,2050,UK,737.055,persons_k,projection,ons_npp,NPP-2024based-2026-04-28,sourced,
people.npp.pph.births,2051,UK,733.354,persons_k,projection,ons_npp,NPP-2024based-2026-04-28,sourced,
people.npp.pph.births,2052,UK,729.149,persons_k,projection,ons_npp,NPP-2024based-2026-04-28,sourced,
people.npp.pph.births,2053,UK,724.488,persons_k,projection,ons_npp,NPP-2024based-2026-04-28,sourced,
people.npp.pph.births,2054,UK,719.467,persons_k,projection,ons_npp,NPP-2024based-2026-04-28,sourced,
people.npp.pph.births,2055,UK,714.449,persons_k,projection,ons_npp,NPP-2024based-2026-04-28,sourced,
people.npp.pph.births,2056,UK,709.804,persons_k,projection,ons_npp,NPP-2024based-2026-04-28,sourced,
people.npp.pph.births,2057,UK,705.768,persons_k,projection,ons_npp,NPP-2024based-2026-04-28,sourced,
people.npp.pph.births,2058,UK,702.275,persons_k,projection,ons_npp,NPP-2024based-2026-04-28,sourced,
people.npp.pph.births,2059,UK,699.379,persons_k,projection,ons_npp,NPP-2024based-2026-04-28,sourced,
people.npp.pph.births,2060,UK,697.232,persons_k,projection,ons_npp,NPP-2024based-2026-04-28,sourced,
people.npp.pph.births,2061,UK,695.863,persons_k,projection,ons_npp,NPP-2024based-2026-04-28,sourced,
people.npp.pph.births,2062,UK,695.343,persons_k,projection,ons_npp,NPP-2024based-2026-04-28,sourced,
people.npp.pph.births,2063,UK,695.435,persons_k,projection,ons_npp,NPP-2024based-2026-04-28,sourced,
people.npp.pph.births,2064,UK,696.019,persons_k,projection,ons_npp,NPP-2024based-2026-04-28,sourced,
people.npp.pph.births,2065,UK,697.221,persons_k,projection,ons_npp,NPP-2024based-2026-04-28,sourced,
people.npp.pph.births,2066,UK,699.009,persons_k,projection,ons_npp,NPP-2024based-2026-04-28,sourced,
people.npp.pph.births,2067,UK,701.29,persons_k,projection,ons_npp,NPP-2024based-2026-04-28,sourced,
people.npp.pph.births,2068,UK,703.99,persons_k,projection,ons_npp,NPP-2024based-2026-04-28,sourced,
people.npp.pph.births,2069,UK,706.933,persons_k,projection,ons_npp,NPP-2024based-2026-04-28,sourced,
people.npp.pph.births,2070,UK,710.023,persons_k,projection,ons_npp,NPP-2024based-2026-04-28,sourced,
people.npp.pph.births,2071,UK,713.235,persons_k,projection,ons_npp,NPP-2024based-2026-04-28,sourced,
people.npp.pph.births,2072,UK,716.466,persons_k,projection,ons_npp,NPP-2024based-2026-04-28,sourced,
people.npp.pph.births,2073,UK,719.598,persons_k,projection,ons_npp,NPP-2024based-2026-04-28,sourced,
people.npp.pph.births,2074,UK,722.544,persons_k,projection,ons_npp,NPP-2024based-2026-04-28,sourced,
people.npp.pph.births,2075,UK,725.227,persons_k,projection,ons_npp,NPP-2024based-2026-04-28,sourced,
people.npp.pph.deaths,2025,UK,634.987,persons_k,projection,ons_npp,NPP-2024based-2026-04-28,sourced,
people.npp.pph.deaths,2026,UK,665.814,persons_k,projection,ons_npp,NPP-2024based-2026-04-28,sourced,
people.npp.pph.deaths,2027,UK,669.883,persons_k,projection,ons_npp,NPP-2024based-2026-04-28,sourced,
people.npp.pph.deaths,2028,UK,675.309,persons_k,projection,ons_npp,NPP-2024based-2026-04-28,sourced,
people.npp.pph.deaths,2029,UK,681.745,persons_k,projection,ons_npp,NPP-2024based-2026-04-28,sourced,
people.npp.pph.deaths,2030,UK,689.012,persons_k,projection,ons_npp,NPP-2024based-2026-04-28,sourced,
people.npp.pph.deaths,2031,UK,696.892,persons_k,projection,ons_npp,NPP-2024based-2026-04-28,sourced,
people.npp.pph.deaths,2032,UK,705.258,persons_k,projection,ons_npp,NPP-2024based-2026-04-28,sourced,
people.npp.pph.deaths,2033,UK,713.947,persons_k,projection,ons_npp,NPP-2024based-2026-04-28,sourced,
people.npp.pph.deaths,2034,UK,722.813,persons_k,projection,ons_npp,NPP-2024based-2026-04-28,sourced,
people.npp.pph.deaths,2035,UK,731.685,persons_k,projection,ons_npp,NPP-2024based-2026-04-28,sourced,
people.npp.pph.deaths,2036,UK,740.512,persons_k,projection,ons_npp,NPP-2024based-2026-04-28,sourced,
people.npp.pph.deaths,2037,UK,749.11,persons_k,projection,ons_npp,NPP-2024based-2026-04-28,sourced,
people.npp.pph.deaths,2038,UK,757.458,persons_k,projection,ons_npp,NPP-2024based-2026-04-28,sourced,
people.npp.pph.deaths,2039,UK,765.398,persons_k,projection,ons_npp,NPP-2024based-2026-04-28,sourced,
people.npp.pph.deaths,2040,UK,772.866,persons_k,projection,ons_npp,NPP-2024based-2026-04-28,sourced,
people.npp.pph.deaths,2041,UK,779.779,persons_k,projection,ons_npp,NPP-2024based-2026-04-28,sourced,
people.npp.pph.deaths,2042,UK,786.228,persons_k,projection,ons_npp,NPP-2024based-2026-04-28,sourced,
people.npp.pph.deaths,2043,UK,792.241,persons_k,projection,ons_npp,NPP-2024based-2026-04-28,sourced,
people.npp.pph.deaths,2044,UK,797.944,persons_k,projection,ons_npp,NPP-2024based-2026-04-28,sourced,
people.npp.pph.deaths,2045,UK,803.384,persons_k,projection,ons_npp,NPP-2024based-2026-04-28,sourced,
people.npp.pph.deaths,2046,UK,808.728,persons_k,projection,ons_npp,NPP-2024based-2026-04-28,sourced,
people.npp.pph.deaths,2047,UK,814.069,persons_k,projection,ons_npp,NPP-2024based-2026-04-28,sourced,
people.npp.pph.deaths,2048,UK,819.514,persons_k,projection,ons_npp,NPP-2024based-2026-04-28,sourced,
people.npp.pph.deaths,2049,UK,825.141,persons_k,projection,ons_npp,NPP-2024based-2026-04-28,sourced,
people.npp.pph.deaths,2050,UK,830.852,persons_k,projection,ons_npp,NPP-2024based-2026-04-28,sourced,
people.npp.pph.deaths,2051,UK,836.669,persons_k,projection,ons_npp,NPP-2024based-2026-04-28,sourced,
people.npp.pph.deaths,2052,UK,842.456,persons_k,projection,ons_npp,NPP-2024based-2026-04-28,sourced,
people.npp.pph.deaths,2053,UK,848.149,persons_k,projection,ons_npp,NPP-2024based-2026-04-28,sourced,
people.npp.pph.deaths,2054,UK,853.584,persons_k,projection,ons_npp,NPP-2024based-2026-04-28,sourced,
people.npp.pph.deaths,2055,UK,858.639,persons_k,projection,ons_npp,NPP-2024based-2026-04-28,sourced,
people.npp.pph.deaths,2056,UK,863.216,persons_k,projection,ons_npp,NPP-2024based-2026-04-28,sourced,
people.npp.pph.deaths,2057,UK,867.186,persons_k,projection,ons_npp,NPP-2024based-2026-04-28,sourced,
people.npp.pph.deaths,2058,UK,870.564,persons_k,projection,ons_npp,NPP-2024based-2026-04-28,sourced,
people.npp.pph.deaths,2059,UK,873.302,persons_k,projection,ons_npp,NPP-2024based-2026-04-28,sourced,
people.npp.pph.deaths,2060,UK,875.423,persons_k,projection,ons_npp,NPP-2024based-2026-04-28,sourced,
people.npp.pph.deaths,2061,UK,877.039,persons_k,projection,ons_npp,NPP-2024based-2026-04-28,sourced,
people.npp.pph.deaths,2062,UK,878.233,persons_k,projection,ons_npp,NPP-2024based-2026-04-28,sourced,
people.npp.pph.deaths,2063,UK,879.164,persons_k,projection,ons_npp,NPP-2024based-2026-04-28,sourced,
people.npp.pph.deaths,2064,UK,879.974,persons_k,projection,ons_npp,NPP-2024based-2026-04-28,sourced,
people.npp.pph.deaths,2065,UK,880.772,persons_k,projection,ons_npp,NPP-2024based-2026-04-28,sourced,
people.npp.pph.deaths,2066,UK,881.757,persons_k,projection,ons_npp,NPP-2024based-2026-04-28,sourced,
people.npp.pph.deaths,2067,UK,883.098,persons_k,projection,ons_npp,NPP-2024based-2026-04-28,sourced,
people.npp.pph.deaths,2068,UK,884.886,persons_k,projection,ons_npp,NPP-2024based-2026-04-28,sourced,
people.npp.pph.deaths,2069,UK,887.301,persons_k,projection,ons_npp,NPP-2024based-2026-04-28,sourced,
people.npp.pph.deaths,2070,UK,890.419,persons_k,projection,ons_npp,NPP-2024based-2026-04-28,sourced,
people.npp.pph.deaths,2071,UK,894.402,persons_k,projection,ons_npp,NPP-2024based-2026-04-28,sourced,
people.npp.pph.deaths,2072,UK,899.221,persons_k,projection,ons_npp,NPP-2024based-2026-04-28,sourced,
people.npp.pph.deaths,2073,UK,904.841,persons_k,projection,ons_npp,NPP-2024based-2026-04-28,sourced,
people.npp.pph.deaths,2074,UK,911.145,persons_k,projection,ons_npp,NPP-2024based-2026-04-28,sourced,
people.npp.pph.deaths,2075,UK,918.048,persons_k,projection,ons_npp,NPP-2024based-2026-04-28,sourced,
people.npp.pph.life_expectancy_female,2025,UK,83.631761,years,projection,ons_npp,NPP-2024based-2026-04-28,sourced,
people.npp.pph.life_expectancy_female,2026,UK,83.482218,years,projection,ons_npp,NPP-2024based-2026-04-28,sourced,
people.npp.pph.life_expectancy_female,2027,UK,83.612947,years,projection,ons_npp,NPP-2024based-2026-04-28,sourced,
people.npp.pph.life_expectancy_female,2028,UK,83.738338,years,projection,ons_npp,NPP-2024based-2026-04-28,sourced,
people.npp.pph.life_expectancy_female,2029,UK,83.860301,years,projection,ons_npp,NPP-2024based-2026-04-28,sourced,
people.npp.pph.life_expectancy_female,2030,UK,83.978276,years,projection,ons_npp,NPP-2024based-2026-04-28,sourced,
people.npp.pph.life_expectancy_female,2031,UK,84.094375,years,projection,ons_npp,NPP-2024based-2026-04-28,sourced,
people.npp.pph.life_expectancy_female,2032,UK,84.207003,years,projection,ons_npp,NPP-2024based-2026-04-28,sourced,
people.npp.pph.life_expectancy_female,2033,UK,84.315341,years,projection,ons_npp,NPP-2024based-2026-04-28,sourced,
people.npp.pph.life_expectancy_female,2034,UK,84.423373,years,projection,ons_npp,NPP-2024based-2026-04-28,sourced,
people.npp.pph.life_expectancy_female,2035,UK,84.529924,years,projection,ons_npp,NPP-2024based-2026-04-28,sourced,
people.npp.pph.life_expectancy_female,2036,UK,84.633821,years,projection,ons_npp,NPP-2024based-2026-04-28,sourced,
people.npp.pph.life_expectancy_female,2037,UK,84.737365,years,projection,ons_npp,NPP-2024based-2026-04-28,sourced,
people.npp.pph.life_expectancy_female,2038,UK,84.83909,years,projection,ons_npp,NPP-2024based-2026-04-28,sourced,
people.npp.pph.life_expectancy_female,2039,UK,84.93935,years,projection,ons_npp,NPP-2024based-2026-04-28,sourced,
people.npp.pph.life_expectancy_female,2040,UK,85.038204,years,projection,ons_npp,NPP-2024based-2026-04-28,sourced,
people.npp.pph.life_expectancy_female,2041,UK,85.138036,years,projection,ons_npp,NPP-2024based-2026-04-28,sourced,
people.npp.pph.life_expectancy_female,2042,UK,85.237425,years,projection,ons_npp,NPP-2024based-2026-04-28,sourced,
people.npp.pph.life_expectancy_female,2043,UK,85.335888,years,projection,ons_npp,NPP-2024based-2026-04-28,sourced,
people.npp.pph.life_expectancy_female,2044,UK,85.433589,years,projection,ons_npp,NPP-2024based-2026-04-28,sourced,
people.npp.pph.life_expectancy_female,2045,UK,85.531815,years,projection,ons_npp,NPP-2024based-2026-04-28,sourced,
people.npp.pph.life_expectancy_female,2046,UK,85.628884,years,projection,ons_npp,NPP-2024based-2026-04-28,sourced,
people.npp.pph.life_expectancy_female,2047,UK,85.725029,years,projection,ons_npp,NPP-2024based-2026-04-28,sourced,
people.npp.pph.life_expectancy_female,2048,UK,85.822041,years,projection,ons_npp,NPP-2024based-2026-04-28,sourced,
people.npp.pph.life_expectancy_female,2049,UK,85.917971,years,projection,ons_npp,NPP-2024based-2026-04-28,sourced,
people.npp.pph.life_expectancy_female,2050,UK,86.014881,years,projection,ons_npp,NPP-2024based-2026-04-28,sourced,
people.npp.pph.life_expectancy_female,2051,UK,86.110902,years,projection,ons_npp,NPP-2024based-2026-04-28,sourced,
people.npp.pph.life_expectancy_female,2052,UK,86.206864,years,projection,ons_npp,NPP-2024based-2026-04-28,sourced,
people.npp.pph.life_expectancy_female,2053,UK,86.301996,years,projection,ons_npp,NPP-2024based-2026-04-28,sourced,
people.npp.pph.life_expectancy_female,2054,UK,86.398237,years,projection,ons_npp,NPP-2024based-2026-04-28,sourced,
people.npp.pph.life_expectancy_female,2055,UK,86.49246,years,projection,ons_npp,NPP-2024based-2026-04-28,sourced,
people.npp.pph.life_expectancy_female,2056,UK,86.586303,years,projection,ons_npp,NPP-2024based-2026-04-28,sourced,
people.npp.pph.life_expectancy_female,2057,UK,86.681379,years,projection,ons_npp,NPP-2024based-2026-04-28,sourced,
people.npp.pph.life_expectancy_female,2058,UK,86.774976,years,projection,ons_npp,NPP-2024based-2026-04-28,sourced,
people.npp.pph.life_expectancy_female,2059,UK,86.867122,years,projection,ons_npp,NPP-2024based-2026-04-28,sourced,
people.npp.pph.life_expectancy_female,2060,UK,86.962612,years,projection,ons_npp,NPP-2024based-2026-04-28,sourced,
people.npp.pph.life_expectancy_female,2061,UK,87.055802,years,projection,ons_npp,NPP-2024based-2026-04-28,sourced,
people.npp.pph.life_expectancy_female,2062,UK,87.148505,years,projection,ons_npp,NPP-2024based-2026-04-28,sourced,
people.npp.pph.life_expectancy_female,2063,UK,87.240745,years,projection,ons_npp,NPP-2024based-2026-04-28,sourced,
people.npp.pph.life_expectancy_female,2064,UK,87.332528,years,projection,ons_npp,NPP-2024based-2026-04-28,sourced,
people.npp.pph.life_expectancy_female,2065,UK,87.424319,years,projection,ons_npp,NPP-2024based-2026-04-28,sourced,
people.npp.pph.life_expectancy_female,2066,UK,87.517132,years,projection,ons_npp,NPP-2024based-2026-04-28,sourced,
people.npp.pph.life_expectancy_female,2067,UK,87.609095,years,projection,ons_npp,NPP-2024based-2026-04-28,sourced,
people.npp.pph.life_expectancy_female,2068,UK,87.699066,years,projection,ons_npp,NPP-2024based-2026-04-28,sourced,
people.npp.pph.life_expectancy_female,2069,UK,87.789632,years,projection,ons_npp,NPP-2024based-2026-04-28,sourced,
people.npp.pph.life_expectancy_female,2070,UK,87.880863,years,projection,ons_npp,NPP-2024based-2026-04-28,sourced,
people.npp.pph.life_expectancy_female,2071,UK,87.971257,years,projection,ons_npp,NPP-2024based-2026-04-28,sourced,
people.npp.pph.life_expectancy_female,2072,UK,88.060705,years,projection,ons_npp,NPP-2024based-2026-04-28,sourced,
people.npp.pph.life_expectancy_female,2073,UK,88.150007,years,projection,ons_npp,NPP-2024based-2026-04-28,sourced,
people.npp.pph.life_expectancy_female,2074,UK,88.23953,years,projection,ons_npp,NPP-2024based-2026-04-28,sourced,
people.npp.pph.life_expectancy_female,2075,UK,88.327829,years,projection,ons_npp,NPP-2024based-2026-04-28,sourced,
people.npp.pph.life_expectancy_male,2025,UK,79.85393,years,projection,ons_npp,NPP-2024based-2026-04-28,sourced,
people.npp.pph.life_expectancy_male,2026,UK,79.644076,years,projection,ons_npp,NPP-2024based-2026-04-28,sourced,
people.npp.pph.life_expectancy_male,2027,UK,79.785807,years,projection,ons_npp,NPP-2024based-2026-04-28,sourced,
people.npp.pph.life_expectancy_male,2028,UK,79.922534,years,projection,ons_npp,NPP-2024based-2026-04-28,sourced,
people.npp.pph.life_expectancy_male,2029,UK,80.05688,years,projection,ons_npp,NPP-2024based-2026-04-28,sourced,
people.npp.pph.life_expectancy_male,2030,UK,80.1862,years,projection,ons_npp,NPP-2024based-2026-04-28,sourced,
people.npp.pph.life_expectancy_male,2031,UK,80.312942,years,projection,ons_npp,NPP-2024based-2026-04-28,sourced,
people.npp.pph.life_expectancy_male,2032,UK,80.436762,years,projection,ons_npp,NPP-2024based-2026-04-28,sourced,
people.npp.pph.life_expectancy_male,2033,UK,80.560012,years,projection,ons_npp,NPP-2024based-2026-04-28,sourced,
people.npp.pph.life_expectancy_male,2034,UK,80.679965,years,projection,ons_npp,NPP-2024based-2026-04-28,sourced,
people.npp.pph.life_expectancy_male,2035,UK,80.799551,years,projection,ons_npp,NPP-2024based-2026-04-28,sourced,
people.npp.pph.life_expectancy_male,2036,UK,80.915486,years,projection,ons_npp,NPP-2024based-2026-04-28,sourced,
people.npp.pph.life_expectancy_male,2037,UK,81.032701,years,projection,ons_npp,NPP-2024based-2026-04-28,sourced,
people.npp.pph.life_expectancy_male,2038,UK,81.147257,years,projection,ons_npp,NPP-2024based-2026-04-28,sourced,
people.npp.pph.life_expectancy_male,2039,UK,81.261522,years,projection,ons_npp,NPP-2024based-2026-04-28,sourced,
people.npp.pph.life_expectancy_male,2040,UK,81.375078,years,projection,ons_npp,NPP-2024based-2026-04-28,sourced,
people.npp.pph.life_expectancy_male,2041,UK,81.48827,years,projection,ons_npp,NPP-2024based-2026-04-28,sourced,
people.npp.pph.life_expectancy_male,2042,UK,81.599554,years,projection,ons_npp,NPP-2024based-2026-04-28,sourced,
people.npp.pph.life_expectancy_male,2043,UK,81.711981,years,projection,ons_npp,NPP-2024based-2026-04-28,sourced,
people.npp.pph.life_expectancy_male,2044,UK,81.822169,years,projection,ons_npp,NPP-2024based-2026-04-28,sourced,
people.npp.pph.life_expectancy_male,2045,UK,81.931668,years,projection,ons_npp,NPP-2024based-2026-04-28,sourced,
people.npp.pph.life_expectancy_male,2046,UK,82.0412,years,projection,ons_npp,NPP-2024based-2026-04-28,sourced,
people.npp.pph.life_expectancy_male,2047,UK,82.151006,years,projection,ons_npp,NPP-2024based-2026-04-28,sourced,
people.npp.pph.life_expectancy_male,2048,UK,82.259483,years,projection,ons_npp,NPP-2024based-2026-04-28,sourced,
people.npp.pph.life_expectancy_male,2049,UK,82.366756,years,projection,ons_npp,NPP-2024based-2026-04-28,sourced,
people.npp.pph.life_expectancy_male,2050,UK,82.476332,years,projection,ons_npp,NPP-2024based-2026-04-28,sourced,
people.npp.pph.life_expectancy_male,2051,UK,82.58307,years,projection,ons_npp,NPP-2024based-2026-04-28,sourced,
people.npp.pph.life_expectancy_male,2052,UK,82.690535,years,projection,ons_npp,NPP-2024based-2026-04-28,sourced,
people.npp.pph.life_expectancy_male,2053,UK,82.798054,years,projection,ons_npp,NPP-2024based-2026-04-28,sourced,
people.npp.pph.life_expectancy_male,2054,UK,82.904713,years,projection,ons_npp,NPP-2024based-2026-04-28,sourced,
people.npp.pph.life_expectancy_male,2055,UK,83.011863,years,projection,ons_npp,NPP-2024based-2026-04-28,sourced,
people.npp.pph.life_expectancy_male,2056,UK,83.118784,years,projection,ons_npp,NPP-2024based-2026-04-28,sourced,
people.npp.pph.life_expectancy_male,2057,UK,83.22588,years,projection,ons_npp,NPP-2024based-2026-04-28,sourced,
people.npp.pph.life_expectancy_male,2058,UK,83.331329,years,projection,ons_npp,NPP-2024based-2026-04-28,sourced,
people.npp.pph.life_expectancy_male,2059,UK,83.436625,years,projection,ons_npp,NPP-2024based-2026-04-28,sourced,
people.npp.pph.life_expectancy_male,2060,UK,83.541936,years,projection,ons_npp,NPP-2024based-2026-04-28,sourced,
people.npp.pph.life_expectancy_male,2061,UK,83.646622,years,projection,ons_npp,NPP-2024based-2026-04-28,sourced,
people.npp.pph.life_expectancy_male,2062,UK,83.751419,years,projection,ons_npp,NPP-2024based-2026-04-28,sourced,
people.npp.pph.life_expectancy_male,2063,UK,83.856831,years,projection,ons_npp,NPP-2024based-2026-04-28,sourced,
people.npp.pph.life_expectancy_male,2064,UK,83.96023,years,projection,ons_npp,NPP-2024based-2026-04-28,sourced,
people.npp.pph.life_expectancy_male,2065,UK,84.065214,years,projection,ons_npp,NPP-2024based-2026-04-28,sourced,
people.npp.pph.life_expectancy_male,2066,UK,84.168844,years,projection,ons_npp,NPP-2024based-2026-04-28,sourced,
people.npp.pph.life_expectancy_male,2067,UK,84.271998,years,projection,ons_npp,NPP-2024based-2026-04-28,sourced,
people.npp.pph.life_expectancy_male,2068,UK,84.376076,years,projection,ons_npp,NPP-2024based-2026-04-28,sourced,
people.npp.pph.life_expectancy_male,2069,UK,84.479419,years,projection,ons_npp,NPP-2024based-2026-04-28,sourced,
people.npp.pph.life_expectancy_male,2070,UK,84.581739,years,projection,ons_npp,NPP-2024based-2026-04-28,sourced,
people.npp.pph.life_expectancy_male,2071,UK,84.684295,years,projection,ons_npp,NPP-2024based-2026-04-28,sourced,
people.npp.pph.life_expectancy_male,2072,UK,84.786351,years,projection,ons_npp,NPP-2024based-2026-04-28,sourced,
people.npp.pph.life_expectancy_male,2073,UK,84.888685,years,projection,ons_npp,NPP-2024based-2026-04-28,sourced,
people.npp.pph.life_expectancy_male,2074,UK,84.990045,years,projection,ons_npp,NPP-2024based-2026-04-28,sourced,
people.npp.pph.life_expectancy_male,2075,UK,85.091703,years,projection,ons_npp,NPP-2024based-2026-04-28,sourced,
people.npp.pph.net_migration,2025,UK,204.0,persons_k,projection,ons_npp,NPP-2024based-2026-04-28,sourced,
people.npp.pph.net_migration,2026,UK,273.0,persons_k,projection,ons_npp,NPP-2024based-2026-04-28,sourced,
people.npp.pph.net_migration,2027,UK,455.0,persons_k,projection,ons_npp,NPP-2024based-2026-04-28,sourced,
people.npp.pph.net_migration,2028,UK,455.0,persons_k,projection,ons_npp,NPP-2024based-2026-04-28,sourced,
people.npp.pph.net_migration,2029,UK,455.0,persons_k,projection,ons_npp,NPP-2024based-2026-04-28,sourced,
people.npp.pph.net_migration,2030,UK,455.0,persons_k,projection,ons_npp,NPP-2024based-2026-04-28,sourced,
people.npp.pph.net_migration,2031,UK,455.0,persons_k,projection,ons_npp,NPP-2024based-2026-04-28,sourced,
people.npp.pph.net_migration,2032,UK,455.0,persons_k,projection,ons_npp,NPP-2024based-2026-04-28,sourced,
people.npp.pph.net_migration,2033,UK,455.0,persons_k,projection,ons_npp,NPP-2024based-2026-04-28,sourced,
people.npp.pph.net_migration,2034,UK,455.0,persons_k,projection,ons_npp,NPP-2024based-2026-04-28,sourced,
people.npp.pph.net_migration,2035,UK,455.0,persons_k,projection,ons_npp,NPP-2024based-2026-04-28,sourced,
people.npp.pph.net_migration,2036,UK,455.0,persons_k,projection,ons_npp,NPP-2024based-2026-04-28,sourced,
people.npp.pph.net_migration,2037,UK,455.0,persons_k,projection,ons_npp,NPP-2024based-2026-04-28,sourced,
people.npp.pph.net_migration,2038,UK,455.0,persons_k,projection,ons_npp,NPP-2024based-2026-04-28,sourced,
people.npp.pph.net_migration,2039,UK,455.0,persons_k,projection,ons_npp,NPP-2024based-2026-04-28,sourced,
people.npp.pph.net_migration,2040,UK,455.0,persons_k,projection,ons_npp,NPP-2024based-2026-04-28,sourced,
people.npp.pph.net_migration,2041,UK,455.0,persons_k,projection,ons_npp,NPP-2024based-2026-04-28,sourced,
people.npp.pph.net_migration,2042,UK,455.0,persons_k,projection,ons_npp,NPP-2024based-2026-04-28,sourced,
people.npp.pph.net_migration,2043,UK,455.0,persons_k,projection,ons_npp,NPP-2024based-2026-04-28,sourced,
people.npp.pph.net_migration,2044,UK,455.0,persons_k,projection,ons_npp,NPP-2024based-2026-04-28,sourced,
people.npp.pph.net_migration,2045,UK,455.0,persons_k,projection,ons_npp,NPP-2024based-2026-04-28,sourced,
people.npp.pph.net_migration,2046,UK,455.0,persons_k,projection,ons_npp,NPP-2024based-2026-04-28,sourced,
people.npp.pph.net_migration,2047,UK,455.0,persons_k,projection,ons_npp,NPP-2024based-2026-04-28,sourced,
people.npp.pph.net_migration,2048,UK,455.0,persons_k,projection,ons_npp,NPP-2024based-2026-04-28,sourced,
people.npp.pph.net_migration,2049,UK,455.0,persons_k,projection,ons_npp,NPP-2024based-2026-04-28,sourced,
people.npp.pph.net_migration,2050,UK,455.0,persons_k,projection,ons_npp,NPP-2024based-2026-04-28,sourced,
people.npp.pph.net_migration,2051,UK,455.0,persons_k,projection,ons_npp,NPP-2024based-2026-04-28,sourced,
people.npp.pph.net_migration,2052,UK,455.0,persons_k,projection,ons_npp,NPP-2024based-2026-04-28,sourced,
people.npp.pph.net_migration,2053,UK,455.0,persons_k,projection,ons_npp,NPP-2024based-2026-04-28,sourced,
people.npp.pph.net_migration,2054,UK,455.0,persons_k,projection,ons_npp,NPP-2024based-2026-04-28,sourced,
people.npp.pph.net_migration,2055,UK,455.0,persons_k,projection,ons_npp,NPP-2024based-2026-04-28,sourced,
people.npp.pph.net_migration,2056,UK,455.0,persons_k,projection,ons_npp,NPP-2024based-2026-04-28,sourced,
people.npp.pph.net_migration,2057,UK,455.0,persons_k,projection,ons_npp,NPP-2024based-2026-04-28,sourced,
people.npp.pph.net_migration,2058,UK,455.0,persons_k,projection,ons_npp,NPP-2024based-2026-04-28,sourced,
people.npp.pph.net_migration,2059,UK,455.0,persons_k,projection,ons_npp,NPP-2024based-2026-04-28,sourced,
people.npp.pph.net_migration,2060,UK,455.0,persons_k,projection,ons_npp,NPP-2024based-2026-04-28,sourced,
people.npp.pph.net_migration,2061,UK,455.0,persons_k,projection,ons_npp,NPP-2024based-2026-04-28,sourced,
people.npp.pph.net_migration,2062,UK,455.0,persons_k,projection,ons_npp,NPP-2024based-2026-04-28,sourced,
people.npp.pph.net_migration,2063,UK,455.0,persons_k,projection,ons_npp,NPP-2024based-2026-04-28,sourced,
people.npp.pph.net_migration,2064,UK,455.0,persons_k,projection,ons_npp,NPP-2024based-2026-04-28,sourced,
people.npp.pph.net_migration,2065,UK,455.0,persons_k,projection,ons_npp,NPP-2024based-2026-04-28,sourced,
people.npp.pph.net_migration,2066,UK,455.0,persons_k,projection,ons_npp,NPP-2024based-2026-04-28,sourced,
people.npp.pph.net_migration,2067,UK,455.0,persons_k,projection,ons_npp,NPP-2024based-2026-04-28,sourced,
people.npp.pph.net_migration,2068,UK,455.0,persons_k,projection,ons_npp,NPP-2024based-2026-04-28,sourced,
people.npp.pph.net_migration,2069,UK,455.0,persons_k,projection,ons_npp,NPP-2024based-2026-04-28,sourced,
people.npp.pph.net_migration,2070,UK,455.0,persons_k,projection,ons_npp,NPP-2024based-2026-04-28,sourced,
people.npp.pph.net_migration,2071,UK,455.0,persons_k,projection,ons_npp,NPP-2024based-2026-04-28,sourced,
people.npp.pph.net_migration,2072,UK,455.0,persons_k,projection,ons_npp,NPP-2024based-2026-04-28,sourced,
people.npp.pph.net_migration,2073,UK,455.0,persons_k,projection,ons_npp,NPP-2024based-2026-04-28,sourced,
people.npp.pph.net_migration,2074,UK,455.0,persons_k,projection,ons_npp,NPP-2024based-2026-04-28,sourced,
people.npp.pph.net_migration,2075,UK,455.0,persons_k,projection,ons_npp,NPP-2024based-2026-04-28,sourced,
people.npp.pph.oadr,2024,UK,279.682164,per_1000,outturn,ons_npp,NPP-2024based-2026-04-28,sourced,"Base year of the 2024-based projections: ONS mid-2024 population estimate. ONS: Children under 16, working age, and pensionable age populations are based on State Pension Age (SPA) for a given year. Women's SPA increased to 65 between April 2016 and November 2018. From December 2018, the SPA for both sexes increased to 66 by October 2020 (Pensions Act 2011). Between 2026 and 2028, the SPA will increase from 66 to 67 years for both sexes (Pensions Act 2014), and will increase to 68 between 2044 and 2046 (Pensions Act 2007)."
people.npp.pph.oadr,2025,UK,284.391299,per_1000,projection,ons_npp,NPP-2024based-2026-04-28,sourced,
people.npp.pph.oadr,2026,UK,285.114838,per_1000,projection,ons_npp,NPP-2024based-2026-04-28,sourced,
people.npp.pph.oadr,2027,UK,277.395186,per_1000,projection,ons_npp,NPP-2024based-2026-04-28,sourced,
people.npp.pph.oadr,2028,UK,273.122711,per_1000,projection,ons_npp,NPP-2024based-2026-04-28,sourced,
people.npp.pph.oadr,2029,UK,277.40177,per_1000,projection,ons_npp,NPP-2024based-2026-04-28,sourced,
people.npp.pph.oadr,2030,UK,282.032265,per_1000,projection,ons_npp,NPP-2024based-2026-04-28,sourced,
people.npp.pph.oadr,2031,UK,286.859434,per_1000,projection,ons_npp,NPP-2024based-2026-04-28,sourced,
people.npp.pph.oadr,2032,UK,291.595134,per_1000,projection,ons_npp,NPP-2024based-2026-04-28,sourced,
people.npp.pph.oadr,2033,UK,295.972417,per_1000,projection,ons_npp,NPP-2024based-2026-04-28,sourced,
people.npp.pph.oadr,2034,UK,300.201964,per_1000,projection,ons_npp,NPP-2024based-2026-04-28,sourced,
people.npp.pph.oadr,2035,UK,304.008124,per_1000,projection,ons_npp,NPP-2024based-2026-04-28,sourced,
people.npp.pph.oadr,2036,UK,307.621717,per_1000,projection,ons_npp,NPP-2024based-2026-04-28,sourced,
people.npp.pph.oadr,2037,UK,310.564208,per_1000,projection,ons_npp,NPP-2024based-2026-04-28,sourced,
people.npp.pph.oadr,2038,UK,313.749936,per_1000,projection,ons_npp,NPP-2024based-2026-04-28,sourced,
people.npp.pph.oadr,2039,UK,316.083237,per_1000,projection,ons_npp,NPP-2024based-2026-04-28,sourced,
people.npp.pph.oadr,2040,UK,317.504731,per_1000,projection,ons_npp,NPP-2024based-2026-04-28,sourced,
people.npp.pph.oadr,2041,UK,318.06211,per_1000,projection,ons_npp,NPP-2024based-2026-04-28,sourced,
people.npp.pph.oadr,2042,UK,318.231123,per_1000,projection,ons_npp,NPP-2024based-2026-04-28,sourced,
people.npp.pph.oadr,2043,UK,317.962173,per_1000,projection,ons_npp,NPP-2024based-2026-04-28,sourced,
people.npp.pph.oadr,2044,UK,314.241714,per_1000,projection,ons_npp,NPP-2024based-2026-04-28,sourced,
people.npp.pph.oadr,2045,UK,304.081287,per_1000,projection,ons_npp,NPP-2024based-2026-04-28,sourced,
people.npp.pph.oadr,2046,UK,296.89834,per_1000,projection,ons_npp,NPP-2024based-2026-04-28,sourced,
people.npp.pph.oadr,2047,UK,297.868349,per_1000,projection,ons_npp,NPP-2024based-2026-04-28,sourced,
people.npp.pph.oadr,2048,UK,299.637666,per_1000,projection,ons_npp,NPP-2024based-2026-04-28,sourced,
people.npp.pph.oadr,2049,UK,301.322784,per_1000,projection,ons_npp,NPP-2024based-2026-04-28,sourced,
people.npp.pph.oadr,2050,UK,302.783489,per_1000,projection,ons_npp,NPP-2024based-2026-04-28,sourced,
people.npp.pph.oadr,2051,UK,304.354914,per_1000,projection,ons_npp,NPP-2024based-2026-04-28,sourced,
people.npp.pph.oadr,2052,UK,305.894787,per_1000,projection,ons_npp,NPP-2024based-2026-04-28,sourced,
people.npp.pph.oadr,2053,UK,308.072461,per_1000,projection,ons_npp,NPP-2024based-2026-04-28,sourced,
people.npp.pph.oadr,2054,UK,310.35685,per_1000,projection,ons_npp,NPP-2024based-2026-04-28,sourced,
people.npp.pph.oadr,2055,UK,312.788724,per_1000,projection,ons_npp,NPP-2024based-2026-04-28,sourced,
people.npp.pph.oadr,2056,UK,315.73448,per_1000,projection,ons_npp,NPP-2024based-2026-04-28,sourced,
people.npp.pph.oadr,2057,UK,318.509597,per_1000,projection,ons_npp,NPP-2024based-2026-04-28,sourced,
people.npp.pph.oadr,2058,UK,321.537552,per_1000,projection,ons_npp,NPP-2024based-2026-04-28,sourced,
people.npp.pph.oadr,2059,UK,324.747998,per_1000,projection,ons_npp,NPP-2024based-2026-04-28,sourced,
people.npp.pph.oadr,2060,UK,327.837547,per_1000,projection,ons_npp,NPP-2024based-2026-04-28,sourced,
people.npp.pph.oadr,2061,UK,330.590161,per_1000,projection,ons_npp,NPP-2024based-2026-04-28,sourced,
people.npp.pph.oadr,2062,UK,333.567312,per_1000,projection,ons_npp,NPP-2024based-2026-04-28,sourced,
people.npp.pph.oadr,2063,UK,336.338032,per_1000,projection,ons_npp,NPP-2024based-2026-04-28,sourced,
people.npp.pph.oadr,2064,UK,339.182923,per_1000,projection,ons_npp,NPP-2024based-2026-04-28,sourced,
people.npp.pph.oadr,2065,UK,342.661823,per_1000,projection,ons_npp,NPP-2024based-2026-04-28,sourced,
people.npp.pph.oadr,2066,UK,346.022574,per_1000,projection,ons_npp,NPP-2024based-2026-04-28,sourced,
people.npp.pph.oadr,2067,UK,349.257431,per_1000,projection,ons_npp,NPP-2024based-2026-04-28,sourced,
people.npp.pph.oadr,2068,UK,351.811444,per_1000,projection,ons_npp,NPP-2024based-2026-04-28,sourced,
people.npp.pph.oadr,2069,UK,353.841881,per_1000,projection,ons_npp,NPP-2024based-2026-04-28,sourced,
people.npp.pph.oadr,2070,UK,355.883882,per_1000,projection,ons_npp,NPP-2024based-2026-04-28,sourced,
people.npp.pph.oadr,2071,UK,358.34521,per_1000,projection,ons_npp,NPP-2024based-2026-04-28,sourced,
people.npp.pph.oadr,2072,UK,361.41521,per_1000,projection,ons_npp,NPP-2024based-2026-04-28,sourced,
people.npp.pph.oadr,2073,UK,365.072661,per_1000,projection,ons_npp,NPP-2024based-2026-04-28,sourced,
people.npp.pph.oadr,2074,UK,369.034015,per_1000,projection,ons_npp,NPP-2024based-2026-04-28,sourced,
people.npp.pph.oadr,2075,UK,373.558984,per_1000,projection,ons_npp,NPP-2024based-2026-04-28,sourced,
people.npp.pph.pension_age,2024,UK,12388.913,persons_k,outturn,ons_npp,NPP-2024based-2026-04-28,sourced,"Base year of the 2024-based projections: ONS mid-2024 population estimate. ONS: Children under 16, working age, and pensionable age populations are based on State Pension Age (SPA) for a given year. Women's SPA increased to 65 between April 2016 and November 2018. From December 2018, the SPA for both sexes increased to 66 by October 2020 (Pensions Act 2011). Between 2026 and 2028, the SPA will increase from 66 to 67 years for both sexes (Pensions Act 2014), and will increase to 68 between 2044 and 2046 (Pensions Act 2007)."
people.npp.pph.pension_age,2025,UK,12633.509,persons_k,projection,ons_npp,NPP-2024based-2026-04-28,sourced,
people.npp.pph.pension_age,2026,UK,12747.596339,persons_k,projection,ons_npp,NPP-2024based-2026-04-28,sourced,
people.npp.pph.pension_age,2027,UK,12601.716877,persons_k,projection,ons_npp,NPP-2024based-2026-04-28,sourced,
people.npp.pph.pension_age,2028,UK,12571.89,persons_k,projection,ons_npp,NPP-2024based-2026-04-28,sourced,
people.npp.pph.pension_age,2029,UK,12845.345,persons_k,projection,ons_npp,NPP-2024based-2026-04-28,sourced,
people.npp.pph.pension_age,2030,UK,13128.585,persons_k,projection,ons_npp,NPP-2024based-2026-04-28,sourced,
people.npp.pph.pension_age,2031,UK,13419.2,persons_k,projection,ons_npp,NPP-2024based-2026-04-28,sourced,
people.npp.pph.pension_age,2032,UK,13708.541,persons_k,projection,ons_npp,NPP-2024based-2026-04-28,sourced,
people.npp.pph.pension_age,2033,UK,13980.451,persons_k,projection,ons_npp,NPP-2024based-2026-04-28,sourced,
people.npp.pph.pension_age,2034,UK,14243.226,persons_k,projection,ons_npp,NPP-2024based-2026-04-28,sourced,
people.npp.pph.pension_age,2035,UK,14488.587,persons_k,projection,ons_npp,NPP-2024based-2026-04-28,sourced,
people.npp.pph.pension_age,2036,UK,14723.462,persons_k,projection,ons_npp,NPP-2024based-2026-04-28,sourced,
people.npp.pph.pension_age,2037,UK,14927.378,persons_k,projection,ons_npp,NPP-2024based-2026-04-28,sourced,
people.npp.pph.pension_age,2038,UK,15141.234,persons_k,projection,ons_npp,NPP-2024based-2026-04-28,sourced,
people.npp.pph.pension_age,2039,UK,15314.376,persons_k,projection,ons_npp,NPP-2024based-2026-04-28,sourced,
people.npp.pph.pension_age,2040,UK,15449.47,persons_k,projection,ons_npp,NPP-2024based-2026-04-28,sourced,
people.npp.pph.pension_age,2041,UK,15548.242,persons_k,projection,ons_npp,NPP-2024based-2026-04-28,sourced,
people.npp.pph.pension_age,2042,UK,15632.273,persons_k,projection,ons_npp,NPP-2024based-2026-04-28,sourced,
people.npp.pph.pension_age,2043,UK,15698.32,persons_k,projection,ons_npp,NPP-2024based-2026-04-28,sourced,
people.npp.pph.pension_age,2044,UK,15632.678526,persons_k,projection,ons_npp,NPP-2024based-2026-04-28,sourced,
people.npp.pph.pension_age,2045,UK,15316.204986,persons_k,projection,ons_npp,NPP-2024based-2026-04-28,sourced,
people.npp.pph.pension_age,2046,UK,15106.154,persons_k,projection,ons_npp,NPP-2024based-2026-04-28,sourced,
people.npp.pph.pension_age,2047,UK,15212.595,persons_k,projection,ons_npp,NPP-2024based-2026-04-28,sourced,
people.npp.pph.pension_age,2048,UK,15350.23,persons_k,projection,ons_npp,NPP-2024based-2026-04-28,sourced,
people.npp.pph.pension_age,2049,UK,15484.412,persons_k,projection,ons_npp,NPP-2024based-2026-04-28,sourced,
people.npp.pph.pension_age,2050,UK,15609.71,persons_k,projection,ons_npp,NPP-2024based-2026-04-28,sourced,
people.npp.pph.pension_age,2051,UK,15739.561,persons_k,projection,ons_npp,NPP-2024based-2026-04-28,sourced,
people.npp.pph.pension_age,2052,UK,15868.594,persons_k,projection,ons_npp,NPP-2024based-2026-04-28,sourced,
people.npp.pph.pension_age,2053,UK,16023.654,persons_k,projection,ons_npp,NPP-2024based-2026-04-28,sourced,
people.npp.pph.pension_age,2054,UK,16183.899,persons_k,projection,ons_npp,NPP-2024based-2026-04-28,sourced,
people.npp.pph.pension_age,2055,UK,16351.13,persons_k,projection,ons_npp,NPP-2024based-2026-04-28,sourced,
people.npp.pph.pension_age,2056,UK,16540.057,persons_k,projection,ons_npp,NPP-2024based-2026-04-28,sourced,
people.npp.pph.pension_age,2057,UK,16723.498,persons_k,projection,ons_npp,NPP-2024based-2026-04-28,sourced,
people.npp.pph.pension_age,2058,UK,16918.325,persons_k,projection,ons_npp,NPP-2024based-2026-04-28,sourced,
people.npp.pph.pension_age,2059,UK,17121.716,persons_k,projection,ons_npp,NPP-2024based-2026-04-28,sourced,
people.npp.pph.pension_age,2060,UK,17321.504,persons_k,projection,ons_npp,NPP-2024based-2026-04-28,sourced,
people.npp.pph.pension_age,2061,UK,17508.849,persons_k,projection,ons_npp,NPP-2024based-2026-04-28,sourced,
people.npp.pph.pension_age,2062,UK,17705.851,persons_k,projection,ons_npp,NPP-2024based-2026-04-28,sourced,
people.npp.pph.pension_age,2063,UK,17895.203,persons_k,projection,ons_npp,NPP-2024based-2026-04-28,sourced,
people.npp.pph.pension_age,2064,UK,18087.894,persons_k,projection,ons_npp,NPP-2024based-2026-04-28,sourced,
people.npp.pph.pension_age,2065,UK,18305.978,persons_k,projection,ons_npp,NPP-2024based-2026-04-28,sourced,
people.npp.pph.pension_age,2066,UK,18519.033,persons_k,projection,ons_npp,NPP-2024based-2026-04-28,sourced,
people.npp.pph.pension_age,2067,UK,18726.267,persons_k,projection,ons_npp,NPP-2024based-2026-04-28,sourced,
people.npp.pph.pension_age,2068,UK,18905.363,persons_k,projection,ons_npp,NPP-2024based-2026-04-28,sourced,
people.npp.pph.pension_age,2069,UK,19062.236,persons_k,projection,ons_npp,NPP-2024based-2026-04-28,sourced,
people.npp.pph.pension_age,2070,UK,19217.846,persons_k,projection,ons_npp,NPP-2024based-2026-04-28,sourced,
people.npp.pph.pension_age,2071,UK,19388.178,persons_k,projection,ons_npp,NPP-2024based-2026-04-28,sourced,
people.npp.pph.pension_age,2072,UK,19580.617,persons_k,projection,ons_npp,NPP-2024based-2026-04-28,sourced,
people.npp.pph.pension_age,2073,UK,19794.155,persons_k,projection,ons_npp,NPP-2024based-2026-04-28,sourced,
people.npp.pph.pension_age,2074,UK,20017.325,persons_k,projection,ons_npp,NPP-2024based-2026-04-28,sourced,
people.npp.pph.pension_age,2075,UK,20260.233,persons_k,projection,ons_npp,NPP-2024based-2026-04-28,sourced,
people.npp.pph.population,2024,UK,69281.437,persons_k,outturn,ons_npp,NPP-2024based-2026-04-28,sourced,Base year of the 2024-based projections: ONS mid-2024 population estimate.
people.npp.pph.population,2025,UK,69502.341,persons_k,projection,ons_npp,NPP-2024based-2026-04-28,sourced,
people.npp.pph.population,2026,UK,69763.843,persons_k,projection,ons_npp,NPP-2024based-2026-04-28,sourced,
people.npp.pph.population,2027,UK,70201.912,persons_k,projection,ons_npp,NPP-2024based-2026-04-28,sourced,
people.npp.pph.population,2028,UK,70634.905,persons_k,projection,ons_npp,NPP-2024based-2026-04-28,sourced,
people.npp.pph.population,2029,UK,71061.866,persons_k,projection,ons_npp,NPP-2024based-2026-04-28,sourced,
people.npp.pph.population,2030,UK,71482.902,persons_k,projection,ons_npp,NPP-2024based-2026-04-28,sourced,
people.npp.pph.population,2031,UK,71898.44,persons_k,projection,ons_npp,NPP-2024based-2026-04-28,sourced,
people.npp.pph.population,2032,UK,72308.311,persons_k,projection,ons_npp,NPP-2024based-2026-04-28,sourced,
people.npp.pph.population,2033,UK,72712.723,persons_k,projection,ons_npp,NPP-2024based-2026-04-28,sourced,
people.npp.pph.population,2034,UK,73112.174,persons_k,projection,ons_npp,NPP-2024based-2026-04-28,sourced,
people.npp.pph.population,2035,UK,73507.672,persons_k,projection,ons_npp,NPP-2024based-2026-04-28,sourced,
people.npp.pph.population,2036,UK,73900.377,persons_k,projection,ons_npp,NPP-2024based-2026-04-28,sourced,
people.npp.pph.population,2037,UK,74291.341,persons_k,projection,ons_npp,NPP-2024based-2026-04-28,sourced,
people.npp.pph.population,2038,UK,74681.472,persons_k,projection,ons_npp,NPP-2024based-2026-04-28,sourced,
people.npp.pph.population,2039,UK,75071.444,persons_k,projection,ons_npp,NPP-2024based-2026-04-28,sourced,
people.npp.pph.population,2040,UK,75461.695,persons_k,projection,ons_npp,NPP-2024based-2026-04-28,sourced,
people.npp.pph.population,2041,UK,75852.386,persons_k,projection,ons_npp,NPP-2024based-2026-04-28,sourced,
people.npp.pph.population,2042,UK,76243.374,persons_k,projection,ons_npp,NPP-2024based-2026-04-28,sourced,
people.npp.pph.population,2043,UK,76634.334,persons_k,projection,ons_npp,NPP-2024based-2026-04-28,sourced,
people.npp.pph.population,2044,UK,77024.552,persons_k,projection,ons_npp,NPP-2024based-2026-04-28,sourced,
people.npp.pph.population,2045,UK,77412.72,persons_k,projection,ons_npp,NPP-2024based-2026-04-28,sourced,
people.npp.pph.population,2046,UK,77797.533,persons_k,projection,ons_npp,NPP-2024based-2026-04-28,sourced,
people.npp.pph.population,2047,UK,78178.089,persons_k,projection,ons_npp,NPP-2024based-2026-04-28,sourced,
people.npp.pph.population,2048,UK,78553.477,persons_k,projection,ons_npp,NPP-2024based-2026-04-28,sourced,
people.npp.pph.population,2049,UK,78922.612,persons_k,projection,ons_npp,NPP-2024based-2026-04-28,sourced,
people.npp.pph.population,2050,UK,79283.821,persons_k,projection,ons_npp,NPP-2024based-2026-04-28,sourced,
people.npp.pph.population,2051,UK,79635.509,persons_k,projection,ons_npp,NPP-2024based-2026-04-28,sourced,
people.npp.pph.population,2052,UK,79977.192,persons_k,projection,ons_npp,NPP-2024based-2026-04-28,sourced,
people.npp.pph.population,2053,UK,80308.53,persons_k,projection,ons_npp,NPP-2024based-2026-04-28,sourced,
people.npp.pph.population,2054,UK,80629.416,persons_k,projection,ons_npp,NPP-2024based-2026-04-28,sourced,
people.npp.pph.population,2055,UK,80940.231,persons_k,projection,ons_npp,NPP-2024based-2026-04-28,sourced,
people.npp.pph.population,2056,UK,81241.815,persons_k,projection,ons_npp,NPP-2024based-2026-04-28,sourced,
people.npp.pph.population,2057,UK,81535.399,persons_k,projection,ons_npp,NPP-2024based-2026-04-28,sourced,
people.npp.pph.population,2058,UK,81822.104,persons_k,projection,ons_npp,NPP-2024based-2026-04-28,sourced,
people.npp.pph.population,2059,UK,82103.174,persons_k,projection,ons_npp,NPP-2024based-2026-04-28,sourced,
people.npp.pph.population,2060,UK,82379.976,persons_k,projection,ons_npp,NPP-2024based-2026-04-28,sourced,
people.npp.pph.population,2061,UK,82653.796,persons_k,projection,ons_npp,NPP-2024based-2026-04-28,sourced,
people.npp.pph.population,2062,UK,82925.898,persons_k,projection,ons_npp,NPP-2024based-2026-04-28,sourced,
people.npp.pph.population,2063,UK,83197.167,persons_k,projection,ons_npp,NPP-2024based-2026-04-28,sourced,
people.npp.pph.population,2064,UK,83468.218,persons_k,projection,ons_npp,NPP-2024based-2026-04-28,sourced,
people.npp.pph.population,2065,UK,83739.667,persons_k,projection,ons_npp,NPP-2024based-2026-04-28,sourced,
people.npp.pph.population,2066,UK,84011.925,persons_k,projection,ons_npp,NPP-2024based-2026-04-28,sourced,
people.npp.pph.population,2067,UK,84285.117,persons_k,projection,ons_npp,NPP-2024based-2026-04-28,sourced,
people.npp.pph.population,2068,UK,84559.218,persons_k,projection,ons_npp,NPP-2024based-2026-04-28,sourced,
people.npp.pph.population,2069,UK,84833.855,persons_k,projection,ons_npp,NPP-2024based-2026-04-28,sourced,
people.npp.pph.population,2070,UK,85108.471,persons_k,projection,ons_npp,NPP-2024based-2026-04-28,sourced,
people.npp.pph.population,2071,UK,85382.305,persons_k,projection,ons_npp,NPP-2024based-2026-04-28,sourced,
people.npp.pph.population,2072,UK,85654.542,persons_k,projection,ons_npp,NPP-2024based-2026-04-28,sourced,
people.npp.pph.population,2073,UK,85924.304,persons_k,projection,ons_npp,NPP-2024based-2026-04-28,sourced,
people.npp.pph.population,2074,UK,86190.694,persons_k,projection,ons_npp,NPP-2024based-2026-04-28,sourced,
people.npp.pph.population,2075,UK,86452.85,persons_k,projection,ons_npp,NPP-2024based-2026-04-28,sourced,
people.npp.pph.tfr,2025,UK,1.38941,children_per_woman,projection,ons_npp,NPP-2024based-2026-04-28,sourced,
people.npp.pph.tfr,2026,UK,1.397385,children_per_woman,projection,ons_npp,NPP-2024based-2026-04-28,sourced,
people.npp.pph.tfr,2027,UK,1.393086,children_per_woman,projection,ons_npp,NPP-2024based-2026-04-28,sourced,
people.npp.pph.tfr,2028,UK,1.388974,children_per_woman,projection,ons_npp,NPP-2024based-2026-04-28,sourced,
people.npp.pph.tfr,2029,UK,1.385095,children_per_woman,projection,ons_npp,NPP-2024based-2026-04-28,sourced,
people.npp.pph.tfr,2030,UK,1.383144,children_per_woman,projection,ons_npp,NPP-2024based-2026-04-28,sourced,
people.npp.pph.tfr,2031,UK,1.383047,children_per_woman,projection,ons_npp,NPP-2024based-2026-04-28,sourced,
people.npp.pph.tfr,2032,UK,1.383102,children_per_woman,projection,ons_npp,NPP-2024based-2026-04-28,sourced,
people.npp.pph.tfr,2033,UK,1.383321,children_per_woman,projection,ons_npp,NPP-2024based-2026-04-28,sourced,
people.npp.pph.tfr,2034,UK,1.383682,children_per_woman,projection,ons_npp,NPP-2024based-2026-04-28,sourced,
people.npp.pph.tfr,2035,UK,1.384717,children_per_woman,projection,ons_npp,NPP-2024based-2026-04-28,sourced,
people.npp.pph.tfr,2036,UK,1.386364,children_per_woman,projection,ons_npp,NPP-2024based-2026-04-28,sourced,
people.npp.pph.tfr,2037,UK,1.388134,children_per_woman,projection,ons_npp,NPP-2024based-2026-04-28,sourced,
people.npp.pph.tfr,2038,UK,1.390063,children_per_woman,projection,ons_npp,NPP-2024based-2026-04-28,sourced,
people.npp.pph.tfr,2039,UK,1.392098,children_per_woman,projection,ons_npp,NPP-2024based-2026-04-28,sourced,
people.npp.pph.tfr,2040,UK,1.394605,children_per_woman,projection,ons_npp,NPP-2024based-2026-04-28,sourced,
people.npp.pph.tfr,2041,UK,1.397536,children_per_woman,projection,ons_npp,NPP-2024based-2026-04-28,sourced,
people.npp.pph.tfr,2042,UK,1.400608,children_per_woman,projection,ons_npp,NPP-2024based-2026-04-28,sourced,
people.npp.pph.tfr,2043,UK,1.403806,children_per_woman,projection,ons_npp,NPP-2024based-2026-04-28,sourced,
people.npp.pph.tfr,2044,UK,1.40716,children_per_woman,projection,ons_npp,NPP-2024based-2026-04-28,sourced,
people.npp.pph.tfr,2045,UK,1.40973,children_per_woman,projection,ons_npp,NPP-2024based-2026-04-28,sourced,
people.npp.pph.tfr,2046,UK,1.411489,children_per_woman,projection,ons_npp,NPP-2024based-2026-04-28,sourced,
people.npp.pph.tfr,2047,UK,1.413356,children_per_woman,projection,ons_npp,NPP-2024based-2026-04-28,sourced,
people.npp.pph.tfr,2048,UK,1.41537,children_per_woman,projection,ons_npp,NPP-2024based-2026-04-28,sourced,
people.npp.pph.tfr,2049,UK,1.41749,children_per_woman,projection,ons_npp,NPP-2024based-2026-04-28,sourced,
people.npp.pph.tfr,2050,UK,1.418587,children_per_woman,projection,ons_npp,NPP-2024based-2026-04-28,sourced,
people.npp.pph.tfr,2051,UK,1.41857,children_per_woman,projection,ons_npp,NPP-2024based-2026-04-28,sourced,
people.npp.pph.tfr,2052,UK,1.418565,children_per_woman,projection,ons_npp,NPP-2024based-2026-04-28,sourced,
people.npp.pph.tfr,2053,UK,1.418568,children_per_woman,projection,ons_npp,NPP-2024based-2026-04-28,sourced,
people.npp.pph.tfr,2054,UK,1.418563,children_per_woman,projection,ons_npp,NPP-2024based-2026-04-28,sourced,
people.npp.pph.tfr,2055,UK,1.418573,children_per_woman,projection,ons_npp,NPP-2024based-2026-04-28,sourced,
people.npp.pph.tfr,2056,UK,1.418573,children_per_woman,projection,ons_npp,NPP-2024based-2026-04-28,sourced,
people.npp.pph.tfr,2057,UK,1.418572,children_per_woman,projection,ons_npp,NPP-2024based-2026-04-28,sourced,
people.npp.pph.tfr,2058,UK,1.418591,children_per_woman,projection,ons_npp,NPP-2024based-2026-04-28,sourced,
people.npp.pph.tfr,2059,UK,1.418586,children_per_woman,projection,ons_npp,NPP-2024based-2026-04-28,sourced,
people.npp.pph.tfr,2060,UK,1.418591,children_per_woman,projection,ons_npp,NPP-2024based-2026-04-28,sourced,
people.npp.pph.tfr,2061,UK,1.418605,children_per_woman,projection,ons_npp,NPP-2024based-2026-04-28,sourced,
people.npp.pph.tfr,2062,UK,1.418637,children_per_woman,projection,ons_npp,NPP-2024based-2026-04-28,sourced,
people.npp.pph.tfr,2063,UK,1.418639,children_per_woman,projection,ons_npp,NPP-2024based-2026-04-28,sourced,
people.npp.pph.tfr,2064,UK,1.418642,children_per_woman,projection,ons_npp,NPP-2024based-2026-04-28,sourced,
people.npp.pph.tfr,2065,UK,1.418663,children_per_woman,projection,ons_npp,NPP-2024based-2026-04-28,sourced,
people.npp.pph.tfr,2066,UK,1.418688,children_per_woman,projection,ons_npp,NPP-2024based-2026-04-28,sourced,
people.npp.pph.tfr,2067,UK,1.4187,children_per_woman,projection,ons_npp,NPP-2024based-2026-04-28,sourced,
people.npp.pph.tfr,2068,UK,1.41873,children_per_woman,projection,ons_npp,NPP-2024based-2026-04-28,sourced,
people.npp.pph.tfr,2069,UK,1.418738,children_per_woman,projection,ons_npp,NPP-2024based-2026-04-28,sourced,
people.npp.pph.tfr,2070,UK,1.418753,children_per_woman,projection,ons_npp,NPP-2024based-2026-04-28,sourced,
people.npp.pph.tfr,2071,UK,1.418769,children_per_woman,projection,ons_npp,NPP-2024based-2026-04-28,sourced,
people.npp.pph.tfr,2072,UK,1.418804,children_per_woman,projection,ons_npp,NPP-2024based-2026-04-28,sourced,
people.npp.pph.tfr,2073,UK,1.418818,children_per_woman,projection,ons_npp,NPP-2024based-2026-04-28,sourced,
people.npp.pph.tfr,2074,UK,1.418846,children_per_woman,projection,ons_npp,NPP-2024based-2026-04-28,sourced,
people.npp.pph.tfr,2075,UK,1.418866,children_per_woman,projection,ons_npp,NPP-2024based-2026-04-28,sourced,
people.npp.pph.working_age,2024,UK,44296.4,persons_k,outturn,ons_npp,NPP-2024based-2026-04-28,sourced,"Base year of the 2024-based projections: ONS mid-2024 population estimate. ONS: Children under 16, working age, and pensionable age populations are based on State Pension Age (SPA) for a given year. Women's SPA increased to 65 between April 2016 and November 2018. From December 2018, the SPA for both sexes increased to 66 by October 2020 (Pensions Act 2011). Between 2026 and 2028, the SPA will increase from 66 to 67 years for both sexes (Pensions Act 2014), and will increase to 68 between 2044 and 2046 (Pensions Act 2007)."
people.npp.pph.working_age,2025,UK,44422.98,persons_k,projection,ons_npp,NPP-2024based-2026-04-28,sourced,
people.npp.pph.working_age,2026,UK,44710.392661,persons_k,projection,ons_npp,NPP-2024based-2026-04-28,sourced,
people.npp.pph.working_age,2027,UK,45428.751123,persons_k,projection,ons_npp,NPP-2024based-2026-04-28,sourced,
people.npp.pph.working_age,2028,UK,46030.189,persons_k,projection,ons_npp,NPP-2024based-2026-04-28,sourced,
people.npp.pph.working_age,2029,UK,46305.923,persons_k,projection,ons_npp,NPP-2024based-2026-04-28,sourced,
people.npp.pph.working_age,2030,UK,46549.94,persons_k,projection,ons_npp,NPP-2024based-2026-04-28,sourced,
people.npp.pph.working_age,2031,UK,46779.706,persons_k,projection,ons_npp,NPP-2024based-2026-04-28,sourced,
people.npp.pph.working_age,2032,UK,47012.242,persons_k,projection,ons_npp,NPP-2024based-2026-04-28,sourced,
people.npp.pph.working_age,2033,UK,47235.655,persons_k,projection,ons_npp,NPP-2024based-2026-04-28,sourced,
people.npp.pph.working_age,2034,UK,47445.479,persons_k,projection,ons_npp,NPP-2024based-2026-04-28,sourced,
people.npp.pph.working_age,2035,UK,47658.552,persons_k,projection,ons_npp,NPP-2024based-2026-04-28,sourced,
people.npp.pph.working_age,2036,UK,47862.232,persons_k,projection,ons_npp,NPP-2024based-2026-04-28,sourced,
people.npp.pph.working_age,2037,UK,48065.352,persons_k,projection,ons_npp,NPP-2024based-2026-04-28,sourced,
people.npp.pph.working_age,2038,UK,48258.923,persons_k,projection,ons_npp,NPP-2024based-2026-04-28,sourced,
people.npp.pph.working_age,2039,UK,48450.453,persons_k,projection,ons_npp,NPP-2024based-2026-04-28,sourced,
people.npp.pph.working_age,2040,UK,48659.023,persons_k,projection,ons_npp,NPP-2024based-2026-04-28,sourced,
people.npp.pph.working_age,2041,UK,48884.295,persons_k,projection,ons_npp,NPP-2024based-2026-04-28,sourced,
people.npp.pph.working_age,2042,UK,49122.389,persons_k,projection,ons_npp,NPP-2024based-2026-04-28,sourced,
people.npp.pph.working_age,2043,UK,49371.659,persons_k,projection,ons_npp,NPP-2024based-2026-04-28,sourced,
people.npp.pph.working_age,2044,UK,49747.305474,persons_k,projection,ons_npp,NPP-2024based-2026-04-28,sourced,
people.npp.pph.working_age,2045,UK,50368.785014,persons_k,projection,ons_npp,NPP-2024based-2026-04-28,sourced,
people.npp.pph.working_age,2046,UK,50879.887,persons_k,projection,ons_npp,NPP-2024based-2026-04-28,sourced,
people.npp.pph.working_age,2047,UK,51071.539,persons_k,projection,ons_npp,NPP-2024based-2026-04-28,sourced,
people.npp.pph.working_age,2048,UK,51229.307,persons_k,projection,ons_npp,NPP-2024based-2026-04-28,sourced,
people.npp.pph.working_age,2049,UK,51388.122,persons_k,projection,ons_npp,NPP-2024based-2026-04-28,sourced,
people.npp.pph.working_age,2050,UK,51554.033,persons_k,projection,ons_npp,NPP-2024based-2026-04-28,sourced,
people.npp.pph.working_age,2051,UK,51714.496,persons_k,projection,ons_npp,NPP-2024based-2026-04-28,sourced,
people.npp.pph.working_age,2052,UK,51875.987,persons_k,projection,ons_npp,NPP-2024based-2026-04-28,sourced,
people.npp.pph.working_age,2053,UK,52012.614,persons_k,projection,ons_npp,NPP-2024based-2026-04-28,sourced,
people.npp.pph.working_age,2054,UK,52146.099,persons_k,projection,ons_npp,NPP-2024based-2026-04-28,sourced,
people.npp.pph.working_age,2055,UK,52275.318,persons_k,projection,ons_npp,NPP-2024based-2026-04-28,sourced,
people.npp.pph.working_age,2056,UK,52385.97,persons_k,projection,ons_npp,NPP-2024based-2026-04-28,sourced,
people.npp.pph.working_age,2057,UK,52505.476,persons_k,projection,ons_npp,NPP-2024based-2026-04-28,sourced,
people.npp.pph.working_age,2058,UK,52616.949,persons_k,projection,ons_npp,NPP-2024based-2026-04-28,sourced,
people.npp.pph.working_age,2059,UK,52723.084,persons_k,projection,ons_npp,NPP-2024based-2026-04-28,sourced,
people.npp.pph.working_age,2060,UK,52835.632,persons_k,projection,ons_npp,NPP-2024based-2026-04-28,sourced,
people.npp.pph.working_age,2061,UK,52962.402,persons_k,projection,ons_npp,NPP-2024based-2026-04-28,sourced,
people.npp.pph.working_age,2062,UK,53080.294,persons_k,projection,ons_npp,NPP-2024based-2026-04-28,sourced,
people.npp.pph.working_age,2063,UK,53206.005,persons_k,projection,ons_npp,NPP-2024based-2026-04-28,sourced,
people.npp.pph.working_age,2064,UK,53327.844,persons_k,projection,ons_npp,NPP-2024based-2026-04-28,sourced,
people.npp.pph.working_age,2065,UK,53422.87,persons_k,projection,ons_npp,NPP-2024based-2026-04-28,sourced,
people.npp.pph.working_age,2066,UK,53519.725,persons_k,projection,ons_npp,NPP-2024based-2026-04-28,sourced,
people.npp.pph.working_age,2067,UK,53617.376,persons_k,projection,ons_npp,NPP-2024based-2026-04-28,sourced,
people.npp.pph.working_age,2068,UK,53737.203,persons_k,projection,ons_npp,NPP-2024based-2026-04-28,sourced,
people.npp.pph.working_age,2069,UK,53872.187,persons_k,projection,ons_npp,NPP-2024based-2026-04-28,sourced,
people.npp.pph.working_age,2070,UK,54000.327,persons_k,projection,ons_npp,NPP-2024based-2026-04-28,sourced,
people.npp.pph.working_age,2071,UK,54104.75,persons_k,projection,ons_npp,NPP-2024based-2026-04-28,sourced,
people.npp.pph.working_age,2072,UK,54177.623,persons_k,projection,ons_npp,NPP-2024based-2026-04-28,sourced,
people.npp.pph.working_age,2073,UK,54219.768,persons_k,projection,ons_npp,NPP-2024based-2026-04-28,sourced,
people.npp.pph.working_age,2074,UK,54242.493,persons_k,projection,ons_npp,NPP-2024based-2026-04-28,sourced,
people.npp.pph.working_age,2075,UK,54235.7,persons_k,projection,ons_npp,NPP-2024based-2026-04-28,sourced,
people.npp.ppl.births,2025,UK,651.892,persons_k,projection,ons_npp,NPP-2024based-2026-04-28,sourced,
people.npp.ppl.births,2026,UK,652.292,persons_k,projection,ons_npp,NPP-2024based-2026-04-28,sourced,
people.npp.ppl.births,2027,UK,645.398,persons_k,projection,ons_npp,NPP-2024based-2026-04-28,sourced,
people.npp.ppl.births,2028,UK,638.655,persons_k,projection,ons_npp,NPP-2024based-2026-04-28,sourced,
people.npp.ppl.births,2029,UK,631.825,persons_k,projection,ons_npp,NPP-2024based-2026-04-28,sourced,
people.npp.ppl.births,2030,UK,625.748,persons_k,projection,ons_npp,NPP-2024based-2026-04-28,sourced,
people.npp.ppl.births,2031,UK,620.507,persons_k,projection,ons_npp,NPP-2024based-2026-04-28,sourced,
people.npp.ppl.births,2032,UK,615.53,persons_k,projection,ons_npp,NPP-2024based-2026-04-28,sourced,
people.npp.ppl.births,2033,UK,610.953,persons_k,projection,ons_npp,NPP-2024based-2026-04-28,sourced,
people.npp.ppl.births,2034,UK,606.97,persons_k,projection,ons_npp,NPP-2024based-2026-04-28,sourced,
people.npp.ppl.births,2035,UK,603.878,persons_k,projection,ons_npp,NPP-2024based-2026-04-28,sourced,
people.npp.ppl.births,2036,UK,601.773,persons_k,projection,ons_npp,NPP-2024based-2026-04-28,sourced,
people.npp.ppl.births,2037,UK,600.457,persons_k,projection,ons_npp,NPP-2024based-2026-04-28,sourced,
people.npp.ppl.births,2038,UK,599.847,persons_k,projection,ons_npp,NPP-2024based-2026-04-28,sourced,
people.npp.ppl.births,2039,UK,599.75,persons_k,projection,ons_npp,NPP-2024based-2026-04-28,sourced,
people.npp.ppl.births,2040,UK,600.007,persons_k,projection,ons_npp,NPP-2024based-2026-04-28,sourced,
people.npp.ppl.births,2041,UK,600.391,persons_k,projection,ons_npp,NPP-2024based-2026-04-28,sourced,
people.npp.ppl.births,2042,UK,600.696,persons_k,projection,ons_npp,NPP-2024based-2026-04-28,sourced,
people.npp.ppl.births,2043,UK,600.728,persons_k,projection,ons_npp,NPP-2024based-2026-04-28,sourced,
people.npp.ppl.births,2044,UK,600.176,persons_k,projection,ons_npp,NPP-2024based-2026-04-28,sourced,
people.npp.ppl.births,2045,UK,598.575,persons_k,projection,ons_npp,NPP-2024based-2026-04-28,sourced,
people.npp.ppl.births,2046,UK,596.006,persons_k,projection,ons_npp,NPP-2024based-2026-04-28,sourced,
people.npp.ppl.births,2047,UK,592.858,persons_k,projection,ons_npp,NPP-2024based-2026-04-28,sourced,
people.npp.ppl.births,2048,UK,589.154,persons_k,projection,ons_npp,NPP-2024based-2026-04-28,sourced,
people.npp.ppl.births,2049,UK,584.778,persons_k,projection,ons_npp,NPP-2024based-2026-04-28,sourced,
people.npp.ppl.births,2050,UK,579.183,persons_k,projection,ons_npp,NPP-2024based-2026-04-28,sourced,
people.npp.ppl.births,2051,UK,572.456,persons_k,projection,ons_npp,NPP-2024based-2026-04-28,sourced,
people.npp.ppl.births,2052,UK,565.255,persons_k,projection,ons_npp,NPP-2024based-2026-04-28,sourced,
people.npp.ppl.births,2053,UK,557.593,persons_k,projection,ons_npp,NPP-2024based-2026-04-28,sourced,
people.npp.ppl.births,2054,UK,549.495,persons_k,projection,ons_npp,NPP-2024based-2026-04-28,sourced,
people.npp.ppl.births,2055,UK,541.259,persons_k,projection,ons_npp,NPP-2024based-2026-04-28,sourced,
people.npp.ppl.births,2056,UK,533.233,persons_k,projection,ons_npp,NPP-2024based-2026-04-28,sourced,
people.npp.ppl.births,2057,UK,525.649,persons_k,projection,ons_npp,NPP-2024based-2026-04-28,sourced,
people.npp.ppl.births,2058,UK,518.403,persons_k,projection,ons_npp,NPP-2024based-2026-04-28,sourced,
people.npp.ppl.births,2059,UK,511.544,persons_k,projection,ons_npp,NPP-2024based-2026-04-28,sourced,
people.npp.ppl.births,2060,UK,505.248,persons_k,projection,ons_npp,NPP-2024based-2026-04-28,sourced,
people.npp.ppl.births,2061,UK,499.55,persons_k,projection,ons_npp,NPP-2024based-2026-04-28,sourced,
people.npp.ppl.births,2062,UK,494.543,persons_k,projection,ons_npp,NPP-2024based-2026-04-28,sourced,
people.npp.ppl.births,2063,UK,490.02,persons_k,projection,ons_npp,NPP-2024based-2026-04-28,sourced,
people.npp.ppl.births,2064,UK,485.851,persons_k,projection,ons_npp,NPP-2024based-2026-04-28,sourced,
people.npp.ppl.births,2065,UK,482.207,persons_k,projection,ons_npp,NPP-2024based-2026-04-28,sourced,
people.npp.ppl.births,2066,UK,479.081,persons_k,projection,ons_npp,NPP-2024based-2026-04-28,sourced,
people.npp.ppl.births,2067,UK,476.434,persons_k,projection,ons_npp,NPP-2024based-2026-04-28,sourced,
people.npp.ppl.births,2068,UK,474.197,persons_k,projection,ons_npp,NPP-2024based-2026-04-28,sourced,
people.npp.ppl.births,2069,UK,472.246,persons_k,projection,ons_npp,NPP-2024based-2026-04-28,sourced,
people.npp.ppl.births,2070,UK,470.486,persons_k,projection,ons_npp,NPP-2024based-2026-04-28,sourced,
people.npp.ppl.births,2071,UK,468.946,persons_k,projection,ons_npp,NPP-2024based-2026-04-28,sourced,
people.npp.ppl.births,2072,UK,467.541,persons_k,projection,ons_npp,NPP-2024based-2026-04-28,sourced,
people.npp.ppl.births,2073,UK,466.191,persons_k,projection,ons_npp,NPP-2024based-2026-04-28,sourced,
people.npp.ppl.births,2074,UK,464.817,persons_k,projection,ons_npp,NPP-2024based-2026-04-28,sourced,
people.npp.ppl.births,2075,UK,463.372,persons_k,projection,ons_npp,NPP-2024based-2026-04-28,sourced,
people.npp.ppl.deaths,2025,UK,634.987,persons_k,projection,ons_npp,NPP-2024based-2026-04-28,sourced,
people.npp.ppl.deaths,2026,UK,665.729,persons_k,projection,ons_npp,NPP-2024based-2026-04-28,sourced,
people.npp.ppl.deaths,2027,UK,669.504,persons_k,projection,ons_npp,NPP-2024based-2026-04-28,sourced,
people.npp.ppl.deaths,2028,UK,674.544,persons_k,projection,ons_npp,NPP-2024based-2026-04-28,sourced,
people.npp.ppl.deaths,2029,UK,680.558,persons_k,projection,ons_npp,NPP-2024based-2026-04-28,sourced,
people.npp.ppl.deaths,2030,UK,687.377,persons_k,projection,ons_npp,NPP-2024based-2026-04-28,sourced,
people.npp.ppl.deaths,2031,UK,694.799,persons_k,projection,ons_npp,NPP-2024based-2026-04-28,sourced,
people.npp.ppl.deaths,2032,UK,702.661,persons_k,projection,ons_npp,NPP-2024based-2026-04-28,sourced,
people.npp.ppl.deaths,2033,UK,710.828,persons_k,projection,ons_npp,NPP-2024based-2026-04-28,sourced,
people.npp.ppl.deaths,2034,UK,719.137,persons_k,projection,ons_npp,NPP-2024based-2026-04-28,sourced,
people.npp.ppl.deaths,2035,UK,727.44,persons_k,projection,ons_npp,NPP-2024based-2026-04-28,sourced,
people.npp.ppl.deaths,2036,UK,735.646,persons_k,projection,ons_npp,NPP-2024based-2026-04-28,sourced,
people.npp.ppl.deaths,2037,UK,743.611,persons_k,projection,ons_npp,NPP-2024based-2026-04-28,sourced,
people.npp.ppl.deaths,2038,UK,751.293,persons_k,projection,ons_npp,NPP-2024based-2026-04-28,sourced,
people.npp.ppl.deaths,2039,UK,758.506,persons_k,projection,ons_npp,NPP-2024based-2026-04-28,sourced,
people.npp.ppl.deaths,2040,UK,765.212,persons_k,projection,ons_npp,NPP-2024based-2026-04-28,sourced,
people.npp.ppl.deaths,2041,UK,771.362,persons_k,projection,ons_npp,NPP-2024based-2026-04-28,sourced,
people.npp.ppl.deaths,2042,UK,777.002,persons_k,projection,ons_npp,NPP-2024based-2026-04-28,sourced,
people.npp.ppl.deaths,2043,UK,782.172,persons_k,projection,ons_npp,NPP-2024based-2026-04-28,sourced,
people.npp.ppl.deaths,2044,UK,786.976,persons_k,projection,ons_npp,NPP-2024based-2026-04-28,sourced,
people.npp.ppl.deaths,2045,UK,791.488,persons_k,projection,ons_npp,NPP-2024based-2026-04-28,sourced,
people.npp.ppl.deaths,2046,UK,795.851,persons_k,projection,ons_npp,NPP-2024based-2026-04-28,sourced,
people.npp.ppl.deaths,2047,UK,800.159,persons_k,projection,ons_npp,NPP-2024based-2026-04-28,sourced,
people.npp.ppl.deaths,2048,UK,804.552,persons_k,projection,ons_npp,NPP-2024based-2026-04-28,sourced,
people.npp.ppl.deaths,2049,UK,809.046,persons_k,projection,ons_npp,NPP-2024based-2026-04-28,sourced,
people.npp.ppl.deaths,2050,UK,813.621,persons_k,projection,ons_npp,NPP-2024based-2026-04-28,sourced,
people.npp.ppl.deaths,2051,UK,818.208,persons_k,projection,ons_npp,NPP-2024based-2026-04-28,sourced,
people.npp.ppl.deaths,2052,UK,822.738,persons_k,projection,ons_npp,NPP-2024based-2026-04-28,sourced,
people.npp.ppl.deaths,2053,UK,827.107,persons_k,projection,ons_npp,NPP-2024based-2026-04-28,sourced,
people.npp.ppl.deaths,2054,UK,831.148,persons_k,projection,ons_npp,NPP-2024based-2026-04-28,sourced,
people.npp.ppl.deaths,2055,UK,834.739,persons_k,projection,ons_npp,NPP-2024based-2026-04-28,sourced,
people.npp.ppl.deaths,2056,UK,837.772,persons_k,projection,ons_npp,NPP-2024based-2026-04-28,sourced,
people.npp.ppl.deaths,2057,UK,840.165,persons_k,projection,ons_npp,NPP-2024based-2026-04-28,sourced,
people.npp.ppl.deaths,2058,UK,841.826,persons_k,projection,ons_npp,NPP-2024based-2026-04-28,sourced,
people.npp.ppl.deaths,2059,UK,842.783,persons_k,projection,ons_npp,NPP-2024based-2026-04-28,sourced,
people.npp.ppl.deaths,2060,UK,843.065,persons_k,projection,ons_npp,NPP-2024based-2026-04-28,sourced,
people.npp.ppl.deaths,2061,UK,842.699,persons_k,projection,ons_npp,NPP-2024based-2026-04-28,sourced,
people.npp.ppl.deaths,2062,UK,841.83,persons_k,projection,ons_npp,NPP-2024based-2026-04-28,sourced,
people.npp.ppl.deaths,2063,UK,840.571,persons_k,projection,ons_npp,NPP-2024based-2026-04-28,sourced,
people.npp.ppl.deaths,2064,UK,839.068,persons_k,projection,ons_npp,NPP-2024based-2026-04-28,sourced,
people.npp.ppl.deaths,2065,UK,837.471,persons_k,projection,ons_npp,NPP-2024based-2026-04-28,sourced,
people.npp.ppl.deaths,2066,UK,835.868,persons_k,projection,ons_npp,NPP-2024based-2026-04-28,sourced,
people.npp.ppl.deaths,2067,UK,834.479,persons_k,projection,ons_npp,NPP-2024based-2026-04-28,sourced,
people.npp.ppl.deaths,2068,UK,833.418,persons_k,projection,ons_npp,NPP-2024based-2026-04-28,sourced,
people.npp.ppl.deaths,2069,UK,832.783,persons_k,projection,ons_npp,NPP-2024based-2026-04-28,sourced,
people.npp.ppl.deaths,2070,UK,832.717,persons_k,projection,ons_npp,NPP-2024based-2026-04-28,sourced,
people.npp.ppl.deaths,2071,UK,833.296,persons_k,projection,ons_npp,NPP-2024based-2026-04-28,sourced,
people.npp.ppl.deaths,2072,UK,834.545,persons_k,projection,ons_npp,NPP-2024based-2026-04-28,sourced,
people.npp.ppl.deaths,2073,UK,836.37,persons_k,projection,ons_npp,NPP-2024based-2026-04-28,sourced,
people.npp.ppl.deaths,2074,UK,838.693,persons_k,projection,ons_npp,NPP-2024based-2026-04-28,sourced,
people.npp.ppl.deaths,2075,UK,841.42,persons_k,projection,ons_npp,NPP-2024based-2026-04-28,sourced,
people.npp.ppl.life_expectancy_female,2025,UK,83.631761,years,projection,ons_npp,NPP-2024based-2026-04-28,sourced,
people.npp.ppl.life_expectancy_female,2026,UK,83.482305,years,projection,ons_npp,NPP-2024based-2026-04-28,sourced,
people.npp.ppl.life_expectancy_female,2027,UK,83.612912,years,projection,ons_npp,NPP-2024based-2026-04-28,sourced,
people.npp.ppl.life_expectancy_female,2028,UK,83.737372,years,projection,ons_npp,NPP-2024based-2026-04-28,sourced,
people.npp.ppl.life_expectancy_female,2029,UK,83.859098,years,projection,ons_npp,NPP-2024based-2026-04-28,sourced,
people.npp.ppl.life_expectancy_female,2030,UK,83.976475,years,projection,ons_npp,NPP-2024based-2026-04-28,sourced,
people.npp.ppl.life_expectancy_female,2031,UK,84.091434,years,projection,ons_npp,NPP-2024based-2026-04-28,sourced,
people.npp.ppl.life_expectancy_female,2032,UK,84.204315,years,projection,ons_npp,NPP-2024based-2026-04-28,sourced,
people.npp.ppl.life_expectancy_female,2033,UK,84.313184,years,projection,ons_npp,NPP-2024based-2026-04-28,sourced,
people.npp.ppl.life_expectancy_female,2034,UK,84.421008,years,projection,ons_npp,NPP-2024based-2026-04-28,sourced,
people.npp.ppl.life_expectancy_female,2035,UK,84.527254,years,projection,ons_npp,NPP-2024based-2026-04-28,sourced,
people.npp.ppl.life_expectancy_female,2036,UK,84.63095,years,projection,ons_npp,NPP-2024based-2026-04-28,sourced,
people.npp.ppl.life_expectancy_female,2037,UK,84.73387,years,projection,ons_npp,NPP-2024based-2026-04-28,sourced,
people.npp.ppl.life_expectancy_female,2038,UK,84.833675,years,projection,ons_npp,NPP-2024based-2026-04-28,sourced,
people.npp.ppl.life_expectancy_female,2039,UK,84.936377,years,projection,ons_npp,NPP-2024based-2026-04-28,sourced,
people.npp.ppl.life_expectancy_female,2040,UK,85.034888,years,projection,ons_npp,NPP-2024based-2026-04-28,sourced,
people.npp.ppl.life_expectancy_female,2041,UK,85.133745,years,projection,ons_npp,NPP-2024based-2026-04-28,sourced,
people.npp.ppl.life_expectancy_female,2042,UK,85.230683,years,projection,ons_npp,NPP-2024based-2026-04-28,sourced,
people.npp.ppl.life_expectancy_female,2043,UK,85.330954,years,projection,ons_npp,NPP-2024based-2026-04-28,sourced,
people.npp.ppl.life_expectancy_female,2044,UK,85.427092,years,projection,ons_npp,NPP-2024based-2026-04-28,sourced,
people.npp.ppl.life_expectancy_female,2045,UK,85.524466,years,projection,ons_npp,NPP-2024based-2026-04-28,sourced,
people.npp.ppl.life_expectancy_female,2046,UK,85.621857,years,projection,ons_npp,NPP-2024based-2026-04-28,sourced,
people.npp.ppl.life_expectancy_female,2047,UK,85.717935,years,projection,ons_npp,NPP-2024based-2026-04-28,sourced,
people.npp.ppl.life_expectancy_female,2048,UK,85.81401,years,projection,ons_npp,NPP-2024based-2026-04-28,sourced,
people.npp.ppl.life_expectancy_female,2049,UK,85.910912,years,projection,ons_npp,NPP-2024based-2026-04-28,sourced,
people.npp.ppl.life_expectancy_female,2050,UK,86.006141,years,projection,ons_npp,NPP-2024based-2026-04-28,sourced,
people.npp.ppl.life_expectancy_female,2051,UK,86.102519,years,projection,ons_npp,NPP-2024based-2026-04-28,sourced,
people.npp.ppl.life_expectancy_female,2052,UK,86.198117,years,projection,ons_npp,NPP-2024based-2026-04-28,sourced,
people.npp.ppl.life_expectancy_female,2053,UK,86.292055,years,projection,ons_npp,NPP-2024based-2026-04-28,sourced,
people.npp.ppl.life_expectancy_female,2054,UK,86.387259,years,projection,ons_npp,NPP-2024based-2026-04-28,sourced,
people.npp.ppl.life_expectancy_female,2055,UK,86.481534,years,projection,ons_npp,NPP-2024based-2026-04-28,sourced,
people.npp.ppl.life_expectancy_female,2056,UK,86.577503,years,projection,ons_npp,NPP-2024based-2026-04-28,sourced,
people.npp.ppl.life_expectancy_female,2057,UK,86.669895,years,projection,ons_npp,NPP-2024based-2026-04-28,sourced,
people.npp.ppl.life_expectancy_female,2058,UK,86.765316,years,projection,ons_npp,NPP-2024based-2026-04-28,sourced,
people.npp.ppl.life_expectancy_female,2059,UK,86.858325,years,projection,ons_npp,NPP-2024based-2026-04-28,sourced,
people.npp.ppl.life_expectancy_female,2060,UK,86.949689,years,projection,ons_npp,NPP-2024based-2026-04-28,sourced,
people.npp.ppl.life_expectancy_female,2061,UK,87.043516,years,projection,ons_npp,NPP-2024based-2026-04-28,sourced,
people.npp.ppl.life_expectancy_female,2062,UK,87.13726,years,projection,ons_npp,NPP-2024based-2026-04-28,sourced,
people.npp.ppl.life_expectancy_female,2063,UK,87.229356,years,projection,ons_npp,NPP-2024based-2026-04-28,sourced,
people.npp.ppl.life_expectancy_female,2064,UK,87.322139,years,projection,ons_npp,NPP-2024based-2026-04-28,sourced,
people.npp.ppl.life_expectancy_female,2065,UK,87.411949,years,projection,ons_npp,NPP-2024based-2026-04-28,sourced,
people.npp.ppl.life_expectancy_female,2066,UK,87.5031,years,projection,ons_npp,NPP-2024based-2026-04-28,sourced,
people.npp.ppl.life_expectancy_female,2067,UK,87.59606,years,projection,ons_npp,NPP-2024based-2026-04-28,sourced,
people.npp.ppl.life_expectancy_female,2068,UK,87.685744,years,projection,ons_npp,NPP-2024based-2026-04-28,sourced,
people.npp.ppl.life_expectancy_female,2069,UK,87.776022,years,projection,ons_npp,NPP-2024based-2026-04-28,sourced,
people.npp.ppl.life_expectancy_female,2070,UK,87.865742,years,projection,ons_npp,NPP-2024based-2026-04-28,sourced,
people.npp.ppl.life_expectancy_female,2071,UK,87.957148,years,projection,ons_npp,NPP-2024based-2026-04-28,sourced,
people.npp.ppl.life_expectancy_female,2072,UK,88.045401,years,projection,ons_npp,NPP-2024based-2026-04-28,sourced,
people.npp.ppl.life_expectancy_female,2073,UK,88.134268,years,projection,ons_npp,NPP-2024based-2026-04-28,sourced,
people.npp.ppl.life_expectancy_female,2074,UK,88.224413,years,projection,ons_npp,NPP-2024based-2026-04-28,sourced,
people.npp.ppl.life_expectancy_female,2075,UK,88.312901,years,projection,ons_npp,NPP-2024based-2026-04-28,sourced,
people.npp.ppl.life_expectancy_male,2025,UK,79.85393,years,projection,ons_npp,NPP-2024based-2026-04-28,sourced,
people.npp.ppl.life_expectancy_male,2026,UK,79.644134,years,projection,ons_npp,NPP-2024based-2026-04-28,sourced,
people.npp.ppl.life_expectancy_male,2027,UK,79.785119,years,projection,ons_npp,NPP-2024based-2026-04-28,sourced,
people.npp.ppl.life_expectancy_male,2028,UK,79.921942,years,projection,ons_npp,NPP-2024based-2026-04-28,sourced,
people.npp.ppl.life_expectancy_male,2029,UK,80.053794,years,projection,ons_npp,NPP-2024based-2026-04-28,sourced,
people.npp.ppl.life_expectancy_male,2030,UK,80.183663,years,projection,ons_npp,NPP-2024based-2026-04-28,sourced,
people.npp.ppl.life_expectancy_male,2031,UK,80.31015,years,projection,ons_npp,NPP-2024based-2026-04-28,sourced,
people.npp.ppl.life_expectancy_male,2032,UK,80.434561,years,projection,ons_npp,NPP-2024based-2026-04-28,sourced,
people.npp.ppl.life_expectancy_male,2033,UK,80.556662,years,projection,ons_npp,NPP-2024based-2026-04-28,sourced,
people.npp.ppl.life_expectancy_male,2034,UK,80.676577,years,projection,ons_npp,NPP-2024based-2026-04-28,sourced,
people.npp.ppl.life_expectancy_male,2035,UK,80.794734,years,projection,ons_npp,NPP-2024based-2026-04-28,sourced,
people.npp.ppl.life_expectancy_male,2036,UK,80.910916,years,projection,ons_npp,NPP-2024based-2026-04-28,sourced,
people.npp.ppl.life_expectancy_male,2037,UK,81.027311,years,projection,ons_npp,NPP-2024based-2026-04-28,sourced,
people.npp.ppl.life_expectancy_male,2038,UK,81.140806,years,projection,ons_npp,NPP-2024based-2026-04-28,sourced,
people.npp.ppl.life_expectancy_male,2039,UK,81.255673,years,projection,ons_npp,NPP-2024based-2026-04-28,sourced,
people.npp.ppl.life_expectancy_male,2040,UK,81.36801,years,projection,ons_npp,NPP-2024based-2026-04-28,sourced,
people.npp.ppl.life_expectancy_male,2041,UK,81.480814,years,projection,ons_npp,NPP-2024based-2026-04-28,sourced,
people.npp.ppl.life_expectancy_male,2042,UK,81.59287,years,projection,ons_npp,NPP-2024based-2026-04-28,sourced,
people.npp.ppl.life_expectancy_male,2043,UK,81.701843,years,projection,ons_npp,NPP-2024based-2026-04-28,sourced,
people.npp.ppl.life_expectancy_male,2044,UK,81.812269,years,projection,ons_npp,NPP-2024based-2026-04-28,sourced,
people.npp.ppl.life_expectancy_male,2045,UK,81.923213,years,projection,ons_npp,NPP-2024based-2026-04-28,sourced,
people.npp.ppl.life_expectancy_male,2046,UK,82.032733,years,projection,ons_npp,NPP-2024based-2026-04-28,sourced,
people.npp.ppl.life_expectancy_male,2047,UK,82.142102,years,projection,ons_npp,NPP-2024based-2026-04-28,sourced,
people.npp.ppl.life_expectancy_male,2048,UK,82.249857,years,projection,ons_npp,NPP-2024based-2026-04-28,sourced,
people.npp.ppl.life_expectancy_male,2049,UK,82.357365,years,projection,ons_npp,NPP-2024based-2026-04-28,sourced,
people.npp.ppl.life_expectancy_male,2050,UK,82.465763,years,projection,ons_npp,NPP-2024based-2026-04-28,sourced,
people.npp.ppl.life_expectancy_male,2051,UK,82.572912,years,projection,ons_npp,NPP-2024based-2026-04-28,sourced,
people.npp.ppl.life_expectancy_male,2052,UK,82.679887,years,projection,ons_npp,NPP-2024based-2026-04-28,sourced,
people.npp.ppl.life_expectancy_male,2053,UK,82.786456,years,projection,ons_npp,NPP-2024based-2026-04-28,sourced,
people.npp.ppl.life_expectancy_male,2054,UK,82.892525,years,projection,ons_npp,NPP-2024based-2026-04-28,sourced,
people.npp.ppl.life_expectancy_male,2055,UK,82.999419,years,projection,ons_npp,NPP-2024based-2026-04-28,sourced,
people.npp.ppl.life_expectancy_male,2056,UK,83.105745,years,projection,ons_npp,NPP-2024based-2026-04-28,sourced,
people.npp.ppl.life_expectancy_male,2057,UK,83.212392,years,projection,ons_npp,NPP-2024based-2026-04-28,sourced,
people.npp.ppl.life_expectancy_male,2058,UK,83.318011,years,projection,ons_npp,NPP-2024based-2026-04-28,sourced,
people.npp.ppl.life_expectancy_male,2059,UK,83.423237,years,projection,ons_npp,NPP-2024based-2026-04-28,sourced,
people.npp.ppl.life_expectancy_male,2060,UK,83.527002,years,projection,ons_npp,NPP-2024based-2026-04-28,sourced,
people.npp.ppl.life_expectancy_male,2061,UK,83.632698,years,projection,ons_npp,NPP-2024based-2026-04-28,sourced,
people.npp.ppl.life_expectancy_male,2062,UK,83.737687,years,projection,ons_npp,NPP-2024based-2026-04-28,sourced,
people.npp.ppl.life_expectancy_male,2063,UK,83.841436,years,projection,ons_npp,NPP-2024based-2026-04-28,sourced,
people.npp.ppl.life_expectancy_male,2064,UK,83.945781,years,projection,ons_npp,NPP-2024based-2026-04-28,sourced,
people.npp.ppl.life_expectancy_male,2065,UK,84.048696,years,projection,ons_npp,NPP-2024based-2026-04-28,sourced,
people.npp.ppl.life_expectancy_male,2066,UK,84.153224,years,projection,ons_npp,NPP-2024based-2026-04-28,sourced,
people.npp.ppl.life_expectancy_male,2067,UK,84.256,years,projection,ons_npp,NPP-2024based-2026-04-28,sourced,
people.npp.ppl.life_expectancy_male,2068,UK,84.358892,years,projection,ons_npp,NPP-2024based-2026-04-28,sourced,
people.npp.ppl.life_expectancy_male,2069,UK,84.460887,years,projection,ons_npp,NPP-2024based-2026-04-28,sourced,
people.npp.ppl.life_expectancy_male,2070,UK,84.564302,years,projection,ons_npp,NPP-2024based-2026-04-28,sourced,
people.npp.ppl.life_expectancy_male,2071,UK,84.666283,years,projection,ons_npp,NPP-2024based-2026-04-28,sourced,
people.npp.ppl.life_expectancy_male,2072,UK,84.768248,years,projection,ons_npp,NPP-2024based-2026-04-28,sourced,
people.npp.ppl.life_expectancy_male,2073,UK,84.870538,years,projection,ons_npp,NPP-2024based-2026-04-28,sourced,
people.npp.ppl.life_expectancy_male,2074,UK,84.972023,years,projection,ons_npp,NPP-2024based-2026-04-28,sourced,
people.npp.ppl.life_expectancy_male,2075,UK,85.073918,years,projection,ons_npp,NPP-2024based-2026-04-28,sourced,
people.npp.ppl.net_migration,2025,UK,204.0,persons_k,projection,ons_npp,NPP-2024based-2026-04-28,sourced,
people.npp.ppl.net_migration,2026,UK,63.0,persons_k,projection,ons_npp,NPP-2024based-2026-04-28,sourced,
people.npp.ppl.net_migration,2027,UK,105.0,persons_k,projection,ons_npp,NPP-2024based-2026-04-28,sourced,
people.npp.ppl.net_migration,2028,UK,105.0,persons_k,projection,ons_npp,NPP-2024based-2026-04-28,sourced,
people.npp.ppl.net_migration,2029,UK,105.0,persons_k,projection,ons_npp,NPP-2024based-2026-04-28,sourced,
people.npp.ppl.net_migration,2030,UK,105.0,persons_k,projection,ons_npp,NPP-2024based-2026-04-28,sourced,
people.npp.ppl.net_migration,2031,UK,105.0,persons_k,projection,ons_npp,NPP-2024based-2026-04-28,sourced,
people.npp.ppl.net_migration,2032,UK,105.0,persons_k,projection,ons_npp,NPP-2024based-2026-04-28,sourced,
people.npp.ppl.net_migration,2033,UK,105.0,persons_k,projection,ons_npp,NPP-2024based-2026-04-28,sourced,
people.npp.ppl.net_migration,2034,UK,105.0,persons_k,projection,ons_npp,NPP-2024based-2026-04-28,sourced,
people.npp.ppl.net_migration,2035,UK,105.0,persons_k,projection,ons_npp,NPP-2024based-2026-04-28,sourced,
people.npp.ppl.net_migration,2036,UK,105.0,persons_k,projection,ons_npp,NPP-2024based-2026-04-28,sourced,
people.npp.ppl.net_migration,2037,UK,105.0,persons_k,projection,ons_npp,NPP-2024based-2026-04-28,sourced,
people.npp.ppl.net_migration,2038,UK,105.0,persons_k,projection,ons_npp,NPP-2024based-2026-04-28,sourced,
people.npp.ppl.net_migration,2039,UK,105.0,persons_k,projection,ons_npp,NPP-2024based-2026-04-28,sourced,
people.npp.ppl.net_migration,2040,UK,105.0,persons_k,projection,ons_npp,NPP-2024based-2026-04-28,sourced,
people.npp.ppl.net_migration,2041,UK,105.0,persons_k,projection,ons_npp,NPP-2024based-2026-04-28,sourced,
people.npp.ppl.net_migration,2042,UK,105.0,persons_k,projection,ons_npp,NPP-2024based-2026-04-28,sourced,
people.npp.ppl.net_migration,2043,UK,105.0,persons_k,projection,ons_npp,NPP-2024based-2026-04-28,sourced,
people.npp.ppl.net_migration,2044,UK,105.0,persons_k,projection,ons_npp,NPP-2024based-2026-04-28,sourced,
people.npp.ppl.net_migration,2045,UK,105.0,persons_k,projection,ons_npp,NPP-2024based-2026-04-28,sourced,
people.npp.ppl.net_migration,2046,UK,105.0,persons_k,projection,ons_npp,NPP-2024based-2026-04-28,sourced,
people.npp.ppl.net_migration,2047,UK,105.0,persons_k,projection,ons_npp,NPP-2024based-2026-04-28,sourced,
people.npp.ppl.net_migration,2048,UK,105.0,persons_k,projection,ons_npp,NPP-2024based-2026-04-28,sourced,
people.npp.ppl.net_migration,2049,UK,105.0,persons_k,projection,ons_npp,NPP-2024based-2026-04-28,sourced,
people.npp.ppl.net_migration,2050,UK,105.0,persons_k,projection,ons_npp,NPP-2024based-2026-04-28,sourced,
people.npp.ppl.net_migration,2051,UK,105.0,persons_k,projection,ons_npp,NPP-2024based-2026-04-28,sourced,
people.npp.ppl.net_migration,2052,UK,105.0,persons_k,projection,ons_npp,NPP-2024based-2026-04-28,sourced,
people.npp.ppl.net_migration,2053,UK,105.0,persons_k,projection,ons_npp,NPP-2024based-2026-04-28,sourced,
people.npp.ppl.net_migration,2054,UK,105.0,persons_k,projection,ons_npp,NPP-2024based-2026-04-28,sourced,
people.npp.ppl.net_migration,2055,UK,105.0,persons_k,projection,ons_npp,NPP-2024based-2026-04-28,sourced,
people.npp.ppl.net_migration,2056,UK,105.0,persons_k,projection,ons_npp,NPP-2024based-2026-04-28,sourced,
people.npp.ppl.net_migration,2057,UK,105.0,persons_k,projection,ons_npp,NPP-2024based-2026-04-28,sourced,
people.npp.ppl.net_migration,2058,UK,105.0,persons_k,projection,ons_npp,NPP-2024based-2026-04-28,sourced,
people.npp.ppl.net_migration,2059,UK,105.0,persons_k,projection,ons_npp,NPP-2024based-2026-04-28,sourced,
people.npp.ppl.net_migration,2060,UK,105.0,persons_k,projection,ons_npp,NPP-2024based-2026-04-28,sourced,
people.npp.ppl.net_migration,2061,UK,105.0,persons_k,projection,ons_npp,NPP-2024based-2026-04-28,sourced,
people.npp.ppl.net_migration,2062,UK,105.0,persons_k,projection,ons_npp,NPP-2024based-2026-04-28,sourced,
people.npp.ppl.net_migration,2063,UK,105.0,persons_k,projection,ons_npp,NPP-2024based-2026-04-28,sourced,
people.npp.ppl.net_migration,2064,UK,105.0,persons_k,projection,ons_npp,NPP-2024based-2026-04-28,sourced,
people.npp.ppl.net_migration,2065,UK,105.0,persons_k,projection,ons_npp,NPP-2024based-2026-04-28,sourced,
people.npp.ppl.net_migration,2066,UK,105.0,persons_k,projection,ons_npp,NPP-2024based-2026-04-28,sourced,
people.npp.ppl.net_migration,2067,UK,105.0,persons_k,projection,ons_npp,NPP-2024based-2026-04-28,sourced,
people.npp.ppl.net_migration,2068,UK,105.0,persons_k,projection,ons_npp,NPP-2024based-2026-04-28,sourced,
people.npp.ppl.net_migration,2069,UK,105.0,persons_k,projection,ons_npp,NPP-2024based-2026-04-28,sourced,
people.npp.ppl.net_migration,2070,UK,105.0,persons_k,projection,ons_npp,NPP-2024based-2026-04-28,sourced,
people.npp.ppl.net_migration,2071,UK,105.0,persons_k,projection,ons_npp,NPP-2024based-2026-04-28,sourced,
people.npp.ppl.net_migration,2072,UK,105.0,persons_k,projection,ons_npp,NPP-2024based-2026-04-28,sourced,
people.npp.ppl.net_migration,2073,UK,105.0,persons_k,projection,ons_npp,NPP-2024based-2026-04-28,sourced,
people.npp.ppl.net_migration,2074,UK,105.0,persons_k,projection,ons_npp,NPP-2024based-2026-04-28,sourced,
people.npp.ppl.net_migration,2075,UK,105.0,persons_k,projection,ons_npp,NPP-2024based-2026-04-28,sourced,
people.npp.ppl.oadr,2024,UK,279.682164,per_1000,outturn,ons_npp,NPP-2024based-2026-04-28,sourced,"Base year of the 2024-based projections: ONS mid-2024 population estimate. ONS: Children under 16, working age, and pensionable age populations are based on State Pension Age (SPA) for a given year. Women's SPA increased to 65 between April 2016 and November 2018. From December 2018, the SPA for both sexes increased to 66 by October 2020 (Pensions Act 2011). Between 2026 and 2028, the SPA will increase from 66 to 67 years for both sexes (Pensions Act 2014), and will increase to 68 between 2044 and 2046 (Pensions Act 2007)."
people.npp.ppl.oadr,2025,UK,284.391299,per_1000,projection,ons_npp,NPP-2024based-2026-04-28,sourced,
people.npp.ppl.oadr,2026,UK,286.067932,per_1000,projection,ons_npp,NPP-2024based-2026-04-28,sourced,
people.npp.ppl.oadr,2027,UK,279.94667,per_1000,projection,ons_npp,NPP-2024based-2026-04-28,sourced,
people.npp.ppl.oadr,2028,UK,277.229951,per_1000,projection,ons_npp,NPP-2024based-2026-04-28,sourced,
people.npp.ppl.oadr,2029,UK,283.220216,per_1000,projection,ons_npp,NPP-2024based-2026-04-28,sourced,
people.npp.ppl.oadr,2030,UK,289.638085,per_1000,projection,ons_npp,NPP-2024based-2026-04-28,sourced,
people.npp.ppl.oadr,2031,UK,296.333,per_1000,projection,ons_npp,NPP-2024based-2026-04-28,sourced,
people.npp.ppl.oadr,2032,UK,303.008122,per_1000,projection,ons_npp,NPP-2024based-2026-04-28,sourced,
people.npp.ppl.oadr,2033,UK,309.388278,per_1000,projection,ons_npp,NPP-2024based-2026-04-28,sourced,
people.npp.ppl.oadr,2034,UK,315.692206,per_1000,projection,ons_npp,NPP-2024based-2026-04-28,sourced,
people.npp.ppl.oadr,2035,UK,321.622109,per_1000,projection,ons_npp,NPP-2024based-2026-04-28,sourced,
people.npp.ppl.oadr,2036,UK,327.423187,per_1000,projection,ons_npp,NPP-2024based-2026-04-28,sourced,
people.npp.ppl.oadr,2037,UK,332.57202,per_1000,projection,ons_npp,NPP-2024based-2026-04-28,sourced,
people.npp.ppl.oadr,2038,UK,338.053909,per_1000,projection,ons_npp,NPP-2024based-2026-04-28,sourced,
people.npp.ppl.oadr,2039,UK,342.678447,per_1000,projection,ons_npp,NPP-2024based-2026-04-28,sourced,
people.npp.ppl.oadr,2040,UK,346.369339,per_1000,projection,ons_npp,NPP-2024based-2026-04-28,sourced,
people.npp.ppl.oadr,2041,UK,349.149874,per_1000,projection,ons_npp,NPP-2024based-2026-04-28,sourced,
people.npp.ppl.oadr,2042,UK,351.508995,per_1000,projection,ons_npp,NPP-2024based-2026-04-28,sourced,
people.npp.ppl.oadr,2043,UK,353.386787,per_1000,projection,ons_npp,NPP-2024based-2026-04-28,sourced,
people.npp.ppl.oadr,2044,UK,351.339871,per_1000,projection,ons_npp,NPP-2024based-2026-04-28,sourced,
people.npp.ppl.oadr,2045,UK,341.881822,per_1000,projection,ons_npp,NPP-2024based-2026-04-28,sourced,
people.npp.ppl.oadr,2046,UK,335.745466,per_1000,projection,ons_npp,NPP-2024based-2026-04-28,sourced,
people.npp.ppl.oadr,2047,UK,339.0216,per_1000,projection,ons_npp,NPP-2024based-2026-04-28,sourced,
people.npp.ppl.oadr,2048,UK,343.298037,per_1000,projection,ons_npp,NPP-2024based-2026-04-28,sourced,
people.npp.ppl.oadr,2049,UK,347.526,per_1000,projection,ons_npp,NPP-2024based-2026-04-28,sourced,
people.npp.ppl.oadr,2050,UK,351.524836,per_1000,projection,ons_npp,NPP-2024based-2026-04-28,sourced,
people.npp.ppl.oadr,2051,UK,355.696924,per_1000,projection,ons_npp,NPP-2024based-2026-04-28,sourced,
people.npp.ppl.oadr,2052,UK,359.8639,per_1000,projection,ons_npp,NPP-2024based-2026-04-28,sourced,
people.npp.ppl.oadr,2053,UK,364.863117,per_1000,projection,ons_npp,NPP-2024based-2026-04-28,sourced,
people.npp.ppl.oadr,2054,UK,370.029421,per_1000,projection,ons_npp,NPP-2024based-2026-04-28,sourced,
people.npp.ppl.oadr,2055,UK,375.405903,per_1000,projection,ons_npp,NPP-2024based-2026-04-28,sourced,
people.npp.ppl.oadr,2056,UK,381.462469,per_1000,projection,ons_npp,NPP-2024based-2026-04-28,sourced,
people.npp.ppl.oadr,2057,UK,387.295317,per_1000,projection,ons_npp,NPP-2024based-2026-04-28,sourced,
people.npp.ppl.oadr,2058,UK,393.435936,per_1000,projection,ons_npp,NPP-2024based-2026-04-28,sourced,
people.npp.ppl.oadr,2059,UK,399.774804,per_1000,projection,ons_npp,NPP-2024based-2026-04-28,sourced,
people.npp.ppl.oadr,2060,UK,405.890576,per_1000,projection,ons_npp,NPP-2024based-2026-04-28,sourced,
people.npp.ppl.oadr,2061,UK,411.463703,per_1000,projection,ons_npp,NPP-2024based-2026-04-28,sourced,
people.npp.ppl.oadr,2062,UK,417.208526,per_1000,projection,ons_npp,NPP-2024based-2026-04-28,sourced,
people.npp.ppl.oadr,2063,UK,422.482379,per_1000,projection,ons_npp,NPP-2024based-2026-04-28,sourced,
people.npp.ppl.oadr,2064,UK,427.661249,per_1000,projection,ons_npp,NPP-2024based-2026-04-28,sourced,
people.npp.ppl.oadr,2065,UK,433.540918,per_1000,projection,ons_npp,NPP-2024based-2026-04-28,sourced,
people.npp.ppl.oadr,2066,UK,439.051215,per_1000,projection,ons_npp,NPP-2024based-2026-04-28,sourced,
people.npp.ppl.oadr,2067,UK,444.216946,per_1000,projection,ons_npp,NPP-2024based-2026-04-28,sourced,
people.npp.ppl.oadr,2068,UK,448.387063,per_1000,projection,ons_npp,NPP-2024based-2026-04-28,sourced,
people.npp.ppl.oadr,2069,UK,452.031317,per_1000,projection,ons_npp,NPP-2024based-2026-04-28,sourced,
people.npp.ppl.oadr,2070,UK,455.643959,per_1000,projection,ons_npp,NPP-2024based-2026-04-28,sourced,
people.npp.ppl.oadr,2071,UK,459.425149,per_1000,projection,ons_npp,NPP-2024based-2026-04-28,sourced,
people.npp.ppl.oadr,2072,UK,463.714989,per_1000,projection,ons_npp,NPP-2024based-2026-04-28,sourced,
people.npp.ppl.oadr,2073,UK,468.392629,per_1000,projection,ons_npp,NPP-2024based-2026-04-28,sourced,
people.npp.ppl.oadr,2074,UK,472.867718,per_1000,projection,ons_npp,NPP-2024based-2026-04-28,sourced,
people.npp.ppl.oadr,2075,UK,477.734979,per_1000,projection,ons_npp,NPP-2024based-2026-04-28,sourced,
people.npp.ppl.pension_age,2024,UK,12388.913,persons_k,outturn,ons_npp,NPP-2024based-2026-04-28,sourced,"Base year of the 2024-based projections: ONS mid-2024 population estimate. ONS: Children under 16, working age, and pensionable age populations are based on State Pension Age (SPA) for a given year. Women's SPA increased to 65 between April 2016 and November 2018. From December 2018, the SPA for both sexes increased to 66 by October 2020 (Pensions Act 2011). Between 2026 and 2028, the SPA will increase from 66 to 67 years for both sexes (Pensions Act 2014), and will increase to 68 between 2044 and 2046 (Pensions Act 2007)."
people.npp.ppl.pension_age,2025,UK,12633.509,persons_k,projection,ons_npp,NPP-2024based-2026-04-28,sourced,
people.npp.ppl.pension_age,2026,UK,12743.608279,persons_k,projection,ons_npp,NPP-2024based-2026-04-28,sourced,
people.npp.ppl.pension_age,2027,UK,12591.523052,persons_k,projection,ons_npp,NPP-2024based-2026-04-28,sourced,
people.npp.ppl.pension_age,2028,UK,12555.401,persons_k,projection,ons_npp,NPP-2024based-2026-04-28,sourced,
people.npp.ppl.pension_age,2029,UK,12821.819,persons_k,projection,ons_npp,NPP-2024based-2026-04-28,sourced,
people.npp.ppl.pension_age,2030,UK,13097.577,persons_k,projection,ons_npp,NPP-2024based-2026-04-28,sourced,
people.npp.ppl.pension_age,2031,UK,13380.273,persons_k,projection,ons_npp,NPP-2024based-2026-04-28,sourced,
people.npp.ppl.pension_age,2032,UK,13661.276,persons_k,projection,ons_npp,NPP-2024based-2026-04-28,sourced,
people.npp.ppl.pension_age,2033,UK,13924.542,persons_k,projection,ons_npp,NPP-2024based-2026-04-28,sourced,
people.npp.ppl.pension_age,2034,UK,14178.345,persons_k,projection,ons_npp,NPP-2024based-2026-04-28,sourced,
people.npp.ppl.pension_age,2035,UK,14414.46,persons_k,projection,ons_npp,NPP-2024based-2026-04-28,sourced,
people.npp.ppl.pension_age,2036,UK,14639.868,persons_k,projection,ons_npp,NPP-2024based-2026-04-28,sourced,
people.npp.ppl.pension_age,2037,UK,14834.065,persons_k,projection,ons_npp,NPP-2024based-2026-04-28,sourced,
people.npp.ppl.pension_age,2038,UK,15037.985,persons_k,projection,ons_npp,NPP-2024based-2026-04-28,sourced,
people.npp.ppl.pension_age,2039,UK,15200.852,persons_k,projection,ons_npp,NPP-2024based-2026-04-28,sourced,
people.npp.ppl.pension_age,2040,UK,15325.172,persons_k,projection,ons_npp,NPP-2024based-2026-04-28,sourced,
people.npp.ppl.pension_age,2041,UK,15412.474,persons_k,projection,ons_npp,NPP-2024based-2026-04-28,sourced,
people.npp.ppl.pension_age,2042,UK,15484.167,persons_k,projection,ons_npp,NPP-2024based-2026-04-28,sourced,
people.npp.ppl.pension_age,2043,UK,15536.807,persons_k,projection,ons_npp,NPP-2024based-2026-04-28,sourced,
people.npp.ppl.pension_age,2044,UK,15458.780814,persons_k,projection,ons_npp,NPP-2024based-2026-04-28,sourced,
people.npp.ppl.pension_age,2045,UK,15134.573175,persons_k,projection,ons_npp,NPP-2024based-2026-04-28,sourced,
people.npp.ppl.pension_age,2046,UK,14914.705,persons_k,projection,ons_npp,NPP-2024based-2026-04-28,sourced,
people.npp.ppl.pension_age,2047,UK,15004.359,persons_k,projection,ons_npp,NPP-2024based-2026-04-28,sourced,
people.npp.ppl.pension_age,2048,UK,15123.662,persons_k,projection,ons_npp,NPP-2024based-2026-04-28,sourced,
people.npp.ppl.pension_age,2049,UK,15237.764,persons_k,projection,ons_npp,NPP-2024based-2026-04-28,sourced,
people.npp.ppl.pension_age,2050,UK,15340.946,persons_k,projection,ons_npp,NPP-2024based-2026-04-28,sourced,
people.npp.ppl.pension_age,2051,UK,15446.458,persons_k,projection,ons_npp,NPP-2024based-2026-04-28,sourced,
people.npp.ppl.pension_age,2052,UK,15548.732,persons_k,projection,ons_npp,NPP-2024based-2026-04-28,sourced,
people.npp.ppl.pension_age,2053,UK,15674.363,persons_k,projection,ons_npp,NPP-2024based-2026-04-28,sourced,
people.npp.ppl.pension_age,2054,UK,15802.139,persons_k,projection,ons_npp,NPP-2024based-2026-04-28,sourced,
people.npp.ppl.pension_age,2055,UK,15933.483,persons_k,projection,ons_npp,NPP-2024based-2026-04-28,sourced,
people.npp.ppl.pension_age,2056,UK,16082.785,persons_k,projection,ons_npp,NPP-2024based-2026-04-28,sourced,
people.npp.ppl.pension_age,2057,UK,16222.302,persons_k,projection,ons_npp,NPP-2024based-2026-04-28,sourced,
people.npp.ppl.pension_age,2058,UK,16368.321,persons_k,projection,ons_npp,NPP-2024based-2026-04-28,sourced,
people.npp.ppl.pension_age,2059,UK,16517.448,persons_k,projection,ons_npp,NPP-2024based-2026-04-28,sourced,
people.npp.ppl.pension_age,2060,UK,16657.237,persons_k,projection,ons_npp,NPP-2024based-2026-04-28,sourced,
people.npp.ppl.pension_age,2061,UK,16778.585,persons_k,projection,ons_npp,NPP-2024based-2026-04-28,sourced,
people.npp.ppl.pension_age,2062,UK,16902.286,persons_k,projection,ons_npp,NPP-2024based-2026-04-28,sourced,
people.npp.ppl.pension_age,2063,UK,17009.964,persons_k,projection,ons_npp,NPP-2024based-2026-04-28,sourced,
people.npp.ppl.pension_age,2064,UK,17112.465,persons_k,projection,ons_npp,NPP-2024based-2026-04-28,sourced,
people.npp.ppl.pension_age,2065,UK,17231.777,persons_k,projection,ons_npp,NPP-2024based-2026-04-28,sourced,
people.npp.ppl.pension_age,2066,UK,17337.556,persons_k,projection,ons_npp,NPP-2024based-2026-04-28,sourced,
people.npp.ppl.pension_age,2067,UK,17430.368,persons_k,projection,ons_npp,NPP-2024based-2026-04-28,sourced,
people.npp.ppl.pension_age,2068,UK,17492.703,persons_k,projection,ons_npp,NPP-2024based-2026-04-28,sourced,
people.npp.ppl.pension_age,2069,UK,17537.511,persons_k,projection,ons_npp,NPP-2024based-2026-04-28,sourced,
people.npp.ppl.pension_age,2070,UK,17577.896,persons_k,projection,ons_npp,NPP-2024based-2026-04-28,sourced,
people.npp.ppl.pension_age,2071,UK,17618.852,persons_k,projection,ons_npp,NPP-2024based-2026-04-28,sourced,
people.npp.ppl.pension_age,2072,UK,17668.948,persons_k,projection,ons_npp,NPP-2024based-2026-04-28,sourced,
people.npp.ppl.pension_age,2073,UK,17724.608,persons_k,projection,ons_npp,NPP-2024based-2026-04-28,sourced,
people.npp.ppl.pension_age,2074,UK,17770.366,persons_k,projection,ons_npp,NPP-2024based-2026-04-28,sourced,
people.npp.ppl.pension_age,2075,UK,17821.354,persons_k,projection,ons_npp,NPP-2024based-2026-04-28,sourced,
people.npp.ppl.population,2024,UK,69281.437,persons_k,outturn,ons_npp,NPP-2024based-2026-04-28,sourced,Base year of the 2024-based projections: ONS mid-2024 population estimate.
people.npp.ppl.population,2025,UK,69502.341,persons_k,projection,ons_npp,NPP-2024based-2026-04-28,sourced,
people.npp.ppl.population,2026,UK,69551.899,persons_k,projection,ons_npp,NPP-2024based-2026-04-28,sourced,
people.npp.ppl.population,2027,UK,69632.792,persons_k,projection,ons_npp,NPP-2024based-2026-04-28,sourced,
people.npp.ppl.population,2028,UK,69701.913,persons_k,projection,ons_npp,NPP-2024based-2026-04-28,sourced,
people.npp.ppl.population,2029,UK,69758.174,persons_k,projection,ons_npp,NPP-2024based-2026-04-28,sourced,
people.npp.ppl.population,2030,UK,69801.533,persons_k,projection,ons_npp,NPP-2024based-2026-04-28,sourced,
people.npp.ppl.population,2031,UK,69832.252,persons_k,projection,ons_npp,NPP-2024based-2026-04-28,sourced,
people.npp.ppl.population,2032,UK,69850.118,persons_k,projection,ons_npp,NPP-2024based-2026-04-28,sourced,
people.npp.ppl.population,2033,UK,69855.248,persons_k,projection,ons_npp,NPP-2024based-2026-04-28,sourced,
people.npp.ppl.population,2034,UK,69848.076,persons_k,projection,ons_npp,NPP-2024based-2026-04-28,sourced,
people.npp.ppl.population,2035,UK,69829.521,persons_k,projection,ons_npp,NPP-2024based-2026-04-28,sourced,
people.npp.ppl.population,2036,UK,69800.65,persons_k,projection,ons_npp,NPP-2024based-2026-04-28,sourced,
people.npp.ppl.population,2037,UK,69762.486,persons_k,projection,ons_npp,NPP-2024based-2026-04-28,sourced,
people.npp.ppl.population,2038,UK,69716.039,persons_k,projection,ons_npp,NPP-2024based-2026-04-28,sourced,
people.npp.ppl.population,2039,UK,69662.289,persons_k,projection,ons_npp,NPP-2024based-2026-04-28,sourced,
people.npp.ppl.population,2040,UK,69602.076,persons_k,projection,ons_npp,NPP-2024based-2026-04-28,sourced,
people.npp.ppl.population,2041,UK,69536.103,persons_k,projection,ons_npp,NPP-2024based-2026-04-28,sourced,
people.npp.ppl.population,2042,UK,69464.792,persons_k,projection,ons_npp,NPP-2024based-2026-04-28,sourced,
people.npp.ppl.population,2043,UK,69388.352,persons_k,projection,ons_npp,NPP-2024based-2026-04-28,sourced,
people.npp.ppl.population,2044,UK,69306.56,persons_k,projection,ons_npp,NPP-2024based-2026-04-28,sourced,
people.npp.ppl.population,2045,UK,69218.64,persons_k,projection,ons_npp,NPP-2024based-2026-04-28,sourced,
people.npp.ppl.population,2046,UK,69123.794,persons_k,projection,ons_npp,NPP-2024based-2026-04-28,sourced,
people.npp.ppl.population,2047,UK,69021.469,persons_k,projection,ons_npp,NPP-2024based-2026-04-28,sourced,
people.npp.ppl.population,2048,UK,68911.073,persons_k,projection,ons_npp,NPP-2024based-2026-04-28,sourced,
people.npp.ppl.population,2049,UK,68791.807,persons_k,projection,ons_npp,NPP-2024based-2026-04-28,sourced,
people.npp.ppl.population,2050,UK,68662.372,persons_k,projection,ons_npp,NPP-2024based-2026-04-28,sourced,
people.npp.ppl.population,2051,UK,68521.626,persons_k,projection,ons_npp,NPP-2024based-2026-04-28,sourced,
people.npp.ppl.population,2052,UK,68369.159,persons_k,projection,ons_npp,NPP-2024based-2026-04-28,sourced,
people.npp.ppl.population,2053,UK,68204.649,persons_k,projection,ons_npp,NPP-2024based-2026-04-28,sourced,
people.npp.ppl.population,2054,UK,68027.997,persons_k,projection,ons_npp,NPP-2024based-2026-04-28,sourced,
people.npp.ppl.population,2055,UK,67839.521,persons_k,projection,ons_npp,NPP-2024based-2026-04-28,sourced,
people.npp.ppl.population,2056,UK,67639.986,persons_k,projection,ons_npp,NPP-2024based-2026-04-28,sourced,
people.npp.ppl.population,2057,UK,67430.468,persons_k,projection,ons_npp,NPP-2024based-2026-04-28,sourced,
people.npp.ppl.population,2058,UK,67212.035,persons_k,projection,ons_npp,NPP-2024based-2026-04-28,sourced,
people.npp.ppl.population,2059,UK,66985.797,persons_k,projection,ons_npp,NPP-2024based-2026-04-28,sourced,
people.npp.ppl.population,2060,UK,66752.983,persons_k,projection,ons_npp,NPP-2024based-2026-04-28,sourced,
people.npp.ppl.population,2061,UK,66514.836,persons_k,projection,ons_npp,NPP-2024based-2026-04-28,sourced,
people.npp.ppl.population,2062,UK,66272.553,persons_k,projection,ons_npp,NPP-2024based-2026-04-28,sourced,
people.npp.ppl.population,2063,UK,66027.011,persons_k,projection,ons_npp,NPP-2024based-2026-04-28,sourced,
people.npp.ppl.population,2064,UK,65778.801,persons_k,projection,ons_npp,NPP-2024based-2026-04-28,sourced,
people.npp.ppl.population,2065,UK,65528.528,persons_k,projection,ons_npp,NPP-2024based-2026-04-28,sourced,
people.npp.ppl.population,2066,UK,65276.734,persons_k,projection,ons_npp,NPP-2024based-2026-04-28,sourced,
people.npp.ppl.population,2067,UK,65023.693,persons_k,projection,ons_npp,NPP-2024based-2026-04-28,sourced,
people.npp.ppl.population,2068,UK,64769.476,persons_k,projection,ons_npp,NPP-2024based-2026-04-28,sourced,
people.npp.ppl.population,2069,UK,64513.929,persons_k,projection,ons_npp,NPP-2024based-2026-04-28,sourced,
people.npp.ppl.population,2070,UK,64256.693,persons_k,projection,ons_npp,NPP-2024based-2026-04-28,sourced,
people.npp.ppl.population,2071,UK,63997.332,persons_k,projection,ons_npp,NPP-2024based-2026-04-28,sourced,
people.npp.ppl.population,2072,UK,63735.324,persons_k,projection,ons_npp,NPP-2024based-2026-04-28,sourced,
people.npp.ppl.population,2073,UK,63470.157,persons_k,projection,ons_npp,NPP-2024based-2026-04-28,sourced,
people.npp.ppl.population,2074,UK,63201.284,persons_k,projection,ons_npp,NPP-2024based-2026-04-28,sourced,
people.npp.ppl.population,2075,UK,62928.229,persons_k,projection,ons_npp,NPP-2024based-2026-04-28,sourced,
people.npp.ppl.tfr,2025,UK,1.38941,children_per_woman,projection,ons_npp,NPP-2024based-2026-04-28,sourced,
people.npp.ppl.tfr,2026,UK,1.397371,children_per_woman,projection,ons_npp,NPP-2024based-2026-04-28,sourced,
people.npp.ppl.tfr,2027,UK,1.393038,children_per_woman,projection,ons_npp,NPP-2024based-2026-04-28,sourced,
people.npp.ppl.tfr,2028,UK,1.388926,children_per_woman,projection,ons_npp,NPP-2024based-2026-04-28,sourced,
people.npp.ppl.tfr,2029,UK,1.385051,children_per_woman,projection,ons_npp,NPP-2024based-2026-04-28,sourced,
people.npp.ppl.tfr,2030,UK,1.383113,children_per_woman,projection,ons_npp,NPP-2024based-2026-04-28,sourced,
people.npp.ppl.tfr,2031,UK,1.383006,children_per_woman,projection,ons_npp,NPP-2024based-2026-04-28,sourced,
people.npp.ppl.tfr,2032,UK,1.383067,children_per_woman,projection,ons_npp,NPP-2024based-2026-04-28,sourced,
people.npp.ppl.tfr,2033,UK,1.383263,children_per_woman,projection,ons_npp,NPP-2024based-2026-04-28,sourced,
people.npp.ppl.tfr,2034,UK,1.38365,children_per_woman,projection,ons_npp,NPP-2024based-2026-04-28,sourced,
people.npp.ppl.tfr,2035,UK,1.384671,children_per_woman,projection,ons_npp,NPP-2024based-2026-04-28,sourced,
people.npp.ppl.tfr,2036,UK,1.386329,children_per_woman,projection,ons_npp,NPP-2024based-2026-04-28,sourced,
people.npp.ppl.tfr,2037,UK,1.388119,children_per_woman,projection,ons_npp,NPP-2024based-2026-04-28,sourced,
people.npp.ppl.tfr,2038,UK,1.390036,children_per_woman,projection,ons_npp,NPP-2024based-2026-04-28,sourced,
people.npp.ppl.tfr,2039,UK,1.392082,children_per_woman,projection,ons_npp,NPP-2024based-2026-04-28,sourced,
people.npp.ppl.tfr,2040,UK,1.394601,children_per_woman,projection,ons_npp,NPP-2024based-2026-04-28,sourced,
people.npp.ppl.tfr,2041,UK,1.397564,children_per_woman,projection,ons_npp,NPP-2024based-2026-04-28,sourced,
people.npp.ppl.tfr,2042,UK,1.400642,children_per_woman,projection,ons_npp,NPP-2024based-2026-04-28,sourced,
people.npp.ppl.tfr,2043,UK,1.40385,children_per_woman,projection,ons_npp,NPP-2024based-2026-04-28,sourced,
people.npp.ppl.tfr,2044,UK,1.407218,children_per_woman,projection,ons_npp,NPP-2024based-2026-04-28,sourced,
people.npp.ppl.tfr,2045,UK,1.409779,children_per_woman,projection,ons_npp,NPP-2024based-2026-04-28,sourced,
people.npp.ppl.tfr,2046,UK,1.411535,children_per_woman,projection,ons_npp,NPP-2024based-2026-04-28,sourced,
people.npp.ppl.tfr,2047,UK,1.413417,children_per_woman,projection,ons_npp,NPP-2024based-2026-04-28,sourced,
people.npp.ppl.tfr,2048,UK,1.415438,children_per_woman,projection,ons_npp,NPP-2024based-2026-04-28,sourced,
people.npp.ppl.tfr,2049,UK,1.417567,children_per_woman,projection,ons_npp,NPP-2024based-2026-04-28,sourced,
people.npp.ppl.tfr,2050,UK,1.418661,children_per_woman,projection,ons_npp,NPP-2024based-2026-04-28,sourced,
people.npp.ppl.tfr,2051,UK,1.418678,children_per_woman,projection,ons_npp,NPP-2024based-2026-04-28,sourced,
people.npp.ppl.tfr,2052,UK,1.418658,children_per_woman,projection,ons_npp,NPP-2024based-2026-04-28,sourced,
people.npp.ppl.tfr,2053,UK,1.418692,children_per_woman,projection,ons_npp,NPP-2024based-2026-04-28,sourced,
people.npp.ppl.tfr,2054,UK,1.418693,children_per_woman,projection,ons_npp,NPP-2024based-2026-04-28,sourced,
people.npp.ppl.tfr,2055,UK,1.4187,children_per_woman,projection,ons_npp,NPP-2024based-2026-04-28,sourced,
people.npp.ppl.tfr,2056,UK,1.418688,children_per_woman,projection,ons_npp,NPP-2024based-2026-04-28,sourced,
people.npp.ppl.tfr,2057,UK,1.418702,children_per_woman,projection,ons_npp,NPP-2024based-2026-04-28,sourced,
people.npp.ppl.tfr,2058,UK,1.41872,children_per_woman,projection,ons_npp,NPP-2024based-2026-04-28,sourced,
people.npp.ppl.tfr,2059,UK,1.418689,children_per_woman,projection,ons_npp,NPP-2024based-2026-04-28,sourced,
people.npp.ppl.tfr,2060,UK,1.418702,children_per_woman,projection,ons_npp,NPP-2024based-2026-04-28,sourced,
people.npp.ppl.tfr,2061,UK,1.418718,children_per_woman,projection,ons_npp,NPP-2024based-2026-04-28,sourced,
people.npp.ppl.tfr,2062,UK,1.418744,children_per_woman,projection,ons_npp,NPP-2024based-2026-04-28,sourced,
people.npp.ppl.tfr,2063,UK,1.418764,children_per_woman,projection,ons_npp,NPP-2024based-2026-04-28,sourced,
people.npp.ppl.tfr,2064,UK,1.418757,children_per_woman,projection,ons_npp,NPP-2024based-2026-04-28,sourced,
people.npp.ppl.tfr,2065,UK,1.418799,children_per_woman,projection,ons_npp,NPP-2024based-2026-04-28,sourced,
people.npp.ppl.tfr,2066,UK,1.41881,children_per_woman,projection,ons_npp,NPP-2024based-2026-04-28,sourced,
people.npp.ppl.tfr,2067,UK,1.418822,children_per_woman,projection,ons_npp,NPP-2024based-2026-04-28,sourced,
people.npp.ppl.tfr,2068,UK,1.418843,children_per_woman,projection,ons_npp,NPP-2024based-2026-04-28,sourced,
people.npp.ppl.tfr,2069,UK,1.418886,children_per_woman,projection,ons_npp,NPP-2024based-2026-04-28,sourced,
people.npp.ppl.tfr,2070,UK,1.4189,children_per_woman,projection,ons_npp,NPP-2024based-2026-04-28,sourced,
people.npp.ppl.tfr,2071,UK,1.418939,children_per_woman,projection,ons_npp,NPP-2024based-2026-04-28,sourced,
people.npp.ppl.tfr,2072,UK,1.418971,children_per_woman,projection,ons_npp,NPP-2024based-2026-04-28,sourced,
people.npp.ppl.tfr,2073,UK,1.418986,children_per_woman,projection,ons_npp,NPP-2024based-2026-04-28,sourced,
people.npp.ppl.tfr,2074,UK,1.41902,children_per_woman,projection,ons_npp,NPP-2024based-2026-04-28,sourced,
people.npp.ppl.tfr,2075,UK,1.419077,children_per_woman,projection,ons_npp,NPP-2024based-2026-04-28,sourced,
people.npp.ppl.working_age,2024,UK,44296.4,persons_k,outturn,ons_npp,NPP-2024based-2026-04-28,sourced,"Base year of the 2024-based projections: ONS mid-2024 population estimate. ONS: Children under 16, working age, and pensionable age populations are based on State Pension Age (SPA) for a given year. Women's SPA increased to 65 between April 2016 and November 2018. From December 2018, the SPA for both sexes increased to 66 by October 2020 (Pensions Act 2011). Between 2026 and 2028, the SPA will increase from 66 to 67 years for both sexes (Pensions Act 2014), and will increase to 68 between 2044 and 2046 (Pensions Act 2007)."
people.npp.ppl.working_age,2025,UK,44422.98,persons_k,projection,ons_npp,NPP-2024based-2026-04-28,sourced,
people.npp.ppl.working_age,2026,UK,44547.489721,persons_k,projection,ons_npp,NPP-2024based-2026-04-28,sourced,
people.npp.ppl.working_age,2027,UK,44978.291948,persons_k,projection,ons_npp,NPP-2024based-2026-04-28,sourced,
people.npp.ppl.working_age,2028,UK,45288.761,persons_k,projection,ons_npp,NPP-2024based-2026-04-28,sourced,
people.npp.ppl.working_age,2029,UK,45271.553,persons_k,projection,ons_npp,NPP-2024based-2026-04-28,sourced,
people.npp.ppl.working_age,2030,UK,45220.493,persons_k,projection,ons_npp,NPP-2024based-2026-04-28,sourced,
people.npp.ppl.working_age,2031,UK,45152.828,persons_k,projection,ons_npp,NPP-2024based-2026-04-28,sourced,
people.npp.ppl.working_age,2032,UK,45085.511,persons_k,projection,ons_npp,NPP-2024based-2026-04-28,sourced,
people.npp.ppl.working_age,2033,UK,45006.689,persons_k,projection,ons_npp,NPP-2024based-2026-04-28,sourced,
people.npp.ppl.working_age,2034,UK,44911.926,persons_k,projection,ons_npp,NPP-2024based-2026-04-28,sourced,
people.npp.ppl.working_age,2035,UK,44818.001,persons_k,projection,ons_npp,NPP-2024based-2026-04-28,sourced,
people.npp.ppl.working_age,2036,UK,44712.374,persons_k,projection,ons_npp,NPP-2024based-2026-04-28,sourced,
people.npp.ppl.working_age,2037,UK,44604.068,persons_k,projection,ons_npp,NPP-2024based-2026-04-28,sourced,
people.npp.ppl.working_age,2038,UK,44483.985,persons_k,projection,ons_npp,NPP-2024based-2026-04-28,sourced,
people.npp.ppl.working_age,2039,UK,44358.938,persons_k,projection,ons_npp,NPP-2024based-2026-04-28,sourced,
people.npp.ppl.working_age,2040,UK,44245.175,persons_k,projection,ons_npp,NPP-2024based-2026-04-28,sourced,
people.npp.ppl.working_age,2041,UK,44142.86,persons_k,projection,ons_npp,NPP-2024based-2026-04-28,sourced,
people.npp.ppl.working_age,2042,UK,44050.557,persons_k,projection,ons_npp,NPP-2024based-2026-04-28,sourced,
people.npp.ppl.working_age,2043,UK,43965.444,persons_k,projection,ons_npp,NPP-2024based-2026-04-28,sourced,
people.npp.ppl.working_age,2044,UK,43999.506186,persons_k,projection,ons_npp,NPP-2024based-2026-04-28,sourced,
people.npp.ppl.working_age,2045,UK,44268.434825,persons_k,projection,ons_npp,NPP-2024based-2026-04-28,sourced,
people.npp.ppl.working_age,2046,UK,44422.655,persons_k,projection,ons_npp,NPP-2024based-2026-04-28,sourced,
people.npp.ppl.working_age,2047,UK,44257.826,persons_k,projection,ons_npp,NPP-2024based-2026-04-28,sourced,
people.npp.ppl.working_age,2048,UK,44054.03,persons_k,projection,ons_npp,NPP-2024based-2026-04-28,sourced,
people.npp.ppl.working_age,2049,UK,43846.4,persons_k,projection,ons_npp,NPP-2024based-2026-04-28,sourced,
people.npp.ppl.working_age,2050,UK,43641.144,persons_k,projection,ons_npp,NPP-2024based-2026-04-28,sourced,
people.npp.ppl.working_age,2051,UK,43425.897,persons_k,projection,ons_npp,NPP-2024based-2026-04-28,sourced,
people.npp.ppl.working_age,2052,UK,43207.257,persons_k,projection,ons_npp,NPP-2024based-2026-04-28,sourced,
people.npp.ppl.working_age,2053,UK,42959.571,persons_k,projection,ons_npp,NPP-2024based-2026-04-28,sourced,
people.npp.ppl.working_age,2054,UK,42705.088,persons_k,projection,ons_npp,NPP-2024based-2026-04-28,sourced,
people.npp.ppl.working_age,2055,UK,42443.347,persons_k,projection,ons_npp,NPP-2024based-2026-04-28,sourced,
people.npp.ppl.working_age,2056,UK,42160.858,persons_k,projection,ons_npp,NPP-2024based-2026-04-28,sourced,
people.npp.ppl.working_age,2057,UK,41886.13,persons_k,projection,ons_npp,NPP-2024based-2026-04-28,sourced,
people.npp.ppl.working_age,2058,UK,41603.523,persons_k,projection,ons_npp,NPP-2024based-2026-04-28,sourced,
people.npp.ppl.working_age,2059,UK,41316.881,persons_k,projection,ons_npp,NPP-2024based-2026-04-28,sourced,
people.npp.ppl.working_age,2060,UK,41038.738,persons_k,projection,ons_npp,NPP-2024based-2026-04-28,sourced,
people.npp.ppl.working_age,2061,UK,40777.801,persons_k,projection,ons_npp,NPP-2024based-2026-04-28,sourced,
people.npp.ppl.working_age,2062,UK,40512.801,persons_k,projection,ons_npp,NPP-2024based-2026-04-28,sourced,
people.npp.ppl.working_age,2063,UK,40261.949,persons_k,projection,ons_npp,NPP-2024based-2026-04-28,sourced,
people.npp.ppl.working_age,2064,UK,40014.065,persons_k,projection,ons_npp,NPP-2024based-2026-04-28,sourced,
people.npp.ppl.working_age,2065,UK,39746.599,persons_k,projection,ons_npp,NPP-2024based-2026-04-28,sourced,
people.npp.ppl.working_age,2066,UK,39488.687,persons_k,projection,ons_npp,NPP-2024based-2026-04-28,sourced,
people.npp.ppl.working_age,2067,UK,39238.413,persons_k,projection,ons_npp,NPP-2024based-2026-04-28,sourced,
people.npp.ppl.working_age,2068,UK,39012.506,persons_k,projection,ons_npp,NPP-2024based-2026-04-28,sourced,
people.npp.ppl.working_age,2069,UK,38797.115,persons_k,projection,ons_npp,NPP-2024based-2026-04-28,sourced,
people.npp.ppl.working_age,2070,UK,38578.139,persons_k,projection,ons_npp,NPP-2024based-2026-04-28,sourced,
people.npp.ppl.working_age,2071,UK,38349.777,persons_k,projection,ons_npp,NPP-2024based-2026-04-28,sourced,
people.npp.ppl.working_age,2072,UK,38103.034,persons_k,projection,ons_npp,NPP-2024based-2026-04-28,sourced,
people.npp.ppl.working_age,2073,UK,37841.347,persons_k,projection,ons_npp,NPP-2024based-2026-04-28,sourced,
people.npp.ppl.working_age,2074,UK,37579.994,persons_k,projection,ons_npp,NPP-2024based-2026-04-28,sourced,
people.npp.ppl.working_age,2075,UK,37303.85,persons_k,projection,ons_npp,NPP-2024based-2026-04-28,sourced,
people.npp.ppp.births,2025,UK,651.892,persons_k,projection,ons_npp,NPP-2024based-2026-04-28,sourced,
people.npp.ppp.births,2026,UK,653.015,persons_k,projection,ons_npp,NPP-2024based-2026-04-28,sourced,
people.npp.ppp.births,2027,UK,648.104,persons_k,projection,ons_npp,NPP-2024based-2026-04-28,sourced,
people.npp.ppp.births,2028,UK,643.884,persons_k,projection,ons_npp,NPP-2024based-2026-04-28,sourced,
people.npp.ppp.births,2029,UK,639.633,persons_k,projection,ons_npp,NPP-2024based-2026-04-28,sourced,
people.npp.ppp.births,2030,UK,636.207,persons_k,projection,ons_npp,NPP-2024based-2026-04-28,sourced,
people.npp.ppp.births,2031,UK,633.694,persons_k,projection,ons_npp,NPP-2024based-2026-04-28,sourced,
people.npp.ppp.births,2032,UK,631.458,persons_k,projection,ons_npp,NPP-2024based-2026-04-28,sourced,
people.npp.ppp.births,2033,UK,629.667,persons_k,projection,ons_npp,NPP-2024based-2026-04-28,sourced,
people.npp.ppp.births,2034,UK,628.503,persons_k,projection,ons_npp,NPP-2024based-2026-04-28,sourced,
people.npp.ppp.births,2035,UK,628.274,persons_k,projection,ons_npp,NPP-2024based-2026-04-28,sourced,
people.npp.ppp.births,2036,UK,629.068,persons_k,projection,ons_npp,NPP-2024based-2026-04-28,sourced,
people.npp.ppp.births,2037,UK,630.67,persons_k,projection,ons_npp,NPP-2024based-2026-04-28,sourced,
people.npp.ppp.births,2038,UK,632.961,persons_k,projection,ons_npp,NPP-2024based-2026-04-28,sourced,
people.npp.ppp.births,2039,UK,635.69,persons_k,projection,ons_npp,NPP-2024based-2026-04-28,sourced,
people.npp.ppp.births,2040,UK,638.614,persons_k,projection,ons_npp,NPP-2024based-2026-04-28,sourced,
people.npp.ppp.births,2041,UK,641.487,persons_k,projection,ons_npp,NPP-2024based-2026-04-28,sourced,
people.npp.ppp.births,2042,UK,644.097,persons_k,projection,ons_npp,NPP-2024based-2026-04-28,sourced,
people.npp.ppp.births,2043,UK,646.255,persons_k,projection,ons_npp,NPP-2024based-2026-04-28,sourced,
people.npp.ppp.births,2044,UK,647.665,persons_k,projection,ons_npp,NPP-2024based-2026-04-28,sourced,
people.npp.ppp.births,2045,UK,647.861,persons_k,projection,ons_npp,NPP-2024based-2026-04-28,sourced,
people.npp.ppp.births,2046,UK,646.915,persons_k,projection,ons_npp,NPP-2024based-2026-04-28,sourced,
people.npp.ppp.births,2047,UK,645.282,persons_k,projection,ons_npp,NPP-2024based-2026-04-28,sourced,
people.npp.ppp.births,2048,UK,642.989,persons_k,projection,ons_npp,NPP-2024based-2026-04-28,sourced,
people.npp.ppp.births,2049,UK,639.95,persons_k,projection,ons_npp,NPP-2024based-2026-04-28,sourced,
people.npp.ppp.births,2050,UK,635.571,persons_k,projection,ons_npp,NPP-2024based-2026-04-28,sourced,
people.npp.ppp.births,2051,UK,629.915,persons_k,projection,ons_npp,NPP-2024based-2026-04-28,sourced,
people.npp.ppp.births,2052,UK,623.801,persons_k,projection,ons_npp,NPP-2024based-2026-04-28,sourced,
people.npp.ppp.births,2053,UK,617.198,persons_k,projection,ons_npp,NPP-2024based-2026-04-28,sourced,
people.npp.ppp.births,2054,UK,610.204,persons_k,projection,ons_npp,NPP-2024based-2026-04-28,sourced,
people.npp.ppp.births,2055,UK,603.115,persons_k,projection,ons_npp,NPP-2024based-2026-04-28,sourced,
people.npp.ppp.births,2056,UK,596.298,persons_k,projection,ons_npp,NPP-2024based-2026-04-28,sourced,
people.npp.ppp.births,2057,UK,589.983,persons_k,projection,ons_npp,NPP-2024based-2026-04-28,sourced,
people.npp.ppp.births,2058,UK,584.07,persons_k,projection,ons_npp,NPP-2024based-2026-04-28,sourced,
people.npp.ppp.births,2059,UK,578.63,persons_k,projection,ons_npp,NPP-2024based-2026-04-28,sourced,
people.npp.ppp.births,2060,UK,573.816,persons_k,projection,ons_npp,NPP-2024based-2026-04-28,sourced,
people.npp.ppp.births,2061,UK,569.656,persons_k,projection,ons_npp,NPP-2024based-2026-04-28,sourced,
people.npp.ppp.births,2062,UK,566.248,persons_k,projection,ons_npp,NPP-2024based-2026-04-28,sourced,
people.npp.ppp.births,2063,UK,563.374,persons_k,projection,ons_npp,NPP-2024based-2026-04-28,sourced,
people.npp.ppp.births,2064,UK,560.912,persons_k,projection,ons_npp,NPP-2024based-2026-04-28,sourced,
people.npp.ppp.births,2065,UK,558.994,persons_k,projection,ons_npp,NPP-2024based-2026-04-28,sourced,
people.npp.ppp.births,2066,UK,557.627,persons_k,projection,ons_npp,NPP-2024based-2026-04-28,sourced,
people.npp.ppp.births,2067,UK,556.737,persons_k,projection,ons_npp,NPP-2024based-2026-04-28,sourced,
people.npp.ppp.births,2068,UK,556.261,persons_k,projection,ons_npp,NPP-2024based-2026-04-28,sourced,
people.npp.ppp.births,2069,UK,556.054,persons_k,projection,ons_npp,NPP-2024based-2026-04-28,sourced,
people.npp.ppp.births,2070,UK,556.032,persons_k,projection,ons_npp,NPP-2024based-2026-04-28,sourced,
people.npp.ppp.births,2071,UK,556.185,persons_k,projection,ons_npp,NPP-2024based-2026-04-28,sourced,
people.npp.ppp.births,2072,UK,556.438,persons_k,projection,ons_npp,NPP-2024based-2026-04-28,sourced,
people.npp.ppp.births,2073,UK,556.687,persons_k,projection,ons_npp,NPP-2024based-2026-04-28,sourced,
people.npp.ppp.births,2074,UK,556.861,persons_k,projection,ons_npp,NPP-2024based-2026-04-28,sourced,
people.npp.ppp.births,2075,UK,556.881,persons_k,projection,ons_npp,NPP-2024based-2026-04-28,sourced,
people.npp.ppp.deaths,2025,UK,634.987,persons_k,projection,ons_npp,NPP-2024based-2026-04-28,sourced,
people.npp.ppp.deaths,2026,UK,665.767,persons_k,projection,ons_npp,NPP-2024based-2026-04-28,sourced,
people.npp.ppp.deaths,2027,UK,669.644,persons_k,projection,ons_npp,NPP-2024based-2026-04-28,sourced,
people.npp.ppp.deaths,2028,UK,674.822,persons_k,projection,ons_npp,NPP-2024based-2026-04-28,sourced,
people.npp.ppp.deaths,2029,UK,680.992,persons_k,projection,ons_npp,NPP-2024based-2026-04-28,sourced,
people.npp.ppp.deaths,2030,UK,687.975,persons_k,projection,ons_npp,NPP-2024based-2026-04-28,sourced,
people.npp.ppp.deaths,2031,UK,695.541,persons_k,projection,ons_npp,NPP-2024based-2026-04-28,sourced,
people.npp.ppp.deaths,2032,UK,703.594,persons_k,projection,ons_npp,NPP-2024based-2026-04-28,sourced,
people.npp.ppp.deaths,2033,UK,711.932,persons_k,projection,ons_npp,NPP-2024based-2026-04-28,sourced,
people.npp.ppp.deaths,2034,UK,720.438,persons_k,projection,ons_npp,NPP-2024based-2026-04-28,sourced,
people.npp.ppp.deaths,2035,UK,728.961,persons_k,projection,ons_npp,NPP-2024based-2026-04-28,sourced,
people.npp.ppp.deaths,2036,UK,737.383,persons_k,projection,ons_npp,NPP-2024based-2026-04-28,sourced,
people.npp.ppp.deaths,2037,UK,745.583,persons_k,projection,ons_npp,NPP-2024based-2026-04-28,sourced,
people.npp.ppp.deaths,2038,UK,753.494,persons_k,projection,ons_npp,NPP-2024based-2026-04-28,sourced,
people.npp.ppp.deaths,2039,UK,760.986,persons_k,projection,ons_npp,NPP-2024based-2026-04-28,sourced,
people.npp.ppp.deaths,2040,UK,767.961,persons_k,projection,ons_npp,NPP-2024based-2026-04-28,sourced,
people.npp.ppp.deaths,2041,UK,774.386,persons_k,projection,ons_npp,NPP-2024based-2026-04-28,sourced,
people.npp.ppp.deaths,2042,UK,780.305,persons_k,projection,ons_npp,NPP-2024based-2026-04-28,sourced,
people.npp.ppp.deaths,2043,UK,785.791,persons_k,projection,ons_npp,NPP-2024based-2026-04-28,sourced,
people.npp.ppp.deaths,2044,UK,790.886,persons_k,projection,ons_npp,NPP-2024based-2026-04-28,sourced,
people.npp.ppp.deaths,2045,UK,795.739,persons_k,projection,ons_npp,NPP-2024based-2026-04-28,sourced,
people.npp.ppp.deaths,2046,UK,800.454,persons_k,projection,ons_npp,NPP-2024based-2026-04-28,sourced,
people.npp.ppp.deaths,2047,UK,805.122,persons_k,projection,ons_npp,NPP-2024based-2026-04-28,sourced,
people.npp.ppp.deaths,2048,UK,809.893,persons_k,projection,ons_npp,NPP-2024based-2026-04-28,sourced,
people.npp.ppp.deaths,2049,UK,814.788,persons_k,projection,ons_npp,NPP-2024based-2026-04-28,sourced,
people.npp.ppp.deaths,2050,UK,819.778,persons_k,projection,ons_npp,NPP-2024based-2026-04-28,sourced,
people.npp.ppp.deaths,2051,UK,824.808,persons_k,projection,ons_npp,NPP-2024based-2026-04-28,sourced,
people.npp.ppp.deaths,2052,UK,829.805,persons_k,projection,ons_npp,NPP-2024based-2026-04-28,sourced,
people.npp.ppp.deaths,2053,UK,834.627,persons_k,projection,ons_npp,NPP-2024based-2026-04-28,sourced,
people.npp.ppp.deaths,2054,UK,839.154,persons_k,projection,ons_npp,NPP-2024based-2026-04-28,sourced,
people.npp.ppp.deaths,2055,UK,843.291,persons_k,projection,ons_npp,NPP-2024based-2026-04-28,sourced,
people.npp.ppp.deaths,2056,UK,846.858,persons_k,projection,ons_npp,NPP-2024based-2026-04-28,sourced,
people.npp.ppp.deaths,2057,UK,849.84,persons_k,projection,ons_npp,NPP-2024based-2026-04-28,sourced,
people.npp.ppp.deaths,2058,UK,852.096,persons_k,projection,ons_npp,NPP-2024based-2026-04-28,sourced,
people.npp.ppp.deaths,2059,UK,853.686,persons_k,projection,ons_npp,NPP-2024based-2026-04-28,sourced,
people.npp.ppp.deaths,2060,UK,854.62,persons_k,projection,ons_npp,NPP-2024based-2026-04-28,sourced,
people.npp.ppp.deaths,2061,UK,854.964,persons_k,projection,ons_npp,NPP-2024based-2026-04-28,sourced,
people.npp.ppp.deaths,2062,UK,854.842,persons_k,projection,ons_npp,NPP-2024based-2026-04-28,sourced,
people.npp.ppp.deaths,2063,UK,854.368,persons_k,projection,ons_npp,NPP-2024based-2026-04-28,sourced,
people.npp.ppp.deaths,2064,UK,853.696,persons_k,projection,ons_npp,NPP-2024based-2026-04-28,sourced,
people.npp.ppp.deaths,2065,UK,852.926,persons_k,projection,ons_npp,NPP-2024based-2026-04-28,sourced,
people.npp.ppp.deaths,2066,UK,852.282,persons_k,projection,ons_npp,NPP-2024based-2026-04-28,sourced,
people.npp.ppp.deaths,2067,UK,851.841,persons_k,projection,ons_npp,NPP-2024based-2026-04-28,sourced,
people.npp.ppp.deaths,2068,UK,851.801,persons_k,projection,ons_npp,NPP-2024based-2026-04-28,sourced,
people.npp.ppp.deaths,2069,UK,852.256,persons_k,projection,ons_npp,NPP-2024based-2026-04-28,sourced,
people.npp.ppp.deaths,2070,UK,853.335,persons_k,projection,ons_npp,NPP-2024based-2026-04-28,sourced,
people.npp.ppp.deaths,2071,UK,855.135,persons_k,projection,ons_npp,NPP-2024based-2026-04-28,sourced,
people.npp.ppp.deaths,2072,UK,857.639,persons_k,projection,ons_npp,NPP-2024based-2026-04-28,sourced,
people.npp.ppp.deaths,2073,UK,860.842,persons_k,projection,ons_npp,NPP-2024based-2026-04-28,sourced,
people.npp.ppp.deaths,2074,UK,864.595,persons_k,projection,ons_npp,NPP-2024based-2026-04-28,sourced,
people.npp.ppp.deaths,2075,UK,868.796,persons_k,projection,ons_npp,NPP-2024based-2026-04-28,sourced,
people.npp.ppp.life_expectancy_female,2025,UK,83.631761,years,projection,ons_npp,NPP-2024based-2026-04-28,sourced,
people.npp.ppp.life_expectancy_female,2026,UK,83.481604,years,projection,ons_npp,NPP-2024based-2026-04-28,sourced,
people.npp.ppp.life_expectancy_female,2027,UK,83.612432,years,projection,ons_npp,NPP-2024based-2026-04-28,sourced,
people.npp.ppp.life_expectancy_female,2028,UK,83.737771,years,projection,ons_npp,NPP-2024based-2026-04-28,sourced,
people.npp.ppp.life_expectancy_female,2029,UK,83.857931,years,projection,ons_npp,NPP-2024based-2026-04-28,sourced,
people.npp.ppp.life_expectancy_female,2030,UK,83.9764,years,projection,ons_npp,NPP-2024based-2026-04-28,sourced,
people.npp.ppp.life_expectancy_female,2031,UK,84.093025,years,projection,ons_npp,NPP-2024based-2026-04-28,sourced,
people.npp.ppp.life_expectancy_female,2032,UK,84.205033,years,projection,ons_npp,NPP-2024based-2026-04-28,sourced,
people.npp.ppp.life_expectancy_female,2033,UK,84.314459,years,projection,ons_npp,NPP-2024based-2026-04-28,sourced,
people.npp.ppp.life_expectancy_female,2034,UK,84.42223,years,projection,ons_npp,NPP-2024based-2026-04-28,sourced,
people.npp.ppp.life_expectancy_female,2035,UK,84.528309,years,projection,ons_npp,NPP-2024based-2026-04-28,sourced,
people.npp.ppp.life_expectancy_female,2036,UK,84.632347,years,projection,ons_npp,NPP-2024based-2026-04-28,sourced,
people.npp.ppp.life_expectancy_female,2037,UK,84.734958,years,projection,ons_npp,NPP-2024based-2026-04-28,sourced,
people.npp.ppp.life_expectancy_female,2038,UK,84.837024,years,projection,ons_npp,NPP-2024based-2026-04-28,sourced,
people.npp.ppp.life_expectancy_female,2039,UK,84.936224,years,projection,ons_npp,NPP-2024based-2026-04-28,sourced,
people.npp.ppp.life_expectancy_female,2040,UK,85.036411,years,projection,ons_npp,NPP-2024based-2026-04-28,sourced,
people.npp.ppp.life_expectancy_female,2041,UK,85.134846,years,projection,ons_npp,NPP-2024based-2026-04-28,sourced,
people.npp.ppp.life_expectancy_female,2042,UK,85.233646,years,projection,ons_npp,NPP-2024based-2026-04-28,sourced,
people.npp.ppp.life_expectancy_female,2043,UK,85.332287,years,projection,ons_npp,NPP-2024based-2026-04-28,sourced,
people.npp.ppp.life_expectancy_female,2044,UK,85.42998,years,projection,ons_npp,NPP-2024based-2026-04-28,sourced,
people.npp.ppp.life_expectancy_female,2045,UK,85.528399,years,projection,ons_npp,NPP-2024based-2026-04-28,sourced,
people.npp.ppp.life_expectancy_female,2046,UK,85.624912,years,projection,ons_npp,NPP-2024based-2026-04-28,sourced,
people.npp.ppp.life_expectancy_female,2047,UK,85.721416,years,projection,ons_npp,NPP-2024based-2026-04-28,sourced,
people.npp.ppp.life_expectancy_female,2048,UK,85.81848,years,projection,ons_npp,NPP-2024based-2026-04-28,sourced,
people.npp.ppp.life_expectancy_female,2049,UK,85.91274,years,projection,ons_npp,NPP-2024based-2026-04-28,sourced,
people.npp.ppp.life_expectancy_female,2050,UK,86.008323,years,projection,ons_npp,NPP-2024based-2026-04-28,sourced,
people.npp.ppp.life_expectancy_female,2051,UK,86.105762,years,projection,ons_npp,NPP-2024based-2026-04-28,sourced,
people.npp.ppp.life_expectancy_female,2052,UK,86.200898,years,projection,ons_npp,NPP-2024based-2026-04-28,sourced,
people.npp.ppp.life_expectancy_female,2053,UK,86.296006,years,projection,ons_npp,NPP-2024based-2026-04-28,sourced,
people.npp.ppp.life_expectancy_female,2054,UK,86.391742,years,projection,ons_npp,NPP-2024based-2026-04-28,sourced,
people.npp.ppp.life_expectancy_female,2055,UK,86.485555,years,projection,ons_npp,NPP-2024based-2026-04-28,sourced,
people.npp.ppp.life_expectancy_female,2056,UK,86.580676,years,projection,ons_npp,NPP-2024based-2026-04-28,sourced,
people.npp.ppp.life_expectancy_female,2057,UK,86.67435,years,projection,ons_npp,NPP-2024based-2026-04-28,sourced,
people.npp.ppp.life_expectancy_female,2058,UK,86.769281,years,projection,ons_npp,NPP-2024based-2026-04-28,sourced,
people.npp.ppp.life_expectancy_female,2059,UK,86.862487,years,projection,ons_npp,NPP-2024based-2026-04-28,sourced,
people.npp.ppp.life_expectancy_female,2060,UK,86.955437,years,projection,ons_npp,NPP-2024based-2026-04-28,sourced,
people.npp.ppp.life_expectancy_female,2061,UK,87.047741,years,projection,ons_npp,NPP-2024based-2026-04-28,sourced,
people.npp.ppp.life_expectancy_female,2062,UK,87.141533,years,projection,ons_npp,NPP-2024based-2026-04-28,sourced,
people.npp.ppp.life_expectancy_female,2063,UK,87.232719,years,projection,ons_npp,NPP-2024based-2026-04-28,sourced,
people.npp.ppp.life_expectancy_female,2064,UK,87.324905,years,projection,ons_npp,NPP-2024based-2026-04-28,sourced,
people.npp.ppp.life_expectancy_female,2065,UK,87.416572,years,projection,ons_npp,NPP-2024based-2026-04-28,sourced,
people.npp.ppp.life_expectancy_female,2066,UK,87.507197,years,projection,ons_npp,NPP-2024based-2026-04-28,sourced,
people.npp.ppp.life_expectancy_female,2067,UK,87.60061,years,projection,ons_npp,NPP-2024based-2026-04-28,sourced,
people.npp.ppp.life_expectancy_female,2068,UK,87.691592,years,projection,ons_npp,NPP-2024based-2026-04-28,sourced,
people.npp.ppp.life_expectancy_female,2069,UK,87.781213,years,projection,ons_npp,NPP-2024based-2026-04-28,sourced,
people.npp.ppp.life_expectancy_female,2070,UK,87.871976,years,projection,ons_npp,NPP-2024based-2026-04-28,sourced,
people.npp.ppp.life_expectancy_female,2071,UK,87.961982,years,projection,ons_npp,NPP-2024based-2026-04-28,sourced,
people.npp.ppp.life_expectancy_female,2072,UK,88.052094,years,projection,ons_npp,NPP-2024based-2026-04-28,sourced,
people.npp.ppp.life_expectancy_female,2073,UK,88.14003,years,projection,ons_npp,NPP-2024based-2026-04-28,sourced,
people.npp.ppp.life_expectancy_female,2074,UK,88.229731,years,projection,ons_npp,NPP-2024based-2026-04-28,sourced,
people.npp.ppp.life_expectancy_female,2075,UK,88.319808,years,projection,ons_npp,NPP-2024based-2026-04-28,sourced,
people.npp.ppp.life_expectancy_male,2025,UK,79.85393,years,projection,ons_npp,NPP-2024based-2026-04-28,sourced,
people.npp.ppp.life_expectancy_male,2026,UK,79.644382,years,projection,ons_npp,NPP-2024based-2026-04-28,sourced,
people.npp.ppp.life_expectancy_male,2027,UK,79.785553,years,projection,ons_npp,NPP-2024based-2026-04-28,sourced,
people.npp.ppp.life_expectancy_male,2028,UK,79.92123,years,projection,ons_npp,NPP-2024based-2026-04-28,sourced,
people.npp.ppp.life_expectancy_male,2029,UK,80.054769,years,projection,ons_npp,NPP-2024based-2026-04-28,sourced,
people.npp.ppp.life_expectancy_male,2030,UK,80.184253,years,projection,ons_npp,NPP-2024based-2026-04-28,sourced,
people.npp.ppp.life_expectancy_male,2031,UK,80.311898,years,projection,ons_npp,NPP-2024based-2026-04-28,sourced,
people.npp.ppp.life_expectancy_male,2032,UK,80.435384,years,projection,ons_npp,NPP-2024based-2026-04-28,sourced,
people.npp.ppp.life_expectancy_male,2033,UK,80.558207,years,projection,ons_npp,NPP-2024based-2026-04-28,sourced,
people.npp.ppp.life_expectancy_male,2034,UK,80.678811,years,projection,ons_npp,NPP-2024based-2026-04-28,sourced,
people.npp.ppp.life_expectancy_male,2035,UK,80.796308,years,projection,ons_npp,NPP-2024based-2026-04-28,sourced,
people.npp.ppp.life_expectancy_male,2036,UK,80.913588,years,projection,ons_npp,NPP-2024based-2026-04-28,sourced,
people.npp.ppp.life_expectancy_male,2037,UK,81.029815,years,projection,ons_npp,NPP-2024based-2026-04-28,sourced,
people.npp.ppp.life_expectancy_male,2038,UK,81.142784,years,projection,ons_npp,NPP-2024based-2026-04-28,sourced,
people.npp.ppp.life_expectancy_male,2039,UK,81.257341,years,projection,ons_npp,NPP-2024based-2026-04-28,sourced,
people.npp.ppp.life_expectancy_male,2040,UK,81.370105,years,projection,ons_npp,NPP-2024based-2026-04-28,sourced,
people.npp.ppp.life_expectancy_male,2041,UK,81.483696,years,projection,ons_npp,NPP-2024based-2026-04-28,sourced,
people.npp.ppp.life_expectancy_male,2042,UK,81.594693,years,projection,ons_npp,NPP-2024based-2026-04-28,sourced,
people.npp.ppp.life_expectancy_male,2043,UK,81.705184,years,projection,ons_npp,NPP-2024based-2026-04-28,sourced,
people.npp.ppp.life_expectancy_male,2044,UK,81.816815,years,projection,ons_npp,NPP-2024based-2026-04-28,sourced,
people.npp.ppp.life_expectancy_male,2045,UK,81.925985,years,projection,ons_npp,NPP-2024based-2026-04-28,sourced,
people.npp.ppp.life_expectancy_male,2046,UK,82.034972,years,projection,ons_npp,NPP-2024based-2026-04-28,sourced,
people.npp.ppp.life_expectancy_male,2047,UK,82.144652,years,projection,ons_npp,NPP-2024based-2026-04-28,sourced,
people.npp.ppp.life_expectancy_male,2048,UK,82.253433,years,projection,ons_npp,NPP-2024based-2026-04-28,sourced,
people.npp.ppp.life_expectancy_male,2049,UK,82.362058,years,projection,ons_npp,NPP-2024based-2026-04-28,sourced,
people.npp.ppp.life_expectancy_male,2050,UK,82.470374,years,projection,ons_npp,NPP-2024based-2026-04-28,sourced,
people.npp.ppp.life_expectancy_male,2051,UK,82.576459,years,projection,ons_npp,NPP-2024based-2026-04-28,sourced,
people.npp.ppp.life_expectancy_male,2052,UK,82.684276,years,projection,ons_npp,NPP-2024based-2026-04-28,sourced,
people.npp.ppp.life_expectancy_male,2053,UK,82.791447,years,projection,ons_npp,NPP-2024based-2026-04-28,sourced,
people.npp.ppp.life_expectancy_male,2054,UK,82.89772,years,projection,ons_npp,NPP-2024based-2026-04-28,sourced,
people.npp.ppp.life_expectancy_male,2055,UK,83.003244,years,projection,ons_npp,NPP-2024based-2026-04-28,sourced,
people.npp.ppp.life_expectancy_male,2056,UK,83.110988,years,projection,ons_npp,NPP-2024based-2026-04-28,sourced,
people.npp.ppp.life_expectancy_male,2057,UK,83.216528,years,projection,ons_npp,NPP-2024based-2026-04-28,sourced,
people.npp.ppp.life_expectancy_male,2058,UK,83.32239,years,projection,ons_npp,NPP-2024based-2026-04-28,sourced,
people.npp.ppp.life_expectancy_male,2059,UK,83.427287,years,projection,ons_npp,NPP-2024based-2026-04-28,sourced,
people.npp.ppp.life_expectancy_male,2060,UK,83.534191,years,projection,ons_npp,NPP-2024based-2026-04-28,sourced,
people.npp.ppp.life_expectancy_male,2061,UK,83.638714,years,projection,ons_npp,NPP-2024based-2026-04-28,sourced,
people.npp.ppp.life_expectancy_male,2062,UK,83.743968,years,projection,ons_npp,NPP-2024based-2026-04-28,sourced,
people.npp.ppp.life_expectancy_male,2063,UK,83.848258,years,projection,ons_npp,NPP-2024based-2026-04-28,sourced,
people.npp.ppp.life_expectancy_male,2064,UK,83.952488,years,projection,ons_npp,NPP-2024based-2026-04-28,sourced,
people.npp.ppp.life_expectancy_male,2065,UK,84.056405,years,projection,ons_npp,NPP-2024based-2026-04-28,sourced,
people.npp.ppp.life_expectancy_male,2066,UK,84.159395,years,projection,ons_npp,NPP-2024based-2026-04-28,sourced,
people.npp.ppp.life_expectancy_male,2067,UK,84.263525,years,projection,ons_npp,NPP-2024based-2026-04-28,sourced,
people.npp.ppp.life_expectancy_male,2068,UK,84.366841,years,projection,ons_npp,NPP-2024based-2026-04-28,sourced,
people.npp.ppp.life_expectancy_male,2069,UK,84.469107,years,projection,ons_npp,NPP-2024based-2026-04-28,sourced,
people.npp.ppp.life_expectancy_male,2070,UK,84.571164,years,projection,ons_npp,NPP-2024based-2026-04-28,sourced,
people.npp.ppp.life_expectancy_male,2071,UK,84.673554,years,projection,ons_npp,NPP-2024based-2026-04-28,sourced,
people.npp.ppp.life_expectancy_male,2072,UK,84.775784,years,projection,ons_npp,NPP-2024based-2026-04-28,sourced,
people.npp.ppp.life_expectancy_male,2073,UK,84.877538,years,projection,ons_npp,NPP-2024based-2026-04-28,sourced,
people.npp.ppp.life_expectancy_male,2074,UK,84.978412,years,projection,ons_npp,NPP-2024based-2026-04-28,sourced,
people.npp.ppp.life_expectancy_male,2075,UK,85.080731,years,projection,ons_npp,NPP-2024based-2026-04-28,sourced,
people.npp.ppp.net_migration,2025,UK,204.0,persons_k,projection,ons_npp,NPP-2024based-2026-04-28,sourced,
people.npp.ppp.net_migration,2026,UK,138.0,persons_k,projection,ons_npp,NPP-2024based-2026-04-28,sourced,
people.npp.ppp.net_migration,2027,UK,230.0,persons_k,projection,ons_npp,NPP-2024based-2026-04-28,sourced,
people.npp.ppp.net_migration,2028,UK,230.0,persons_k,projection,ons_npp,NPP-2024based-2026-04-28,sourced,
people.npp.ppp.net_migration,2029,UK,230.0,persons_k,projection,ons_npp,NPP-2024based-2026-04-28,sourced,
people.npp.ppp.net_migration,2030,UK,230.0,persons_k,projection,ons_npp,NPP-2024based-2026-04-28,sourced,
people.npp.ppp.net_migration,2031,UK,230.0,persons_k,projection,ons_npp,NPP-2024based-2026-04-28,sourced,
people.npp.ppp.net_migration,2032,UK,230.0,persons_k,projection,ons_npp,NPP-2024based-2026-04-28,sourced,
people.npp.ppp.net_migration,2033,UK,230.0,persons_k,projection,ons_npp,NPP-2024based-2026-04-28,sourced,
people.npp.ppp.net_migration,2034,UK,230.0,persons_k,projection,ons_npp,NPP-2024based-2026-04-28,sourced,
people.npp.ppp.net_migration,2035,UK,230.0,persons_k,projection,ons_npp,NPP-2024based-2026-04-28,sourced,
people.npp.ppp.net_migration,2036,UK,230.0,persons_k,projection,ons_npp,NPP-2024based-2026-04-28,sourced,
people.npp.ppp.net_migration,2037,UK,230.0,persons_k,projection,ons_npp,NPP-2024based-2026-04-28,sourced,
people.npp.ppp.net_migration,2038,UK,230.0,persons_k,projection,ons_npp,NPP-2024based-2026-04-28,sourced,
people.npp.ppp.net_migration,2039,UK,230.0,persons_k,projection,ons_npp,NPP-2024based-2026-04-28,sourced,
people.npp.ppp.net_migration,2040,UK,230.0,persons_k,projection,ons_npp,NPP-2024based-2026-04-28,sourced,
people.npp.ppp.net_migration,2041,UK,230.0,persons_k,projection,ons_npp,NPP-2024based-2026-04-28,sourced,
people.npp.ppp.net_migration,2042,UK,230.0,persons_k,projection,ons_npp,NPP-2024based-2026-04-28,sourced,
people.npp.ppp.net_migration,2043,UK,230.0,persons_k,projection,ons_npp,NPP-2024based-2026-04-28,sourced,
people.npp.ppp.net_migration,2044,UK,230.0,persons_k,projection,ons_npp,NPP-2024based-2026-04-28,sourced,
people.npp.ppp.net_migration,2045,UK,230.0,persons_k,projection,ons_npp,NPP-2024based-2026-04-28,sourced,
people.npp.ppp.net_migration,2046,UK,230.0,persons_k,projection,ons_npp,NPP-2024based-2026-04-28,sourced,
people.npp.ppp.net_migration,2047,UK,230.0,persons_k,projection,ons_npp,NPP-2024based-2026-04-28,sourced,
people.npp.ppp.net_migration,2048,UK,230.0,persons_k,projection,ons_npp,NPP-2024based-2026-04-28,sourced,
people.npp.ppp.net_migration,2049,UK,230.0,persons_k,projection,ons_npp,NPP-2024based-2026-04-28,sourced,
people.npp.ppp.net_migration,2050,UK,230.0,persons_k,projection,ons_npp,NPP-2024based-2026-04-28,sourced,
people.npp.ppp.net_migration,2051,UK,230.0,persons_k,projection,ons_npp,NPP-2024based-2026-04-28,sourced,
people.npp.ppp.net_migration,2052,UK,230.0,persons_k,projection,ons_npp,NPP-2024based-2026-04-28,sourced,
people.npp.ppp.net_migration,2053,UK,230.0,persons_k,projection,ons_npp,NPP-2024based-2026-04-28,sourced,
people.npp.ppp.net_migration,2054,UK,230.0,persons_k,projection,ons_npp,NPP-2024based-2026-04-28,sourced,
people.npp.ppp.net_migration,2055,UK,230.0,persons_k,projection,ons_npp,NPP-2024based-2026-04-28,sourced,
people.npp.ppp.net_migration,2056,UK,230.0,persons_k,projection,ons_npp,NPP-2024based-2026-04-28,sourced,
people.npp.ppp.net_migration,2057,UK,230.0,persons_k,projection,ons_npp,NPP-2024based-2026-04-28,sourced,
people.npp.ppp.net_migration,2058,UK,230.0,persons_k,projection,ons_npp,NPP-2024based-2026-04-28,sourced,
people.npp.ppp.net_migration,2059,UK,230.0,persons_k,projection,ons_npp,NPP-2024based-2026-04-28,sourced,
people.npp.ppp.net_migration,2060,UK,230.0,persons_k,projection,ons_npp,NPP-2024based-2026-04-28,sourced,
people.npp.ppp.net_migration,2061,UK,230.0,persons_k,projection,ons_npp,NPP-2024based-2026-04-28,sourced,
people.npp.ppp.net_migration,2062,UK,230.0,persons_k,projection,ons_npp,NPP-2024based-2026-04-28,sourced,
people.npp.ppp.net_migration,2063,UK,230.0,persons_k,projection,ons_npp,NPP-2024based-2026-04-28,sourced,
people.npp.ppp.net_migration,2064,UK,230.0,persons_k,projection,ons_npp,NPP-2024based-2026-04-28,sourced,
people.npp.ppp.net_migration,2065,UK,230.0,persons_k,projection,ons_npp,NPP-2024based-2026-04-28,sourced,
people.npp.ppp.net_migration,2066,UK,230.0,persons_k,projection,ons_npp,NPP-2024based-2026-04-28,sourced,
people.npp.ppp.net_migration,2067,UK,230.0,persons_k,projection,ons_npp,NPP-2024based-2026-04-28,sourced,
people.npp.ppp.net_migration,2068,UK,230.0,persons_k,projection,ons_npp,NPP-2024based-2026-04-28,sourced,
people.npp.ppp.net_migration,2069,UK,230.0,persons_k,projection,ons_npp,NPP-2024based-2026-04-28,sourced,
people.npp.ppp.net_migration,2070,UK,230.0,persons_k,projection,ons_npp,NPP-2024based-2026-04-28,sourced,
people.npp.ppp.net_migration,2071,UK,230.0,persons_k,projection,ons_npp,NPP-2024based-2026-04-28,sourced,
people.npp.ppp.net_migration,2072,UK,230.0,persons_k,projection,ons_npp,NPP-2024based-2026-04-28,sourced,
people.npp.ppp.net_migration,2073,UK,230.0,persons_k,projection,ons_npp,NPP-2024based-2026-04-28,sourced,
people.npp.ppp.net_migration,2074,UK,230.0,persons_k,projection,ons_npp,NPP-2024based-2026-04-28,sourced,
people.npp.ppp.net_migration,2075,UK,230.0,persons_k,projection,ons_npp,NPP-2024based-2026-04-28,sourced,
people.npp.ppp.oadr,2024,UK,279.682164,per_1000,outturn,ons_npp,NPP-2024based-2026-04-28,sourced,"Base year of the 2024-based projections: ONS mid-2024 population estimate. ONS: Children under 16, working age, and pensionable age populations are based on State Pension Age (SPA) for a given year. Women's SPA increased to 65 between April 2016 and November 2018. From December 2018, the SPA for both sexes increased to 66 by October 2020 (Pensions Act 2011). Between 2026 and 2028, the SPA will increase from 66 to 67 years for both sexes (Pensions Act 2014), and will increase to 68 between 2044 and 2046 (Pensions Act 2007)."
people.npp.ppp.oadr,2025,UK,284.391299,per_1000,projection,ons_npp,NPP-2024based-2026-04-28,sourced,
people.npp.ppp.oadr,2026,UK,285.726506,per_1000,projection,ons_npp,NPP-2024based-2026-04-28,sourced,
people.npp.ppp.oadr,2027,UK,279.029721,per_1000,projection,ons_npp,NPP-2024based-2026-04-28,sourced,
people.npp.ppp.oadr,2028,UK,275.748224,per_1000,projection,ons_npp,NPP-2024based-2026-04-28,sourced,
people.npp.ppp.oadr,2029,UK,281.112771,per_1000,projection,ons_npp,NPP-2024based-2026-04-28,sourced,
people.npp.ppp.oadr,2030,UK,286.871695,per_1000,projection,ons_npp,NPP-2024based-2026-04-28,sourced,
people.npp.ppp.oadr,2031,UK,292.873067,per_1000,projection,ons_npp,NPP-2024based-2026-04-28,sourced,
people.npp.ppp.oadr,2032,UK,298.822586,per_1000,projection,ons_npp,NPP-2024based-2026-04-28,sourced,
people.npp.ppp.oadr,2033,UK,304.448166,per_1000,projection,ons_npp,NPP-2024based-2026-04-28,sourced,
people.npp.ppp.oadr,2034,UK,309.964725,per_1000,projection,ons_npp,NPP-2024based-2026-04-28,sourced,
people.npp.ppp.oadr,2035,UK,315.082183,per_1000,projection,ons_npp,NPP-2024based-2026-04-28,sourced,
people.npp.ppp.oadr,2036,UK,320.040125,per_1000,projection,ons_npp,NPP-2024based-2026-04-28,sourced,
people.npp.ppp.oadr,2037,UK,324.332271,per_1000,projection,ons_npp,NPP-2024based-2026-04-28,sourced,
people.npp.ppp.oadr,2038,UK,328.916144,per_1000,projection,ons_npp,NPP-2024based-2026-04-28,sourced,
people.npp.ppp.oadr,2039,UK,332.636864,per_1000,projection,ons_npp,NPP-2024based-2026-04-28,sourced,
people.npp.ppp.oadr,2040,UK,335.424215,per_1000,projection,ons_npp,NPP-2024based-2026-04-28,sourced,
people.npp.ppp.oadr,2041,UK,337.310826,per_1000,projection,ons_npp,NPP-2024based-2026-04-28,sourced,
people.npp.ppp.oadr,2042,UK,338.780931,per_1000,projection,ons_npp,NPP-2024based-2026-04-28,sourced,
people.npp.ppp.oadr,2043,UK,339.778798,per_1000,projection,ons_npp,NPP-2024based-2026-04-28,sourced,
people.npp.ppp.oadr,2044,UK,337.029038,per_1000,projection,ons_npp,NPP-2024based-2026-04-28,sourced,
people.npp.ppp.oadr,2045,UK,327.243272,per_1000,projection,ons_npp,NPP-2024based-2026-04-28,sourced,
people.npp.ppp.oadr,2046,UK,320.640722,per_1000,projection,ons_npp,NPP-2024based-2026-04-28,sourced,
people.npp.ppp.oadr,2047,UK,322.946952,per_1000,projection,ons_npp,NPP-2024based-2026-04-28,sourced,
people.npp.ppp.oadr,2048,UK,326.164045,per_1000,projection,ons_npp,NPP-2024based-2026-04-28,sourced,
people.npp.ppp.oadr,2049,UK,329.307902,per_1000,projection,ons_npp,NPP-2024based-2026-04-28,sourced,
people.npp.ppp.oadr,2050,UK,332.213867,per_1000,projection,ons_npp,NPP-2024based-2026-04-28,sourced,
people.npp.ppp.oadr,2051,UK,335.256744,per_1000,projection,ons_npp,NPP-2024based-2026-04-28,sourced,
people.npp.ppp.oadr,2052,UK,338.272044,per_1000,projection,ons_npp,NPP-2024based-2026-04-28,sourced,
people.npp.ppp.oadr,2053,UK,342.027736,per_1000,projection,ons_npp,NPP-2024based-2026-04-28,sourced,
people.npp.ppp.oadr,2054,UK,345.913136,per_1000,projection,ons_npp,NPP-2024based-2026-04-28,sourced,
people.npp.ppp.oadr,2055,UK,349.969524,per_1000,projection,ons_npp,NPP-2024based-2026-04-28,sourced,
people.npp.ppp.oadr,2056,UK,354.622751,per_1000,projection,ons_npp,NPP-2024based-2026-04-28,sourced,
people.npp.ppp.oadr,2057,UK,359.060308,per_1000,projection,ons_npp,NPP-2024based-2026-04-28,sourced,
people.npp.ppp.oadr,2058,UK,363.767926,per_1000,projection,ons_npp,NPP-2024based-2026-04-28,sourced,
people.npp.ppp.oadr,2059,UK,368.653692,per_1000,projection,ons_npp,NPP-2024based-2026-04-28,sourced,
people.npp.ppp.oadr,2060,UK,373.345689,per_1000,projection,ons_npp,NPP-2024based-2026-04-28,sourced,
people.npp.ppp.oadr,2061,UK,377.570144,per_1000,projection,ons_npp,NPP-2024based-2026-04-28,sourced,
people.npp.ppp.oadr,2062,UK,381.97635,per_1000,projection,ons_npp,NPP-2024based-2026-04-28,sourced,
people.npp.ppp.oadr,2063,UK,386.014651,per_1000,projection,ons_npp,NPP-2024based-2026-04-28,sourced,
people.npp.ppp.oadr,2064,UK,390.021888,per_1000,projection,ons_npp,NPP-2024based-2026-04-28,sourced,
people.npp.ppp.oadr,2065,UK,394.691194,per_1000,projection,ons_npp,NPP-2024based-2026-04-28,sourced,
people.npp.ppp.oadr,2066,UK,399.092038,per_1000,projection,ons_npp,NPP-2024based-2026-04-28,sourced,
people.npp.ppp.oadr,2067,UK,403.237446,per_1000,projection,ons_npp,NPP-2024based-2026-04-28,sourced,
people.npp.ppp.oadr,2068,UK,406.51919,per_1000,projection,ons_npp,NPP-2024based-2026-04-28,sourced,
people.npp.ppp.oadr,2069,UK,409.269058,per_1000,projection,ons_npp,NPP-2024based-2026-04-28,sourced,
people.npp.ppp.oadr,2070,UK,411.999534,per_1000,projection,ons_npp,NPP-2024based-2026-04-28,sourced,
people.npp.ppp.oadr,2071,UK,415.007412,per_1000,projection,ons_npp,NPP-2024based-2026-04-28,sourced,
people.npp.ppp.oadr,2072,UK,418.564219,per_1000,projection,ons_npp,NPP-2024based-2026-04-28,sourced,
people.npp.ppp.oadr,2073,UK,422.59572,per_1000,projection,ons_npp,NPP-2024based-2026-04-28,sourced,
people.npp.ppp.oadr,2074,UK,426.654072,per_1000,projection,ons_npp,NPP-2024based-2026-04-28,sourced,
people.npp.ppp.oadr,2075,UK,431.18212,per_1000,projection,ons_npp,NPP-2024based-2026-04-28,sourced,
people.npp.ppp.pension_age,2024,UK,12388.913,persons_k,outturn,ons_npp,NPP-2024based-2026-04-28,sourced,"Base year of the 2024-based projections: ONS mid-2024 population estimate. ONS: Children under 16, working age, and pensionable age populations are based on State Pension Age (SPA) for a given year. Women's SPA increased to 65 between April 2016 and November 2018. From December 2018, the SPA for both sexes increased to 66 by October 2020 (Pensions Act 2011). Between 2026 and 2028, the SPA will increase from 66 to 67 years for both sexes (Pensions Act 2014), and will increase to 68 between 2044 and 2046 (Pensions Act 2007)."
people.npp.ppp.pension_age,2025,UK,12633.509,persons_k,projection,ons_npp,NPP-2024based-2026-04-28,sourced,
people.npp.ppp.pension_age,2026,UK,12745.026612,persons_k,projection,ons_npp,NPP-2024based-2026-04-28,sourced,
people.npp.ppp.pension_age,2027,UK,12595.174375,persons_k,projection,ons_npp,NPP-2024based-2026-04-28,sourced,
people.npp.ppp.pension_age,2028,UK,12561.313,persons_k,projection,ons_npp,NPP-2024based-2026-04-28,sourced,
people.npp.ppp.pension_age,2029,UK,12830.257,persons_k,projection,ons_npp,NPP-2024based-2026-04-28,sourced,
people.npp.ppp.pension_age,2030,UK,13108.681,persons_k,projection,ons_npp,NPP-2024based-2026-04-28,sourced,
people.npp.ppp.pension_age,2031,UK,13394.21,persons_k,projection,ons_npp,NPP-2024based-2026-04-28,sourced,
people.npp.ppp.pension_age,2032,UK,13678.19,persons_k,projection,ons_npp,NPP-2024based-2026-04-28,sourced,
people.npp.ppp.pension_age,2033,UK,13944.555,persons_k,projection,ons_npp,NPP-2024based-2026-04-28,sourced,
people.npp.ppp.pension_age,2034,UK,14201.576,persons_k,projection,ons_npp,NPP-2024based-2026-04-28,sourced,
people.npp.ppp.pension_age,2035,UK,14440.995,persons_k,projection,ons_npp,NPP-2024based-2026-04-28,sourced,
people.npp.ppp.pension_age,2036,UK,14669.781,persons_k,projection,ons_npp,NPP-2024based-2026-04-28,sourced,
people.npp.ppp.pension_age,2037,UK,14867.463,persons_k,projection,ons_npp,NPP-2024based-2026-04-28,sourced,
people.npp.ppp.pension_age,2038,UK,15074.936,persons_k,projection,ons_npp,NPP-2024based-2026-04-28,sourced,
people.npp.ppp.pension_age,2039,UK,15241.471,persons_k,projection,ons_npp,NPP-2024based-2026-04-28,sourced,
people.npp.ppp.pension_age,2040,UK,15369.637,persons_k,projection,ons_npp,NPP-2024based-2026-04-28,sourced,
people.npp.ppp.pension_age,2041,UK,15461.032,persons_k,projection,ons_npp,NPP-2024based-2026-04-28,sourced,
people.npp.ppp.pension_age,2042,UK,15537.125,persons_k,projection,ons_npp,NPP-2024based-2026-04-28,sourced,
people.npp.ppp.pension_age,2043,UK,15594.537,persons_k,projection,ons_npp,NPP-2024based-2026-04-28,sourced,
people.npp.ppp.pension_age,2044,UK,15520.932014,persons_k,projection,ons_npp,NPP-2024based-2026-04-28,sourced,
people.npp.ppp.pension_age,2045,UK,15199.485455,persons_k,projection,ons_npp,NPP-2024based-2026-04-28,sourced,
people.npp.ppp.pension_age,2046,UK,14983.127,persons_k,projection,ons_npp,NPP-2024based-2026-04-28,sourced,
people.npp.ppp.pension_age,2047,UK,15078.783,persons_k,projection,ons_npp,NPP-2024based-2026-04-28,sourced,
people.npp.ppp.pension_age,2048,UK,15204.636,persons_k,projection,ons_npp,NPP-2024based-2026-04-28,sourced,
people.npp.ppp.pension_age,2049,UK,15325.917,persons_k,projection,ons_npp,NPP-2024based-2026-04-28,sourced,
people.npp.ppp.pension_age,2050,UK,15437.006,persons_k,projection,ons_npp,NPP-2024based-2026-04-28,sourced,
people.npp.ppp.pension_age,2051,UK,15551.219,persons_k,projection,ons_npp,NPP-2024based-2026-04-28,sourced,
people.npp.ppp.pension_age,2052,UK,15663.047,persons_k,projection,ons_npp,NPP-2024based-2026-04-28,sourced,
people.npp.ppp.pension_age,2053,UK,15799.174,persons_k,projection,ons_npp,NPP-2024based-2026-04-28,sourced,
people.npp.ppp.pension_age,2054,UK,15938.551,persons_k,projection,ons_npp,NPP-2024based-2026-04-28,sourced,
people.npp.ppp.pension_age,2055,UK,16082.713,persons_k,projection,ons_npp,NPP-2024based-2026-04-28,sourced,
people.npp.ppp.pension_age,2056,UK,16246.164,persons_k,projection,ons_npp,NPP-2024based-2026-04-28,sourced,
people.npp.ppp.pension_age,2057,UK,16401.365,persons_k,projection,ons_npp,NPP-2024based-2026-04-28,sourced,
people.npp.ppp.pension_age,2058,UK,16564.804,persons_k,projection,ons_npp,NPP-2024based-2026-04-28,sourced,
people.npp.ppp.pension_age,2059,UK,16733.326,persons_k,projection,ons_npp,NPP-2024based-2026-04-28,sourced,
people.npp.ppp.pension_age,2060,UK,16894.548,persons_k,projection,ons_npp,NPP-2024based-2026-04-28,sourced,
people.npp.ppp.pension_age,2061,UK,17039.471,persons_k,projection,ons_npp,NPP-2024based-2026-04-28,sourced,
people.npp.ppp.pension_age,2062,UK,17189.333,persons_k,projection,ons_npp,NPP-2024based-2026-04-28,sourced,
people.npp.ppp.pension_age,2063,UK,17326.146,persons_k,projection,ons_npp,NPP-2024based-2026-04-28,sourced,
people.npp.ppp.pension_age,2064,UK,17460.831,persons_k,projection,ons_npp,NPP-2024based-2026-04-28,sourced,
people.npp.ppp.pension_age,2065,UK,17615.409,persons_k,projection,ons_npp,NPP-2024based-2026-04-28,sourced,
people.npp.ppp.pension_age,2066,UK,17759.466,persons_k,projection,ons_npp,NPP-2024based-2026-04-28,sourced,
people.npp.ppp.pension_age,2067,UK,17893.133,persons_k,projection,ons_npp,NPP-2024based-2026-04-28,sourced,
people.npp.ppp.pension_age,2068,UK,17997.131,persons_k,projection,ons_npp,NPP-2024based-2026-04-28,sourced,
people.npp.ppp.pension_age,2069,UK,18081.94,persons_k,projection,ons_npp,NPP-2024based-2026-04-28,sourced,
people.npp.ppp.pension_age,2070,UK,18163.444,persons_k,projection,ons_npp,NPP-2024based-2026-04-28,sourced,
people.npp.ppp.pension_age,2071,UK,18250.6,persons_k,projection,ons_npp,NPP-2024based-2026-04-28,sourced,
people.npp.ppp.pension_age,2072,UK,18351.525,persons_k,projection,ons_npp,NPP-2024based-2026-04-28,sourced,
people.npp.ppp.pension_age,2073,UK,18463.551,persons_k,projection,ons_npp,NPP-2024based-2026-04-28,sourced,
people.npp.ppp.pension_age,2074,UK,18572.643,persons_k,projection,ons_npp,NPP-2024based-2026-04-28,sourced,
people.npp.ppp.pension_age,2075,UK,18692.161,persons_k,projection,ons_npp,NPP-2024based-2026-04-28,sourced,
people.npp.ppp.population,2024,UK,69281.437,persons_k,outturn,ons_npp,NPP-2024based-2026-04-28,sourced,Base year of the 2024-based projections: ONS mid-2024 population estimate.
people.npp.ppp.population,2025,UK,69502.341,persons_k,projection,ons_npp,NPP-2024based-2026-04-28,sourced,
people.npp.ppp.population,2026,UK,69627.595,persons_k,projection,ons_npp,NPP-2024based-2026-04-28,sourced,
people.npp.ppp.population,2027,UK,69836.073,persons_k,projection,ons_npp,NPP-2024based-2026-04-28,sourced,
people.npp.ppp.population,2028,UK,70035.138,persons_k,projection,ons_npp,NPP-2024based-2026-04-28,sourced,
people.npp.ppp.population,2029,UK,70223.783,persons_k,projection,ons_npp,NPP-2024based-2026-04-28,sourced,
people.npp.ppp.population,2030,UK,70402.014,persons_k,projection,ons_npp,NPP-2024based-2026-04-28,sourced,
people.npp.ppp.population,2031,UK,70570.169,persons_k,projection,ons_npp,NPP-2024based-2026-04-28,sourced,
people.npp.ppp.population,2032,UK,70728.035,persons_k,projection,ons_npp,NPP-2024based-2026-04-28,sourced,
people.npp.ppp.population,2033,UK,70875.765,persons_k,projection,ons_npp,NPP-2024based-2026-04-28,sourced,
people.npp.ppp.population,2034,UK,71013.837,persons_k,projection,ons_npp,NPP-2024based-2026-04-28,sourced,
people.npp.ppp.population,2035,UK,71143.153,persons_k,projection,ons_npp,NPP-2024based-2026-04-28,sourced,
people.npp.ppp.population,2036,UK,71264.846,persons_k,projection,ons_npp,NPP-2024based-2026-04-28,sourced,
people.npp.ppp.population,2037,UK,71379.937,persons_k,projection,ons_npp,NPP-2024based-2026-04-28,sourced,
people.npp.ppp.population,2038,UK,71489.413,persons_k,projection,ons_npp,NPP-2024based-2026-04-28,sourced,
people.npp.ppp.population,2039,UK,71594.113,persons_k,projection,ons_npp,NPP-2024based-2026-04-28,sourced,
people.npp.ppp.population,2040,UK,71694.769,persons_k,projection,ons_npp,NPP-2024based-2026-04-28,sourced,
people.npp.ppp.population,2041,UK,71791.876,persons_k,projection,ons_npp,NPP-2024based-2026-04-28,sourced,
people.npp.ppp.population,2042,UK,71885.674,persons_k,projection,ons_npp,NPP-2024based-2026-04-28,sourced,
people.npp.ppp.population,2043,UK,71976.128,persons_k,projection,ons_npp,NPP-2024based-2026-04-28,sourced,
people.npp.ppp.population,2044,UK,72062.914,persons_k,projection,ons_npp,NPP-2024based-2026-04-28,sourced,
people.npp.ppp.population,2045,UK,72145.028,persons_k,projection,ons_npp,NPP-2024based-2026-04-28,sourced,
people.npp.ppp.population,2046,UK,72221.484,persons_k,projection,ons_npp,NPP-2024based-2026-04-28,sourced,
people.npp.ppp.population,2047,UK,72291.646,persons_k,projection,ons_npp,NPP-2024based-2026-04-28,sourced,
people.npp.ppp.population,2048,UK,72354.744,persons_k,projection,ons_npp,NPP-2024based-2026-04-28,sourced,
people.npp.ppp.population,2049,UK,72409.925,persons_k,projection,ons_npp,NPP-2024based-2026-04-28,sourced,
people.npp.ppp.population,2050,UK,72455.719,persons_k,projection,ons_npp,NPP-2024based-2026-04-28,sourced,
people.npp.ppp.population,2051,UK,72490.84,persons_k,projection,ons_npp,NPP-2024based-2026-04-28,sourced,
people.npp.ppp.population,2052,UK,72514.847,persons_k,projection,ons_npp,NPP-2024based-2026-04-28,sourced,
people.npp.ppp.population,2053,UK,72527.418,persons_k,projection,ons_npp,NPP-2024based-2026-04-28,sourced,
people.npp.ppp.population,2054,UK,72528.463,persons_k,projection,ons_npp,NPP-2024based-2026-04-28,sourced,
people.npp.ppp.population,2055,UK,72518.286,persons_k,projection,ons_npp,NPP-2024based-2026-04-28,sourced,
people.npp.ppp.population,2056,UK,72497.721,persons_k,projection,ons_npp,NPP-2024based-2026-04-28,sourced,
people.npp.ppp.population,2057,UK,72467.871,persons_k,projection,ons_npp,NPP-2024based-2026-04-28,sourced,
people.npp.ppp.population,2058,UK,72429.849,persons_k,projection,ons_npp,NPP-2024based-2026-04-28,sourced,
people.npp.ppp.population,2059,UK,72384.8,persons_k,projection,ons_npp,NPP-2024based-2026-04-28,sourced,
people.npp.ppp.population,2060,UK,72334.005,persons_k,projection,ons_npp,NPP-2024based-2026-04-28,sourced,
people.npp.ppp.population,2061,UK,72278.708,persons_k,projection,ons_npp,NPP-2024based-2026-04-28,sourced,
people.npp.ppp.population,2062,UK,72220.12,persons_k,projection,ons_npp,NPP-2024based-2026-04-28,sourced,
people.npp.ppp.population,2063,UK,72159.117,persons_k,projection,ons_npp,NPP-2024based-2026-04-28,sourced,
people.npp.ppp.population,2064,UK,72096.331,persons_k,projection,ons_npp,NPP-2024based-2026-04-28,sourced,
people.npp.ppp.population,2065,UK,72032.392,persons_k,projection,ons_npp,NPP-2024based-2026-04-28,sourced,
people.npp.ppp.population,2066,UK,71967.738,persons_k,projection,ons_npp,NPP-2024based-2026-04-28,sourced,
people.npp.ppp.population,2067,UK,71902.646,persons_k,projection,ons_npp,NPP-2024based-2026-04-28,sourced,
people.npp.ppp.population,2068,UK,71837.106,persons_k,projection,ons_npp,NPP-2024based-2026-04-28,sourced,
people.npp.ppp.population,2069,UK,71770.905,persons_k,projection,ons_npp,NPP-2024based-2026-04-28,sourced,
people.npp.ppp.population,2070,UK,71703.601,persons_k,projection,ons_npp,NPP-2024based-2026-04-28,sourced,
people.npp.ppp.population,2071,UK,71634.653,persons_k,projection,ons_npp,NPP-2024based-2026-04-28,sourced,
people.npp.ppp.population,2072,UK,71563.454,persons_k,projection,ons_npp,NPP-2024based-2026-04-28,sourced,
people.npp.ppp.population,2073,UK,71489.304,persons_k,projection,ons_npp,NPP-2024based-2026-04-28,sourced,
people.npp.ppp.population,2074,UK,71411.563,persons_k,projection,ons_npp,NPP-2024based-2026-04-28,sourced,
people.npp.ppp.population,2075,UK,71329.634,persons_k,projection,ons_npp,NPP-2024based-2026-04-28,sourced,
people.npp.ppp.tfr,2025,UK,1.38941,children_per_woman,projection,ons_npp,NPP-2024based-2026-04-28,sourced,
people.npp.ppp.tfr,2026,UK,1.397368,children_per_woman,projection,ons_npp,NPP-2024based-2026-04-28,sourced,
people.npp.ppp.tfr,2027,UK,1.393062,children_per_woman,projection,ons_npp,NPP-2024based-2026-04-28,sourced,
people.npp.ppp.tfr,2028,UK,1.38894,children_per_woman,projection,ons_npp,NPP-2024based-2026-04-28,sourced,
people.npp.ppp.tfr,2029,UK,1.385046,children_per_woman,projection,ons_npp,NPP-2024based-2026-04-28,sourced,
people.npp.ppp.tfr,2030,UK,1.383101,children_per_woman,projection,ons_npp,NPP-2024based-2026-04-28,sourced,
people.npp.ppp.tfr,2031,UK,1.383017,children_per_woman,projection,ons_npp,NPP-2024based-2026-04-28,sourced,
people.npp.ppp.tfr,2032,UK,1.383061,children_per_woman,projection,ons_npp,NPP-2024based-2026-04-28,sourced,
people.npp.ppp.tfr,2033,UK,1.383274,children_per_woman,projection,ons_npp,NPP-2024based-2026-04-28,sourced,
people.npp.ppp.tfr,2034,UK,1.383655,children_per_woman,projection,ons_npp,NPP-2024based-2026-04-28,sourced,
people.npp.ppp.tfr,2035,UK,1.384666,children_per_woman,projection,ons_npp,NPP-2024based-2026-04-28,sourced,
people.npp.ppp.tfr,2036,UK,1.386313,children_per_woman,projection,ons_npp,NPP-2024based-2026-04-28,sourced,
people.npp.ppp.tfr,2037,UK,1.388094,children_per_woman,projection,ons_npp,NPP-2024based-2026-04-28,sourced,
people.npp.ppp.tfr,2038,UK,1.390012,children_per_woman,projection,ons_npp,NPP-2024based-2026-04-28,sourced,
people.npp.ppp.tfr,2039,UK,1.392071,children_per_woman,projection,ons_npp,NPP-2024based-2026-04-28,sourced,
people.npp.ppp.tfr,2040,UK,1.394568,children_per_woman,projection,ons_npp,NPP-2024based-2026-04-28,sourced,
people.npp.ppp.tfr,2041,UK,1.397514,children_per_woman,projection,ons_npp,NPP-2024based-2026-04-28,sourced,
people.npp.ppp.tfr,2042,UK,1.400595,children_per_woman,projection,ons_npp,NPP-2024based-2026-04-28,sourced,
people.npp.ppp.tfr,2043,UK,1.4038,children_per_woman,projection,ons_npp,NPP-2024based-2026-04-28,sourced,
people.npp.ppp.tfr,2044,UK,1.407152,children_per_woman,projection,ons_npp,NPP-2024based-2026-04-28,sourced,
people.npp.ppp.tfr,2045,UK,1.409736,children_per_woman,projection,ons_npp,NPP-2024based-2026-04-28,sourced,
people.npp.ppp.tfr,2046,UK,1.411485,children_per_woman,projection,ons_npp,NPP-2024based-2026-04-28,sourced,
people.npp.ppp.tfr,2047,UK,1.413359,children_per_woman,projection,ons_npp,NPP-2024based-2026-04-28,sourced,
people.npp.ppp.tfr,2048,UK,1.415365,children_per_woman,projection,ons_npp,NPP-2024based-2026-04-28,sourced,
people.npp.ppp.tfr,2049,UK,1.417486,children_per_woman,projection,ons_npp,NPP-2024based-2026-04-28,sourced,
people.npp.ppp.tfr,2050,UK,1.418599,children_per_woman,projection,ons_npp,NPP-2024based-2026-04-28,sourced,
people.npp.ppp.tfr,2051,UK,1.418573,children_per_woman,projection,ons_npp,NPP-2024based-2026-04-28,sourced,
people.npp.ppp.tfr,2052,UK,1.418603,children_per_woman,projection,ons_npp,NPP-2024based-2026-04-28,sourced,
people.npp.ppp.tfr,2053,UK,1.41859,children_per_woman,projection,ons_npp,NPP-2024based-2026-04-28,sourced,
people.npp.ppp.tfr,2054,UK,1.418602,children_per_woman,projection,ons_npp,NPP-2024based-2026-04-28,sourced,
people.npp.ppp.tfr,2055,UK,1.418601,children_per_woman,projection,ons_npp,NPP-2024based-2026-04-28,sourced,
people.npp.ppp.tfr,2056,UK,1.418597,children_per_woman,projection,ons_npp,NPP-2024based-2026-04-28,sourced,
people.npp.ppp.tfr,2057,UK,1.418609,children_per_woman,projection,ons_npp,NPP-2024based-2026-04-28,sourced,
people.npp.ppp.tfr,2058,UK,1.418607,children_per_woman,projection,ons_npp,NPP-2024based-2026-04-28,sourced,
people.npp.ppp.tfr,2059,UK,1.418596,children_per_woman,projection,ons_npp,NPP-2024based-2026-04-28,sourced,
people.npp.ppp.tfr,2060,UK,1.418603,children_per_woman,projection,ons_npp,NPP-2024based-2026-04-28,sourced,
people.npp.ppp.tfr,2061,UK,1.418599,children_per_woman,projection,ons_npp,NPP-2024based-2026-04-28,sourced,
people.npp.ppp.tfr,2062,UK,1.418615,children_per_woman,projection,ons_npp,NPP-2024based-2026-04-28,sourced,
people.npp.ppp.tfr,2063,UK,1.418631,children_per_woman,projection,ons_npp,NPP-2024based-2026-04-28,sourced,
people.npp.ppp.tfr,2064,UK,1.418652,children_per_woman,projection,ons_npp,NPP-2024based-2026-04-28,sourced,
people.npp.ppp.tfr,2065,UK,1.418674,children_per_woman,projection,ons_npp,NPP-2024based-2026-04-28,sourced,
people.npp.ppp.tfr,2066,UK,1.418702,children_per_woman,projection,ons_npp,NPP-2024based-2026-04-28,sourced,
people.npp.ppp.tfr,2067,UK,1.418707,children_per_woman,projection,ons_npp,NPP-2024based-2026-04-28,sourced,
people.npp.ppp.tfr,2068,UK,1.418724,children_per_woman,projection,ons_npp,NPP-2024based-2026-04-28,sourced,
people.npp.ppp.tfr,2069,UK,1.418743,children_per_woman,projection,ons_npp,NPP-2024based-2026-04-28,sourced,
people.npp.ppp.tfr,2070,UK,1.418771,children_per_woman,projection,ons_npp,NPP-2024based-2026-04-28,sourced,
people.npp.ppp.tfr,2071,UK,1.418789,children_per_woman,projection,ons_npp,NPP-2024based-2026-04-28,sourced,
people.npp.ppp.tfr,2072,UK,1.418831,children_per_woman,projection,ons_npp,NPP-2024based-2026-04-28,sourced,
people.npp.ppp.tfr,2073,UK,1.418839,children_per_woman,projection,ons_npp,NPP-2024based-2026-04-28,sourced,
people.npp.ppp.tfr,2074,UK,1.418886,children_per_woman,projection,ons_npp,NPP-2024based-2026-04-28,sourced,
people.npp.ppp.tfr,2075,UK,1.418899,children_per_woman,projection,ons_npp,NPP-2024based-2026-04-28,sourced,
people.npp.ppp.working_age,2024,UK,44296.4,persons_k,outturn,ons_npp,NPP-2024based-2026-04-28,sourced,"Base year of the 2024-based projections: ONS mid-2024 population estimate. ONS: Children under 16, working age, and pensionable age populations are based on State Pension Age (SPA) for a given year. Women's SPA increased to 65 between April 2016 and November 2018. From December 2018, the SPA for both sexes increased to 66 by October 2020 (Pensions Act 2011). Between 2026 and 2028, the SPA will increase from 66 to 67 years for both sexes (Pensions Act 2014), and will increase to 68 between 2044 and 2046 (Pensions Act 2007)."
people.npp.ppp.working_age,2025,UK,44422.98,persons_k,projection,ons_npp,NPP-2024based-2026-04-28,sourced,
people.npp.ppp.working_age,2026,UK,44605.685388,persons_k,projection,ons_npp,NPP-2024based-2026-04-28,sourced,
people.npp.ppp.working_age,2027,UK,45139.185625,persons_k,projection,ons_npp,NPP-2024based-2026-04-28,sourced,
people.npp.ppp.working_age,2028,UK,45553.559,persons_k,projection,ons_npp,NPP-2024based-2026-04-28,sourced,
people.npp.ppp.working_age,2029,UK,45640.961,persons_k,projection,ons_npp,NPP-2024based-2026-04-28,sourced,
people.npp.ppp.working_age,2030,UK,45695.275,persons_k,projection,ons_npp,NPP-2024based-2026-04-28,sourced,
people.npp.ppp.working_age,2031,UK,45733.84,persons_k,projection,ons_npp,NPP-2024based-2026-04-28,sourced,
people.npp.ppp.working_age,2032,UK,45773.615,persons_k,projection,ons_npp,NPP-2024based-2026-04-28,sourced,
people.npp.ppp.working_age,2033,UK,45802.723,persons_k,projection,ons_npp,NPP-2024based-2026-04-28,sourced,
people.npp.ppp.working_age,2034,UK,45816.749,persons_k,projection,ons_npp,NPP-2024based-2026-04-28,sourced,
people.npp.ppp.working_age,2035,UK,45832.471,persons_k,projection,ons_npp,NPP-2024based-2026-04-28,sourced,
people.npp.ppp.working_age,2036,UK,45837.318,persons_k,projection,ons_npp,NPP-2024based-2026-04-28,sourced,
people.npp.ppp.working_age,2037,UK,45840.221,persons_k,projection,ons_npp,NPP-2024based-2026-04-28,sourced,
people.npp.ppp.working_age,2038,UK,45832.156,persons_k,projection,ons_npp,NPP-2024based-2026-04-28,sourced,
people.npp.ppp.working_age,2039,UK,45820.15,persons_k,projection,ons_npp,NPP-2024based-2026-04-28,sourced,
people.npp.ppp.working_age,2040,UK,45821.489,persons_k,projection,ons_npp,NPP-2024based-2026-04-28,sourced,
people.npp.ppp.working_age,2041,UK,45836.157,persons_k,projection,ons_npp,NPP-2024based-2026-04-28,sourced,
people.npp.ppp.working_age,2042,UK,45861.864,persons_k,projection,ons_npp,NPP-2024based-2026-04-28,sourced,
people.npp.ppp.working_age,2043,UK,45896.145,persons_k,projection,ons_npp,NPP-2024based-2026-04-28,sourced,
people.npp.ppp.working_age,2044,UK,46052.209986,persons_k,projection,ons_npp,NPP-2024based-2026-04-28,sourced,
people.npp.ppp.working_age,2045,UK,46447.052545,persons_k,projection,ons_npp,NPP-2024based-2026-04-28,sourced,
people.npp.ppp.working_age,2046,UK,46728.709,persons_k,projection,ons_npp,NPP-2024based-2026-04-28,sourced,
people.npp.ppp.working_age,2047,UK,46691.207,persons_k,projection,ons_npp,NPP-2024based-2026-04-28,sourced,
people.npp.ppp.working_age,2048,UK,46616.53,persons_k,projection,ons_npp,NPP-2024based-2026-04-28,sourced,
people.npp.ppp.working_age,2049,UK,46539.779,persons_k,projection,ons_npp,NPP-2024based-2026-04-28,sourced,
people.npp.ppp.working_age,2050,UK,46467.073,persons_k,projection,ons_npp,NPP-2024based-2026-04-28,sourced,
people.npp.ppp.working_age,2051,UK,46385.999,persons_k,projection,ons_npp,NPP-2024based-2026-04-28,sourced,
people.npp.ppp.working_age,2052,UK,46303.108,persons_k,projection,ons_npp,NPP-2024based-2026-04-28,sourced,
people.npp.ppp.working_age,2053,UK,46192.669,persons_k,projection,ons_npp,NPP-2024based-2026-04-28,sourced,
people.npp.ppp.working_age,2054,UK,46076.744,persons_k,projection,ons_npp,NPP-2024based-2026-04-28,sourced,
people.npp.ppp.working_age,2055,UK,45954.61,persons_k,projection,ons_npp,NPP-2024based-2026-04-28,sourced,
people.npp.ppp.working_age,2056,UK,45812.526,persons_k,projection,ons_npp,NPP-2024based-2026-04-28,sourced,
people.npp.ppp.working_age,2057,UK,45678.58,persons_k,projection,ons_npp,NPP-2024based-2026-04-28,sourced,
people.npp.ppp.working_age,2058,UK,45536.736,persons_k,projection,ons_npp,NPP-2024based-2026-04-28,sourced,
people.npp.ppp.working_age,2059,UK,45390.366,persons_k,projection,ons_npp,NPP-2024based-2026-04-28,sourced,
people.npp.ppp.working_age,2060,UK,45251.756,persons_k,projection,ons_npp,NPP-2024based-2026-04-28,sourced,
people.npp.ppp.working_age,2061,UK,45129.286,persons_k,projection,ons_npp,NPP-2024based-2026-04-28,sourced,
people.npp.ppp.working_age,2062,UK,45001.04,persons_k,projection,ons_npp,NPP-2024based-2026-04-28,sourced,
people.npp.ppp.working_age,2063,UK,44884.685,persons_k,projection,ons_npp,NPP-2024based-2026-04-28,sourced,
people.npp.ppp.working_age,2064,UK,44768.849,persons_k,projection,ons_npp,NPP-2024based-2026-04-28,sourced,
people.npp.ppp.working_age,2065,UK,44630.864,persons_k,projection,ons_npp,NPP-2024based-2026-04-28,sourced,
people.npp.ppp.working_age,2066,UK,44499.675,persons_k,projection,ons_npp,NPP-2024based-2026-04-28,sourced,
people.npp.ppp.working_age,2067,UK,44373.689,persons_k,projection,ons_npp,NPP-2024based-2026-04-28,sourced,
people.npp.ppp.working_age,2068,UK,44271.295,persons_k,projection,ons_npp,NPP-2024based-2026-04-28,sourced,
people.npp.ppp.working_age,2069,UK,44181.058,persons_k,projection,ons_npp,NPP-2024based-2026-04-28,sourced,
people.npp.ppp.working_age,2070,UK,44086.079,persons_k,projection,ons_npp,NPP-2024based-2026-04-28,sourced,
people.npp.ppp.working_age,2071,UK,43976.564,persons_k,projection,ons_npp,NPP-2024based-2026-04-28,sourced,
people.npp.ppp.working_age,2072,UK,43843.989,persons_k,projection,ons_npp,NPP-2024based-2026-04-28,sourced,
people.npp.ppp.working_age,2073,UK,43690.814,persons_k,projection,ons_npp,NPP-2024based-2026-04-28,sourced,
people.npp.ppp.working_age,2074,UK,43530.917,persons_k,projection,ons_npp,NPP-2024based-2026-04-28,sourced,
people.npp.ppp.working_age,2075,UK,43350.965,persons_k,projection,ons_npp,NPP-2024based-2026-04-28,sourced,
people.npp.ppz.births,2025,UK,651.89,persons_k,projection,ons_npp,NPP-2024based-2026-04-28,sourced,
people.npp.ppz.births,2026,UK,647.658,persons_k,projection,ons_npp,NPP-2024based-2026-04-28,sourced,
people.npp.ppz.births,2027,UK,639.016,persons_k,projection,ons_npp,NPP-2024based-2026-04-28,sourced,
people.npp.ppz.births,2028,UK,630.081,persons_k,projection,ons_npp,NPP-2024based-2026-04-28,sourced,
people.npp.ppz.births,2029,UK,621.016,persons_k,projection,ons_npp,NPP-2024based-2026-04-28,sourced,
people.npp.ppz.births,2030,UK,612.675,persons_k,projection,ons_npp,NPP-2024based-2026-04-28,sourced,
people.npp.ppz.births,2031,UK,605.131,persons_k,projection,ons_npp,NPP-2024based-2026-04-28,sourced,
people.npp.ppz.births,2032,UK,597.798,persons_k,projection,ons_npp,NPP-2024based-2026-04-28,sourced,
people.npp.ppz.births,2033,UK,590.815,persons_k,projection,ons_npp,NPP-2024based-2026-04-28,sourced,
people.npp.ppz.births,2034,UK,584.355,persons_k,projection,ons_npp,NPP-2024based-2026-04-28,sourced,
people.npp.ppz.births,2035,UK,578.749,persons_k,projection,ons_npp,NPP-2024based-2026-04-28,sourced,
people.npp.ppz.births,2036,UK,574.097,persons_k,projection,ons_npp,NPP-2024based-2026-04-28,sourced,
people.npp.ppz.births,2037,UK,570.311,persons_k,projection,ons_npp,NPP-2024based-2026-04-28,sourced,
people.npp.ppz.births,2038,UK,567.385,persons_k,projection,ons_npp,NPP-2024based-2026-04-28,sourced,
people.npp.ppz.births,2039,UK,565.165,persons_k,projection,ons_npp,NPP-2024based-2026-04-28,sourced,
people.npp.ppz.births,2040,UK,563.504,persons_k,projection,ons_npp,NPP-2024based-2026-04-28,sourced,
people.npp.ppz.births,2041,UK,562.175,persons_k,projection,ons_npp,NPP-2024based-2026-04-28,sourced,
people.npp.ppz.births,2042,UK,560.91,persons_k,projection,ons_npp,NPP-2024based-2026-04-28,sourced,
people.npp.ppz.births,2043,UK,559.491,persons_k,projection,ons_npp,NPP-2024based-2026-04-28,sourced,
people.npp.ppz.births,2044,UK,557.598,persons_k,projection,ons_npp,NPP-2024based-2026-04-28,sourced,
people.npp.ppz.births,2045,UK,554.766,persons_k,projection,ons_npp,NPP-2024based-2026-04-28,sourced,
people.npp.ppz.births,2046,UK,551.077,persons_k,projection,ons_npp,NPP-2024based-2026-04-28,sourced,
people.npp.ppz.births,2047,UK,546.905,persons_k,projection,ons_npp,NPP-2024based-2026-04-28,sourced,
people.npp.ppz.births,2048,UK,542.21,persons_k,projection,ons_npp,NPP-2024based-2026-04-28,sourced,
people.npp.ppz.births,2049,UK,536.881,persons_k,projection,ons_npp,NPP-2024based-2026-04-28,sourced,
people.npp.ppz.births,2050,UK,530.428,persons_k,projection,ons_npp,NPP-2024based-2026-04-28,sourced,
people.npp.ppz.births,2051,UK,522.848,persons_k,projection,ons_npp,NPP-2024based-2026-04-28,sourced,
people.npp.ppz.births,2052,UK,514.782,persons_k,projection,ons_npp,NPP-2024based-2026-04-28,sourced,
people.npp.ppz.births,2053,UK,506.202,persons_k,projection,ons_npp,NPP-2024based-2026-04-28,sourced,
people.npp.ppz.births,2054,UK,497.119,persons_k,projection,ons_npp,NPP-2024based-2026-04-28,sourced,
people.npp.ppz.births,2055,UK,487.842,persons_k,projection,ons_npp,NPP-2024based-2026-04-28,sourced,
people.npp.ppz.births,2056,UK,478.729,persons_k,projection,ons_npp,NPP-2024based-2026-04-28,sourced,
people.npp.ppz.births,2057,UK,469.977,persons_k,projection,ons_npp,NPP-2024based-2026-04-28,sourced,
people.npp.ppz.births,2058,UK,461.496,persons_k,projection,ons_npp,NPP-2024based-2026-04-28,sourced,
people.npp.ppz.births,2059,UK,453.359,persons_k,projection,ons_npp,NPP-2024based-2026-04-28,sourced,
people.npp.ppz.births,2060,UK,445.735,persons_k,projection,ons_npp,NPP-2024based-2026-04-28,sourced,
people.npp.ppz.births,2061,UK,438.672,persons_k,projection,ons_npp,NPP-2024based-2026-04-28,sourced,
people.npp.ppz.births,2062,UK,432.243,persons_k,projection,ons_npp,NPP-2024based-2026-04-28,sourced,
people.npp.ppz.births,2063,UK,426.278,persons_k,projection,ons_npp,NPP-2024based-2026-04-28,sourced,
people.npp.ppz.births,2064,UK,420.64,persons_k,projection,ons_npp,NPP-2024based-2026-04-28,sourced,
people.npp.ppz.births,2065,UK,415.521,persons_k,projection,ons_npp,NPP-2024based-2026-04-28,sourced,
people.npp.ppz.births,2066,UK,410.93,persons_k,projection,ons_npp,NPP-2024based-2026-04-28,sourced,
people.npp.ppz.births,2067,UK,406.815,persons_k,projection,ons_npp,NPP-2024based-2026-04-28,sourced,
people.npp.ppz.births,2068,UK,403.135,persons_k,projection,ons_npp,NPP-2024based-2026-04-28,sourced,
people.npp.ppz.births,2069,UK,399.748,persons_k,projection,ons_npp,NPP-2024based-2026-04-28,sourced,
people.npp.ppz.births,2070,UK,396.608,persons_k,projection,ons_npp,NPP-2024based-2026-04-28,sourced,
people.npp.ppz.births,2071,UK,393.73,persons_k,projection,ons_npp,NPP-2024based-2026-04-28,sourced,
people.npp.ppz.births,2072,UK,391.053,persons_k,projection,ons_npp,NPP-2024based-2026-04-28,sourced,
people.npp.ppz.births,2073,UK,388.481,persons_k,projection,ons_npp,NPP-2024based-2026-04-28,sourced,
people.npp.ppz.births,2074,UK,385.942,persons_k,projection,ons_npp,NPP-2024based-2026-04-28,sourced,
people.npp.ppz.births,2075,UK,383.387,persons_k,projection,ons_npp,NPP-2024based-2026-04-28,sourced,
people.npp.ppz.deaths,2025,UK,634.979,persons_k,projection,ons_npp,NPP-2024based-2026-04-28,sourced,
people.npp.ppz.deaths,2026,UK,665.469,persons_k,projection,ons_npp,NPP-2024based-2026-04-28,sourced,
people.npp.ppz.deaths,2027,UK,669.137,persons_k,projection,ons_npp,NPP-2024based-2026-04-28,sourced,
people.npp.ppz.deaths,2028,UK,674.019,persons_k,projection,ons_npp,NPP-2024based-2026-04-28,sourced,
people.npp.ppz.deaths,2029,UK,679.876,persons_k,projection,ons_npp,NPP-2024based-2026-04-28,sourced,
people.npp.ppz.deaths,2030,UK,686.523,persons_k,projection,ons_npp,NPP-2024based-2026-04-28,sourced,
people.npp.ppz.deaths,2031,UK,693.77,persons_k,projection,ons_npp,NPP-2024based-2026-04-28,sourced,
people.npp.ppz.deaths,2032,UK,701.46,persons_k,projection,ons_npp,NPP-2024based-2026-04-28,sourced,
people.npp.ppz.deaths,2033,UK,709.413,persons_k,projection,ons_npp,NPP-2024based-2026-04-28,sourced,
people.npp.ppz.deaths,2034,UK,717.534,persons_k,projection,ons_npp,NPP-2024based-2026-04-28,sourced,
people.npp.ppz.deaths,2035,UK,725.634,persons_k,projection,ons_npp,NPP-2024based-2026-04-28,sourced,
people.npp.ppz.deaths,2036,UK,733.608,persons_k,projection,ons_npp,NPP-2024based-2026-04-28,sourced,
people.npp.ppz.deaths,2037,UK,741.332,persons_k,projection,ons_npp,NPP-2024based-2026-04-28,sourced,
people.npp.ppz.deaths,2038,UK,748.74,persons_k,projection,ons_npp,NPP-2024based-2026-04-28,sourced,
people.npp.ppz.deaths,2039,UK,755.751,persons_k,projection,ons_npp,NPP-2024based-2026-04-28,sourced,
people.npp.ppz.deaths,2040,UK,762.185,persons_k,projection,ons_npp,NPP-2024based-2026-04-28,sourced,
people.npp.ppz.deaths,2041,UK,768.042,persons_k,projection,ons_npp,NPP-2024based-2026-04-28,sourced,
people.npp.ppz.deaths,2042,UK,773.416,persons_k,projection,ons_npp,NPP-2024based-2026-04-28,sourced,
people.npp.ppz.deaths,2043,UK,778.281,persons_k,projection,ons_npp,NPP-2024based-2026-04-28,sourced,
people.npp.ppz.deaths,2044,UK,782.767,persons_k,projection,ons_npp,NPP-2024based-2026-04-28,sourced,
people.npp.ppz.deaths,2045,UK,786.962,persons_k,projection,ons_npp,NPP-2024based-2026-04-28,sourced,
people.npp.ppz.deaths,2046,UK,791.008,persons_k,projection,ons_npp,NPP-2024based-2026-04-28,sourced,
people.npp.ppz.deaths,2047,UK,794.966,persons_k,projection,ons_npp,NPP-2024based-2026-04-28,sourced,
people.npp.ppz.deaths,2048,UK,799.012,persons_k,projection,ons_npp,NPP-2024based-2026-04-28,sourced,
people.npp.ppz.deaths,2049,UK,803.125,persons_k,projection,ons_npp,NPP-2024based-2026-04-28,sourced,
people.npp.ppz.deaths,2050,UK,807.315,persons_k,projection,ons_npp,NPP-2024based-2026-04-28,sourced,
people.npp.ppz.deaths,2051,UK,811.508,persons_k,projection,ons_npp,NPP-2024based-2026-04-28,sourced,
people.npp.ppz.deaths,2052,UK,815.629,persons_k,projection,ons_npp,NPP-2024based-2026-04-28,sourced,
people.npp.ppz.deaths,2053,UK,819.535,persons_k,projection,ons_npp,NPP-2024based-2026-04-28,sourced,
people.npp.ppz.deaths,2054,UK,823.142,persons_k,projection,ons_npp,NPP-2024based-2026-04-28,sourced,
people.npp.ppz.deaths,2055,UK,826.247,persons_k,projection,ons_npp,NPP-2024based-2026-04-28,sourced,
people.npp.ppz.deaths,2056,UK,828.791,persons_k,projection,ons_npp,NPP-2024based-2026-04-28,sourced,
people.npp.ppz.deaths,2057,UK,830.633,persons_k,projection,ons_npp,NPP-2024based-2026-04-28,sourced,
people.npp.ppz.deaths,2058,UK,831.76,persons_k,projection,ons_npp,NPP-2024based-2026-04-28,sourced,
people.npp.ppz.deaths,2059,UK,832.151,persons_k,projection,ons_npp,NPP-2024based-2026-04-28,sourced,
people.npp.ppz.deaths,2060,UK,831.814,persons_k,projection,ons_npp,NPP-2024based-2026-04-28,sourced,
people.npp.ppz.deaths,2061,UK,830.785,persons_k,projection,ons_npp,NPP-2024based-2026-04-28,sourced,
people.npp.ppz.deaths,2062,UK,829.251,persons_k,projection,ons_npp,NPP-2024based-2026-04-28,sourced,
people.npp.ppz.deaths,2063,UK,827.286,persons_k,projection,ons_npp,NPP-2024based-2026-04-28,sourced,
people.npp.ppz.deaths,2064,UK,825.002,persons_k,projection,ons_npp,NPP-2024based-2026-04-28,sourced,
people.npp.ppz.deaths,2065,UK,822.565,persons_k,projection,ons_npp,NPP-2024based-2026-04-28,sourced,
people.npp.ppz.deaths,2066,UK,820.102,persons_k,projection,ons_npp,NPP-2024based-2026-04-28,sourced,
people.npp.ppz.deaths,2067,UK,817.811,persons_k,projection,ons_npp,NPP-2024based-2026-04-28,sourced,
people.npp.ppz.deaths,2068,UK,815.778,persons_k,projection,ons_npp,NPP-2024based-2026-04-28,sourced,
people.npp.ppz.deaths,2069,UK,814.119,persons_k,projection,ons_npp,NPP-2024based-2026-04-28,sourced,
people.npp.ppz.deaths,2070,UK,812.988,persons_k,projection,ons_npp,NPP-2024based-2026-04-28,sourced,
people.npp.ppz.deaths,2071,UK,812.44,persons_k,projection,ons_npp,NPP-2024based-2026-04-28,sourced,
people.npp.ppz.deaths,2072,UK,812.472,persons_k,projection,ons_npp,NPP-2024based-2026-04-28,sourced,
people.npp.ppz.deaths,2073,UK,813.058,persons_k,projection,ons_npp,NPP-2024based-2026-04-28,sourced,
people.npp.ppz.deaths,2074,UK,814.081,persons_k,projection,ons_npp,NPP-2024based-2026-04-28,sourced,
people.npp.ppz.deaths,2075,UK,815.423,persons_k,projection,ons_npp,NPP-2024based-2026-04-28,sourced,
people.npp.ppz.life_expectancy_female,2025,UK,83.631367,years,projection,ons_npp,NPP-2024based-2026-04-28,sourced,
people.npp.ppz.life_expectancy_female,2026,UK,83.483312,years,projection,ons_npp,NPP-2024based-2026-04-28,sourced,
people.npp.ppz.life_expectancy_female,2027,UK,83.612312,years,projection,ons_npp,NPP-2024based-2026-04-28,sourced,
people.npp.ppz.life_expectancy_female,2028,UK,83.738316,years,projection,ons_npp,NPP-2024based-2026-04-28,sourced,
people.npp.ppz.life_expectancy_female,2029,UK,83.860161,years,projection,ons_npp,NPP-2024based-2026-04-28,sourced,
people.npp.ppz.life_expectancy_female,2030,UK,83.978653,years,projection,ons_npp,NPP-2024based-2026-04-28,sourced,
people.npp.ppz.life_expectancy_female,2031,UK,84.094397,years,projection,ons_npp,NPP-2024based-2026-04-28,sourced,
people.npp.ppz.life_expectancy_female,2032,UK,84.20575,years,projection,ons_npp,NPP-2024based-2026-04-28,sourced,
people.npp.ppz.life_expectancy_female,2033,UK,84.316151,years,projection,ons_npp,NPP-2024based-2026-04-28,sourced,
people.npp.ppz.life_expectancy_female,2034,UK,84.42459,years,projection,ons_npp,NPP-2024based-2026-04-28,sourced,
people.npp.ppz.life_expectancy_female,2035,UK,84.530116,years,projection,ons_npp,NPP-2024based-2026-04-28,sourced,
people.npp.ppz.life_expectancy_female,2036,UK,84.633823,years,projection,ons_npp,NPP-2024based-2026-04-28,sourced,
people.npp.ppz.life_expectancy_female,2037,UK,84.737823,years,projection,ons_npp,NPP-2024based-2026-04-28,sourced,
people.npp.ppz.life_expectancy_female,2038,UK,84.840226,years,projection,ons_npp,NPP-2024based-2026-04-28,sourced,
people.npp.ppz.life_expectancy_female,2039,UK,84.940099,years,projection,ons_npp,NPP-2024based-2026-04-28,sourced,
people.npp.ppz.life_expectancy_female,2040,UK,85.03981,years,projection,ons_npp,NPP-2024based-2026-04-28,sourced,
people.npp.ppz.life_expectancy_female,2041,UK,85.139717,years,projection,ons_npp,NPP-2024based-2026-04-28,sourced,
people.npp.ppz.life_expectancy_female,2042,UK,85.236796,years,projection,ons_npp,NPP-2024based-2026-04-28,sourced,
people.npp.ppz.life_expectancy_female,2043,UK,85.335928,years,projection,ons_npp,NPP-2024based-2026-04-28,sourced,
people.npp.ppz.life_expectancy_female,2044,UK,85.434846,years,projection,ons_npp,NPP-2024based-2026-04-28,sourced,
people.npp.ppz.life_expectancy_female,2045,UK,85.531553,years,projection,ons_npp,NPP-2024based-2026-04-28,sourced,
people.npp.ppz.life_expectancy_female,2046,UK,85.627714,years,projection,ons_npp,NPP-2024based-2026-04-28,sourced,
people.npp.ppz.life_expectancy_female,2047,UK,85.726511,years,projection,ons_npp,NPP-2024based-2026-04-28,sourced,
people.npp.ppz.life_expectancy_female,2048,UK,85.822698,years,projection,ons_npp,NPP-2024based-2026-04-28,sourced,
people.npp.ppz.life_expectancy_female,2049,UK,85.920177,years,projection,ons_npp,NPP-2024based-2026-04-28,sourced,
people.npp.ppz.life_expectancy_female,2050,UK,86.015777,years,projection,ons_npp,NPP-2024based-2026-04-28,sourced,
people.npp.ppz.life_expectancy_female,2051,UK,86.112561,years,projection,ons_npp,NPP-2024based-2026-04-28,sourced,
people.npp.ppz.life_expectancy_female,2052,UK,86.206264,years,projection,ons_npp,NPP-2024based-2026-04-28,sourced,
people.npp.ppz.life_expectancy_female,2053,UK,86.301769,years,projection,ons_npp,NPP-2024based-2026-04-28,sourced,
people.npp.ppz.life_expectancy_female,2054,UK,86.397426,years,projection,ons_npp,NPP-2024based-2026-04-28,sourced,
people.npp.ppz.life_expectancy_female,2055,UK,86.492611,years,projection,ons_npp,NPP-2024based-2026-04-28,sourced,
people.npp.ppz.life_expectancy_female,2056,UK,86.58673,years,projection,ons_npp,NPP-2024based-2026-04-28,sourced,
people.npp.ppz.life_expectancy_female,2057,UK,86.682556,years,projection,ons_npp,NPP-2024based-2026-04-28,sourced,
people.npp.ppz.life_expectancy_female,2058,UK,86.776099,years,projection,ons_npp,NPP-2024based-2026-04-28,sourced,
people.npp.ppz.life_expectancy_female,2059,UK,86.869297,years,projection,ons_npp,NPP-2024based-2026-04-28,sourced,
people.npp.ppz.life_expectancy_female,2060,UK,86.96213,years,projection,ons_npp,NPP-2024based-2026-04-28,sourced,
people.npp.ppz.life_expectancy_female,2061,UK,87.05666,years,projection,ons_npp,NPP-2024based-2026-04-28,sourced,
people.npp.ppz.life_expectancy_female,2062,UK,87.148938,years,projection,ons_npp,NPP-2024based-2026-04-28,sourced,
people.npp.ppz.life_expectancy_female,2063,UK,87.240716,years,projection,ons_npp,NPP-2024based-2026-04-28,sourced,
people.npp.ppz.life_expectancy_female,2064,UK,87.331334,years,projection,ons_npp,NPP-2024based-2026-04-28,sourced,
people.npp.ppz.life_expectancy_female,2065,UK,87.423469,years,projection,ons_npp,NPP-2024based-2026-04-28,sourced,
people.npp.ppz.life_expectancy_female,2066,UK,87.518153,years,projection,ons_npp,NPP-2024based-2026-04-28,sourced,
people.npp.ppz.life_expectancy_female,2067,UK,87.607893,years,projection,ons_npp,NPP-2024based-2026-04-28,sourced,
people.npp.ppz.life_expectancy_female,2068,UK,87.698205,years,projection,ons_npp,NPP-2024based-2026-04-28,sourced,
people.npp.ppz.life_expectancy_female,2069,UK,87.7889,years,projection,ons_npp,NPP-2024based-2026-04-28,sourced,
people.npp.ppz.life_expectancy_female,2070,UK,87.879923,years,projection,ons_npp,NPP-2024based-2026-04-28,sourced,
people.npp.ppz.life_expectancy_female,2071,UK,87.96894,years,projection,ons_npp,NPP-2024based-2026-04-28,sourced,
people.npp.ppz.life_expectancy_female,2072,UK,88.059641,years,projection,ons_npp,NPP-2024based-2026-04-28,sourced,
people.npp.ppz.life_expectancy_female,2073,UK,88.149105,years,projection,ons_npp,NPP-2024based-2026-04-28,sourced,
people.npp.ppz.life_expectancy_female,2074,UK,88.238199,years,projection,ons_npp,NPP-2024based-2026-04-28,sourced,
people.npp.ppz.life_expectancy_female,2075,UK,88.32687,years,projection,ons_npp,NPP-2024based-2026-04-28,sourced,
people.npp.ppz.life_expectancy_male,2025,UK,79.852546,years,projection,ons_npp,NPP-2024based-2026-04-28,sourced,
people.npp.ppz.life_expectancy_male,2026,UK,79.644411,years,projection,ons_npp,NPP-2024based-2026-04-28,sourced,
people.npp.ppz.life_expectancy_male,2027,UK,79.785871,years,projection,ons_npp,NPP-2024based-2026-04-28,sourced,
people.npp.ppz.life_expectancy_male,2028,UK,79.922101,years,projection,ons_npp,NPP-2024based-2026-04-28,sourced,
people.npp.ppz.life_expectancy_male,2029,UK,80.055721,years,projection,ons_npp,NPP-2024based-2026-04-28,sourced,
people.npp.ppz.life_expectancy_male,2030,UK,80.185203,years,projection,ons_npp,NPP-2024based-2026-04-28,sourced,
people.npp.ppz.life_expectancy_male,2031,UK,80.312409,years,projection,ons_npp,NPP-2024based-2026-04-28,sourced,
people.npp.ppz.life_expectancy_male,2032,UK,80.437063,years,projection,ons_npp,NPP-2024based-2026-04-28,sourced,
people.npp.ppz.life_expectancy_male,2033,UK,80.559432,years,projection,ons_npp,NPP-2024based-2026-04-28,sourced,
people.npp.ppz.life_expectancy_male,2034,UK,80.679076,years,projection,ons_npp,NPP-2024based-2026-04-28,sourced,
people.npp.ppz.life_expectancy_male,2035,UK,80.797253,years,projection,ons_npp,NPP-2024based-2026-04-28,sourced,
people.npp.ppz.life_expectancy_male,2036,UK,80.915245,years,projection,ons_npp,NPP-2024based-2026-04-28,sourced,
people.npp.ppz.life_expectancy_male,2037,UK,81.031507,years,projection,ons_npp,NPP-2024based-2026-04-28,sourced,
people.npp.ppz.life_expectancy_male,2038,UK,81.146596,years,projection,ons_npp,NPP-2024based-2026-04-28,sourced,
people.npp.ppz.life_expectancy_male,2039,UK,81.258979,years,projection,ons_npp,NPP-2024based-2026-04-28,sourced,
people.npp.ppz.life_expectancy_male,2040,UK,81.373937,years,projection,ons_npp,NPP-2024based-2026-04-28,sourced,
people.npp.ppz.life_expectancy_male,2041,UK,81.486368,years,projection,ons_npp,NPP-2024based-2026-04-28,sourced,
people.npp.ppz.life_expectancy_male,2042,UK,81.597005,years,projection,ons_npp,NPP-2024based-2026-04-28,sourced,
people.npp.ppz.life_expectancy_male,2043,UK,81.710154,years,projection,ons_npp,NPP-2024based-2026-04-28,sourced,
people.npp.ppz.life_expectancy_male,2044,UK,81.818586,years,projection,ons_npp,NPP-2024based-2026-04-28,sourced,
people.npp.ppz.life_expectancy_male,2045,UK,81.929392,years,projection,ons_npp,NPP-2024based-2026-04-28,sourced,
people.npp.ppz.life_expectancy_male,2046,UK,82.039593,years,projection,ons_npp,NPP-2024based-2026-04-28,sourced,
people.npp.ppz.life_expectancy_male,2047,UK,82.148296,years,projection,ons_npp,NPP-2024based-2026-04-28,sourced,
people.npp.ppz.life_expectancy_male,2048,UK,82.256292,years,projection,ons_npp,NPP-2024based-2026-04-28,sourced,
people.npp.ppz.life_expectancy_male,2049,UK,82.365464,years,projection,ons_npp,NPP-2024based-2026-04-28,sourced,
people.npp.ppz.life_expectancy_male,2050,UK,82.4729,years,projection,ons_npp,NPP-2024based-2026-04-28,sourced,
people.npp.ppz.life_expectancy_male,2051,UK,82.579784,years,projection,ons_npp,NPP-2024based-2026-04-28,sourced,
people.npp.ppz.life_expectancy_male,2052,UK,82.688785,years,projection,ons_npp,NPP-2024based-2026-04-28,sourced,
people.npp.ppz.life_expectancy_male,2053,UK,82.796316,years,projection,ons_npp,NPP-2024based-2026-04-28,sourced,
people.npp.ppz.life_expectancy_male,2054,UK,82.902681,years,projection,ons_npp,NPP-2024based-2026-04-28,sourced,
people.npp.ppz.life_expectancy_male,2055,UK,83.009151,years,projection,ons_npp,NPP-2024based-2026-04-28,sourced,
people.npp.ppz.life_expectancy_male,2056,UK,83.115895,years,projection,ons_npp,NPP-2024based-2026-04-28,sourced,
people.npp.ppz.life_expectancy_male,2057,UK,83.222743,years,projection,ons_npp,NPP-2024based-2026-04-28,sourced,
people.npp.ppz.life_expectancy_male,2058,UK,83.327536,years,projection,ons_npp,NPP-2024based-2026-04-28,sourced,
people.npp.ppz.life_expectancy_male,2059,UK,83.431985,years,projection,ons_npp,NPP-2024based-2026-04-28,sourced,
people.npp.ppz.life_expectancy_male,2060,UK,83.536968,years,projection,ons_npp,NPP-2024based-2026-04-28,sourced,
people.npp.ppz.life_expectancy_male,2061,UK,83.642838,years,projection,ons_npp,NPP-2024based-2026-04-28,sourced,
people.npp.ppz.life_expectancy_male,2062,UK,83.747162,years,projection,ons_npp,NPP-2024based-2026-04-28,sourced,
people.npp.ppz.life_expectancy_male,2063,UK,83.850383,years,projection,ons_npp,NPP-2024based-2026-04-28,sourced,
people.npp.ppz.life_expectancy_male,2064,UK,83.955895,years,projection,ons_npp,NPP-2024based-2026-04-28,sourced,
people.npp.ppz.life_expectancy_male,2065,UK,84.06107,years,projection,ons_npp,NPP-2024based-2026-04-28,sourced,
people.npp.ppz.life_expectancy_male,2066,UK,84.163887,years,projection,ons_npp,NPP-2024based-2026-04-28,sourced,
people.npp.ppz.life_expectancy_male,2067,UK,84.266632,years,projection,ons_npp,NPP-2024based-2026-04-28,sourced,
people.npp.ppz.life_expectancy_male,2068,UK,84.370085,years,projection,ons_npp,NPP-2024based-2026-04-28,sourced,
people.npp.ppz.life_expectancy_male,2069,UK,84.473782,years,projection,ons_npp,NPP-2024based-2026-04-28,sourced,
people.npp.ppz.life_expectancy_male,2070,UK,84.575832,years,projection,ons_npp,NPP-2024based-2026-04-28,sourced,
people.npp.ppz.life_expectancy_male,2071,UK,84.678304,years,projection,ons_npp,NPP-2024based-2026-04-28,sourced,
people.npp.ppz.life_expectancy_male,2072,UK,84.781525,years,projection,ons_npp,NPP-2024based-2026-04-28,sourced,
people.npp.ppz.life_expectancy_male,2073,UK,84.882862,years,projection,ons_npp,NPP-2024based-2026-04-28,sourced,
people.npp.ppz.life_expectancy_male,2074,UK,84.983797,years,projection,ons_npp,NPP-2024based-2026-04-28,sourced,
people.npp.ppz.life_expectancy_male,2075,UK,85.085745,years,projection,ons_npp,NPP-2024based-2026-04-28,sourced,
people.npp.ppz.net_migration,2025,UK,0.0,persons_k,projection,ons_npp,NPP-2024based-2026-04-28,sourced,
people.npp.ppz.net_migration,2026,UK,0.0,persons_k,projection,ons_npp,NPP-2024based-2026-04-28,sourced,
people.npp.ppz.net_migration,2027,UK,0.0,persons_k,projection,ons_npp,NPP-2024based-2026-04-28,sourced,
people.npp.ppz.net_migration,2028,UK,0.0,persons_k,projection,ons_npp,NPP-2024based-2026-04-28,sourced,
people.npp.ppz.net_migration,2029,UK,0.0,persons_k,projection,ons_npp,NPP-2024based-2026-04-28,sourced,
people.npp.ppz.net_migration,2030,UK,0.0,persons_k,projection,ons_npp,NPP-2024based-2026-04-28,sourced,
people.npp.ppz.net_migration,2031,UK,0.0,persons_k,projection,ons_npp,NPP-2024based-2026-04-28,sourced,
people.npp.ppz.net_migration,2032,UK,0.0,persons_k,projection,ons_npp,NPP-2024based-2026-04-28,sourced,
people.npp.ppz.net_migration,2033,UK,0.0,persons_k,projection,ons_npp,NPP-2024based-2026-04-28,sourced,
people.npp.ppz.net_migration,2034,UK,0.0,persons_k,projection,ons_npp,NPP-2024based-2026-04-28,sourced,
people.npp.ppz.net_migration,2035,UK,0.0,persons_k,projection,ons_npp,NPP-2024based-2026-04-28,sourced,
people.npp.ppz.net_migration,2036,UK,0.0,persons_k,projection,ons_npp,NPP-2024based-2026-04-28,sourced,
people.npp.ppz.net_migration,2037,UK,0.0,persons_k,projection,ons_npp,NPP-2024based-2026-04-28,sourced,
people.npp.ppz.net_migration,2038,UK,0.0,persons_k,projection,ons_npp,NPP-2024based-2026-04-28,sourced,
people.npp.ppz.net_migration,2039,UK,0.0,persons_k,projection,ons_npp,NPP-2024based-2026-04-28,sourced,
people.npp.ppz.net_migration,2040,UK,0.0,persons_k,projection,ons_npp,NPP-2024based-2026-04-28,sourced,
people.npp.ppz.net_migration,2041,UK,0.0,persons_k,projection,ons_npp,NPP-2024based-2026-04-28,sourced,
people.npp.ppz.net_migration,2042,UK,0.0,persons_k,projection,ons_npp,NPP-2024based-2026-04-28,sourced,
people.npp.ppz.net_migration,2043,UK,0.0,persons_k,projection,ons_npp,NPP-2024based-2026-04-28,sourced,
people.npp.ppz.net_migration,2044,UK,0.0,persons_k,projection,ons_npp,NPP-2024based-2026-04-28,sourced,
people.npp.ppz.net_migration,2045,UK,0.0,persons_k,projection,ons_npp,NPP-2024based-2026-04-28,sourced,
people.npp.ppz.net_migration,2046,UK,0.0,persons_k,projection,ons_npp,NPP-2024based-2026-04-28,sourced,
people.npp.ppz.net_migration,2047,UK,0.0,persons_k,projection,ons_npp,NPP-2024based-2026-04-28,sourced,
people.npp.ppz.net_migration,2048,UK,0.0,persons_k,projection,ons_npp,NPP-2024based-2026-04-28,sourced,
people.npp.ppz.net_migration,2049,UK,0.0,persons_k,projection,ons_npp,NPP-2024based-2026-04-28,sourced,
people.npp.ppz.net_migration,2050,UK,0.0,persons_k,projection,ons_npp,NPP-2024based-2026-04-28,sourced,
people.npp.ppz.net_migration,2051,UK,0.0,persons_k,projection,ons_npp,NPP-2024based-2026-04-28,sourced,
people.npp.ppz.net_migration,2052,UK,0.0,persons_k,projection,ons_npp,NPP-2024based-2026-04-28,sourced,
people.npp.ppz.net_migration,2053,UK,0.0,persons_k,projection,ons_npp,NPP-2024based-2026-04-28,sourced,
people.npp.ppz.net_migration,2054,UK,0.0,persons_k,projection,ons_npp,NPP-2024based-2026-04-28,sourced,
people.npp.ppz.net_migration,2055,UK,0.0,persons_k,projection,ons_npp,NPP-2024based-2026-04-28,sourced,
people.npp.ppz.net_migration,2056,UK,0.0,persons_k,projection,ons_npp,NPP-2024based-2026-04-28,sourced,
people.npp.ppz.net_migration,2057,UK,0.0,persons_k,projection,ons_npp,NPP-2024based-2026-04-28,sourced,
people.npp.ppz.net_migration,2058,UK,0.0,persons_k,projection,ons_npp,NPP-2024based-2026-04-28,sourced,
people.npp.ppz.net_migration,2059,UK,0.0,persons_k,projection,ons_npp,NPP-2024based-2026-04-28,sourced,
people.npp.ppz.net_migration,2060,UK,0.0,persons_k,projection,ons_npp,NPP-2024based-2026-04-28,sourced,
people.npp.ppz.net_migration,2061,UK,0.0,persons_k,projection,ons_npp,NPP-2024based-2026-04-28,sourced,
people.npp.ppz.net_migration,2062,UK,0.0,persons_k,projection,ons_npp,NPP-2024based-2026-04-28,sourced,
people.npp.ppz.net_migration,2063,UK,0.0,persons_k,projection,ons_npp,NPP-2024based-2026-04-28,sourced,
people.npp.ppz.net_migration,2064,UK,0.0,persons_k,projection,ons_npp,NPP-2024based-2026-04-28,sourced,
people.npp.ppz.net_migration,2065,UK,0.0,persons_k,projection,ons_npp,NPP-2024based-2026-04-28,sourced,
people.npp.ppz.net_migration,2066,UK,0.0,persons_k,projection,ons_npp,NPP-2024based-2026-04-28,sourced,
people.npp.ppz.net_migration,2067,UK,0.0,persons_k,projection,ons_npp,NPP-2024based-2026-04-28,sourced,
people.npp.ppz.net_migration,2068,UK,0.0,persons_k,projection,ons_npp,NPP-2024based-2026-04-28,sourced,
people.npp.ppz.net_migration,2069,UK,0.0,persons_k,projection,ons_npp,NPP-2024based-2026-04-28,sourced,
people.npp.ppz.net_migration,2070,UK,0.0,persons_k,projection,ons_npp,NPP-2024based-2026-04-28,sourced,
people.npp.ppz.net_migration,2071,UK,0.0,persons_k,projection,ons_npp,NPP-2024based-2026-04-28,sourced,
people.npp.ppz.net_migration,2072,UK,0.0,persons_k,projection,ons_npp,NPP-2024based-2026-04-28,sourced,
people.npp.ppz.net_migration,2073,UK,0.0,persons_k,projection,ons_npp,NPP-2024based-2026-04-28,sourced,
people.npp.ppz.net_migration,2074,UK,0.0,persons_k,projection,ons_npp,NPP-2024based-2026-04-28,sourced,
people.npp.ppz.net_migration,2075,UK,0.0,persons_k,projection,ons_npp,NPP-2024based-2026-04-28,sourced,
people.npp.ppz.oadr,2024,UK,279.682164,per_1000,outturn,ons_npp,NPP-2024based-2026-04-28,sourced,"Base year of the 2024-based projections: ONS mid-2024 population estimate. ONS: Children under 16, working age, and pensionable age populations are based on State Pension Age (SPA) for a given year. Women's SPA increased to 65 between April 2016 and November 2018. From December 2018, the SPA for both sexes increased to 66 by October 2020 (Pensions Act 2011). Between 2026 and 2028, the SPA will increase from 66 to 67 years for both sexes (Pensions Act 2014), and will increase to 68 between 2044 and 2046 (Pensions Act 2007)."
people.npp.ppz.oadr,2025,UK,285.332391,per_1000,projection,ons_npp,NPP-2024based-2026-04-28,sourced,
people.npp.ppz.oadr,2026,UK,287.316825,per_1000,projection,ons_npp,NPP-2024based-2026-04-28,sourced,
people.npp.ppz.oadr,2027,UK,281.670125,per_1000,projection,ons_npp,NPP-2024based-2026-04-28,sourced,
people.npp.ppz.oadr,2028,UK,279.432988,per_1000,projection,ons_npp,NPP-2024based-2026-04-28,sourced,
people.npp.ppz.oadr,2029,UK,285.994738,per_1000,projection,ons_npp,NPP-2024based-2026-04-28,sourced,
people.npp.ppz.oadr,2030,UK,293.021758,per_1000,projection,ons_npp,NPP-2024based-2026-04-28,sourced,
people.npp.ppz.oadr,2031,UK,300.364674,per_1000,projection,ons_npp,NPP-2024based-2026-04-28,sourced,
people.npp.ppz.oadr,2032,UK,307.723512,per_1000,projection,ons_npp,NPP-2024based-2026-04-28,sourced,
people.npp.ppz.oadr,2033,UK,314.819306,per_1000,projection,ons_npp,NPP-2024based-2026-04-28,sourced,
people.npp.ppz.oadr,2034,UK,321.876568,per_1000,projection,ons_npp,NPP-2024based-2026-04-28,sourced,
people.npp.ppz.oadr,2035,UK,328.588578,per_1000,projection,ons_npp,NPP-2024based-2026-04-28,sourced,
people.npp.ppz.oadr,2036,UK,335.205577,per_1000,projection,ons_npp,NPP-2024based-2026-04-28,sourced,
people.npp.ppz.oadr,2037,UK,341.190677,per_1000,projection,ons_npp,NPP-2024based-2026-04-28,sourced,
people.npp.ppz.oadr,2038,UK,347.558713,per_1000,projection,ons_npp,NPP-2024based-2026-04-28,sourced,
people.npp.ppz.oadr,2039,UK,353.097823,per_1000,projection,ons_npp,NPP-2024based-2026-04-28,sourced,
people.npp.ppz.oadr,2040,UK,357.703616,per_1000,projection,ons_npp,NPP-2024based-2026-04-28,sourced,
people.npp.ppz.oadr,2041,UK,361.362417,per_1000,projection,ons_npp,NPP-2024based-2026-04-28,sourced,
people.npp.ppz.oadr,2042,UK,364.620443,per_1000,projection,ons_npp,NPP-2024based-2026-04-28,sourced,
people.npp.ppz.oadr,2043,UK,367.395619,per_1000,projection,ons_npp,NPP-2024based-2026-04-28,sourced,
people.npp.ppz.oadr,2044,UK,366.069603,per_1000,projection,ons_npp,NPP-2024based-2026-04-28,sourced,
people.npp.ppz.oadr,2045,UK,356.952242,per_1000,projection,ons_npp,NPP-2024based-2026-04-28,sourced,
people.npp.ppz.oadr,2046,UK,351.307087,per_1000,projection,ons_npp,NPP-2024based-2026-04-28,sourced,
people.npp.ppz.oadr,2047,UK,355.604446,per_1000,projection,ons_npp,NPP-2024based-2026-04-28,sourced,
people.npp.ppz.oadr,2048,UK,361.005098,per_1000,projection,ons_npp,NPP-2024based-2026-04-28,sourced,
people.npp.ppz.oadr,2049,UK,366.390682,per_1000,projection,ons_npp,NPP-2024based-2026-04-28,sourced,
people.npp.ppz.oadr,2050,UK,371.567401,per_1000,projection,ons_npp,NPP-2024based-2026-04-28,sourced,
people.npp.ppz.oadr,2051,UK,376.969196,per_1000,projection,ons_npp,NPP-2024based-2026-04-28,sourced,
people.npp.ppz.oadr,2052,UK,382.40092,per_1000,projection,ons_npp,NPP-2024based-2026-04-28,sourced,
people.npp.ppz.oadr,2053,UK,388.772785,per_1000,projection,ons_npp,NPP-2024based-2026-04-28,sourced,
people.npp.ppz.oadr,2054,UK,395.362214,per_1000,projection,ons_npp,NPP-2024based-2026-04-28,sourced,
people.npp.ppz.oadr,2055,UK,402.216001,per_1000,projection,ons_npp,NPP-2024based-2026-04-28,sourced,
people.npp.ppz.oadr,2056,UK,409.845177,per_1000,projection,ons_npp,NPP-2024based-2026-04-28,sourced,
people.npp.ppz.oadr,2057,UK,417.246404,per_1000,projection,ons_npp,NPP-2024based-2026-04-28,sourced,
people.npp.ppz.oadr,2058,UK,425.001401,per_1000,projection,ons_npp,NPP-2024based-2026-04-28,sourced,
people.npp.ppz.oadr,2059,UK,432.993616,per_1000,projection,ons_npp,NPP-2024based-2026-04-28,sourced,
people.npp.ppz.oadr,2060,UK,440.747515,per_1000,projection,ons_npp,NPP-2024based-2026-04-28,sourced,
people.npp.ppz.oadr,2061,UK,447.858779,per_1000,projection,ons_npp,NPP-2024based-2026-04-28,sourced,
people.npp.ppz.oadr,2062,UK,455.117175,per_1000,projection,ons_npp,NPP-2024based-2026-04-28,sourced,
people.npp.ppz.oadr,2063,UK,461.804266,per_1000,projection,ons_npp,NPP-2024based-2026-04-28,sourced,
people.npp.ppz.oadr,2064,UK,468.344828,per_1000,projection,ons_npp,NPP-2024based-2026-04-28,sourced,
people.npp.ppz.oadr,2065,UK,475.656929,per_1000,projection,ons_npp,NPP-2024based-2026-04-28,sourced,
people.npp.ppz.oadr,2066,UK,482.551691,per_1000,projection,ons_npp,NPP-2024based-2026-04-28,sourced,
people.npp.ppz.oadr,2067,UK,489.196072,per_1000,projection,ons_npp,NPP-2024based-2026-04-28,sourced,
people.npp.ppz.oadr,2068,UK,494.988887,per_1000,projection,ons_npp,NPP-2024based-2026-04-28,sourced,
people.npp.ppz.oadr,2069,UK,500.057795,per_1000,projection,ons_npp,NPP-2024based-2026-04-28,sourced,
people.npp.ppz.oadr,2070,UK,504.707709,per_1000,projection,ons_npp,NPP-2024based-2026-04-28,sourced,
people.npp.ppz.oadr,2071,UK,509.39684,per_1000,projection,ons_npp,NPP-2024based-2026-04-28,sourced,
people.npp.ppz.oadr,2072,UK,514.396748,per_1000,projection,ons_npp,NPP-2024based-2026-04-28,sourced,
people.npp.ppz.oadr,2073,UK,519.48143,per_1000,projection,ons_npp,NPP-2024based-2026-04-28,sourced,
people.npp.ppz.oadr,2074,UK,524.265999,per_1000,projection,ons_npp,NPP-2024based-2026-04-28,sourced,
people.npp.ppz.oadr,2075,UK,529.664415,per_1000,projection,ons_npp,NPP-2024based-2026-04-28,sourced,
people.npp.ppz.pension_age,2024,UK,12388.913,persons_k,outturn,ons_npp,NPP-2024based-2026-04-28,sourced,"Base year of the 2024-based projections: ONS mid-2024 population estimate. ONS: Children under 16, working age, and pensionable age populations are based on State Pension Age (SPA) for a given year. Women's SPA increased to 65 between April 2016 and November 2018. From December 2018, the SPA for both sexes increased to 66 by October 2020 (Pensions Act 2011). Between 2026 and 2028, the SPA will increase from 66 to 67 years for both sexes (Pensions Act 2014), and will increase to 68 between 2044 and 2046 (Pensions Act 2007)."
people.npp.ppz.pension_age,2025,UK,12629.505,persons_k,projection,ons_npp,NPP-2024based-2026-04-28,sourced,
people.npp.ppz.pension_age,2026,UK,12738.215,persons_k,projection,ons_npp,NPP-2024based-2026-04-28,sourced,
people.npp.ppz.pension_age,2027,UK,12584.215252,persons_k,projection,ons_npp,NPP-2024based-2026-04-28,sourced,
people.npp.ppz.pension_age,2028,UK,12546.129,persons_k,projection,ons_npp,NPP-2024based-2026-04-28,sourced,
people.npp.ppz.pension_age,2029,UK,12810.252,persons_k,projection,ons_npp,NPP-2024based-2026-04-28,sourced,
people.npp.ppz.pension_age,2030,UK,13083.619,persons_k,projection,ons_npp,NPP-2024based-2026-04-28,sourced,
people.npp.ppz.pension_age,2031,UK,13363.838,persons_k,projection,ons_npp,NPP-2024based-2026-04-28,sourced,
people.npp.ppz.pension_age,2032,UK,13642.34,persons_k,projection,ons_npp,NPP-2024based-2026-04-28,sourced,
people.npp.ppz.pension_age,2033,UK,13903.048,persons_k,projection,ons_npp,NPP-2024based-2026-04-28,sourced,
people.npp.ppz.pension_age,2034,UK,14154.271,persons_k,projection,ons_npp,NPP-2024based-2026-04-28,sourced,
people.npp.ppz.pension_age,2035,UK,14387.798,persons_k,projection,ons_npp,NPP-2024based-2026-04-28,sourced,
people.npp.ppz.pension_age,2036,UK,14610.578,persons_k,projection,ons_npp,NPP-2024based-2026-04-28,sourced,
people.npp.ppz.pension_age,2037,UK,14802.159,persons_k,projection,ons_npp,NPP-2024based-2026-04-28,sourced,
people.npp.ppz.pension_age,2038,UK,15003.328,persons_k,projection,ons_npp,NPP-2024based-2026-04-28,sourced,
people.npp.ppz.pension_age,2039,UK,15163.226,persons_k,projection,ons_npp,NPP-2024based-2026-04-28,sourced,
people.npp.ppz.pension_age,2040,UK,15284.291,persons_k,projection,ons_npp,NPP-2024based-2026-04-28,sourced,
people.npp.ppz.pension_age,2041,UK,15367.997,persons_k,projection,ons_npp,NPP-2024based-2026-04-28,sourced,
people.npp.ppz.pension_age,2042,UK,15435.696,persons_k,projection,ons_npp,NPP-2024based-2026-04-28,sourced,
people.npp.ppz.pension_age,2043,UK,15483.978,persons_k,projection,ons_npp,NPP-2024based-2026-04-28,sourced,
people.npp.ppz.pension_age,2044,UK,15401.957142,persons_k,projection,ons_npp,NPP-2024based-2026-04-28,sourced,
people.npp.ppz.pension_age,2045,UK,15075.433921,persons_k,projection,ons_npp,NPP-2024based-2026-04-28,sourced,
people.npp.ppz.pension_age,2046,UK,14852.476,persons_k,projection,ons_npp,NPP-2024based-2026-04-28,sourced,
people.npp.ppz.pension_age,2047,UK,14936.551,persons_k,projection,ons_npp,NPP-2024based-2026-04-28,sourced,
people.npp.ppz.pension_age,2048,UK,15049.713,persons_k,projection,ons_npp,NPP-2024based-2026-04-28,sourced,
people.npp.ppz.pension_age,2049,UK,15156.96,persons_k,projection,ons_npp,NPP-2024based-2026-04-28,sourced,
people.npp.ppz.pension_age,2050,UK,15252.565,persons_k,projection,ons_npp,NPP-2024based-2026-04-28,sourced,
people.npp.ppz.pension_age,2051,UK,15349.751,persons_k,projection,ons_npp,NPP-2024based-2026-04-28,sourced,
people.npp.ppz.pension_age,2052,UK,15442.808,persons_k,projection,ons_npp,NPP-2024based-2026-04-28,sourced,
people.npp.ppz.pension_age,2053,UK,15558.204,persons_k,projection,ons_npp,NPP-2024based-2026-04-28,sourced,
people.npp.ppz.pension_age,2054,UK,15674.594,persons_k,projection,ons_npp,NPP-2024based-2026-04-28,sourced,
people.npp.ppz.pension_age,2055,UK,15793.36,persons_k,projection,ons_npp,NPP-2024based-2026-04-28,sourced,
people.npp.ppz.pension_age,2056,UK,15928.591,persons_k,projection,ons_npp,NPP-2024based-2026-04-28,sourced,
people.npp.ppz.pension_age,2057,UK,16052.38,persons_k,projection,ons_npp,NPP-2024based-2026-04-28,sourced,
people.npp.ppz.pension_age,2058,UK,16180.828,persons_k,projection,ons_npp,NPP-2024based-2026-04-28,sourced,
people.npp.ppz.pension_age,2059,UK,16310.637,persons_k,projection,ons_npp,NPP-2024based-2026-04-28,sourced,
people.npp.ppz.pension_age,2060,UK,16429.333,persons_k,projection,ons_npp,NPP-2024based-2026-04-28,sourced,
people.npp.ppz.pension_age,2061,UK,16526.886,persons_k,projection,ons_npp,NPP-2024based-2026-04-28,sourced,
people.npp.ppz.pension_age,2062,UK,16623.802,persons_k,projection,ons_npp,NPP-2024based-2026-04-28,sourced,
people.npp.ppz.pension_age,2063,UK,16702.164,persons_k,projection,ons_npp,NPP-2024based-2026-04-28,sourced,
people.npp.ppz.pension_age,2064,UK,16772.912,persons_k,projection,ons_npp,NPP-2024based-2026-04-28,sourced,
people.npp.ppz.pension_age,2065,UK,16858.133,persons_k,projection,ons_npp,NPP-2024based-2026-04-28,sourced,
people.npp.ppz.pension_age,2066,UK,16928.517,persons_k,projection,ons_npp,NPP-2024based-2026-04-28,sourced,
people.npp.ppz.pension_age,2067,UK,16987.995,persons_k,projection,ons_npp,NPP-2024based-2026-04-28,sourced,
people.npp.ppz.pension_age,2068,UK,17022.748,persons_k,projection,ons_npp,NPP-2024based-2026-04-28,sourced,
people.npp.ppz.pension_age,2069,UK,17036.17,persons_k,projection,ons_npp,NPP-2024based-2026-04-28,sourced,
people.npp.ppz.pension_age,2070,UK,17035.368,persons_k,projection,ons_npp,NPP-2024based-2026-04-28,sourced,
people.npp.ppz.pension_age,2071,UK,17030.553,persons_k,projection,ons_npp,NPP-2024based-2026-04-28,sourced,
people.npp.ppz.pension_age,2072,UK,17027.449,persons_k,projection,ons_npp,NPP-2024based-2026-04-28,sourced,
people.npp.ppz.pension_age,2073,UK,17020.808,persons_k,projection,ons_npp,NPP-2024based-2026-04-28,sourced,
people.npp.ppz.pension_age,2074,UK,17002.274,persons_k,projection,ons_npp,NPP-2024based-2026-04-28,sourced,
people.npp.ppz.pension_age,2075,UK,16991.252,persons_k,projection,ons_npp,NPP-2024based-2026-04-28,sourced,
people.npp.ppz.population,2024,UK,69281.437,persons_k,outturn,ons_npp,NPP-2024based-2026-04-28,sourced,Base year of the 2024-based projections: ONS mid-2024 population estimate.
people.npp.ppz.population,2025,UK,69298.35,persons_k,projection,ons_npp,NPP-2024based-2026-04-28,sourced,
people.npp.ppz.population,2026,UK,69280.529,persons_k,projection,ons_npp,NPP-2024based-2026-04-28,sourced,
people.npp.ppz.population,2027,UK,69250.408,persons_k,projection,ons_npp,NPP-2024based-2026-04-28,sourced,
people.npp.ppz.population,2028,UK,69206.473,persons_k,projection,ons_npp,NPP-2024based-2026-04-28,sourced,
people.npp.ppz.population,2029,UK,69147.619,persons_k,projection,ons_npp,NPP-2024based-2026-04-28,sourced,
people.npp.ppz.population,2030,UK,69073.765,persons_k,projection,ons_npp,NPP-2024based-2026-04-28,sourced,
people.npp.ppz.population,2031,UK,68985.125,persons_k,projection,ons_npp,NPP-2024based-2026-04-28,sourced,
people.npp.ppz.population,2032,UK,68881.465,persons_k,projection,ons_npp,NPP-2024based-2026-04-28,sourced,
people.npp.ppz.population,2033,UK,68762.863,persons_k,projection,ons_npp,NPP-2024based-2026-04-28,sourced,
people.npp.ppz.population,2034,UK,68629.681,persons_k,projection,ons_npp,NPP-2024based-2026-04-28,sourced,
people.npp.ppz.population,2035,UK,68482.791,persons_k,projection,ons_npp,NPP-2024based-2026-04-28,sourced,
people.npp.ppz.population,2036,UK,68323.281,persons_k,projection,ons_npp,NPP-2024based-2026-04-28,sourced,
people.npp.ppz.population,2037,UK,68152.259,persons_k,projection,ons_npp,NPP-2024based-2026-04-28,sourced,
people.npp.ppz.population,2038,UK,67970.903,persons_k,projection,ons_npp,NPP-2024based-2026-04-28,sourced,
people.npp.ppz.population,2039,UK,67780.317,persons_k,projection,ons_npp,NPP-2024based-2026-04-28,sourced,
people.npp.ppz.population,2040,UK,67581.637,persons_k,projection,ons_npp,NPP-2024based-2026-04-28,sourced,
people.npp.ppz.population,2041,UK,67375.769,persons_k,projection,ons_npp,NPP-2024based-2026-04-28,sourced,
people.npp.ppz.population,2042,UK,67163.262,persons_k,projection,ons_npp,NPP-2024based-2026-04-28,sourced,
people.npp.ppz.population,2043,UK,66944.472,persons_k,projection,ons_npp,NPP-2024based-2026-04-28,sourced,
people.npp.ppz.population,2044,UK,66719.301,persons_k,projection,ons_npp,NPP-2024based-2026-04-28,sourced,
people.npp.ppz.population,2045,UK,66487.105,persons_k,projection,ons_npp,NPP-2024based-2026-04-28,sourced,
people.npp.ppz.population,2046,UK,66247.174,persons_k,projection,ons_npp,NPP-2024based-2026-04-28,sourced,
people.npp.ppz.population,2047,UK,65999.109,persons_k,projection,ons_npp,NPP-2024based-2026-04-28,sourced,
people.npp.ppz.population,2048,UK,65742.307,persons_k,projection,ons_npp,NPP-2024based-2026-04-28,sourced,
people.npp.ppz.population,2049,UK,65476.068,persons_k,projection,ons_npp,NPP-2024based-2026-04-28,sourced,
people.npp.ppz.population,2050,UK,65199.172,persons_k,projection,ons_npp,NPP-2024based-2026-04-28,sourced,
people.npp.ppz.population,2051,UK,64910.51,persons_k,projection,ons_npp,NPP-2024based-2026-04-28,sourced,
people.npp.ppz.population,2052,UK,64609.661,persons_k,projection,ons_npp,NPP-2024based-2026-04-28,sourced,
people.npp.ppz.population,2053,UK,64296.324,persons_k,projection,ons_npp,NPP-2024based-2026-04-28,sourced,
people.npp.ppz.population,2054,UK,63970.302,persons_k,projection,ons_npp,NPP-2024based-2026-04-28,sourced,
people.npp.ppz.population,2055,UK,63631.9,persons_k,projection,ons_npp,NPP-2024based-2026-04-28,sourced,
people.npp.ppz.population,2056,UK,63281.837,persons_k,projection,ons_npp,NPP-2024based-2026-04-28,sourced,
people.npp.ppz.population,2057,UK,62921.179,persons_k,projection,ons_npp,NPP-2024based-2026-04-28,sourced,
people.npp.ppz.population,2058,UK,62550.913,persons_k,projection,ons_npp,NPP-2024based-2026-04-28,sourced,
people.npp.ppz.population,2059,UK,62172.121,persons_k,projection,ons_npp,NPP-2024based-2026-04-28,sourced,
people.npp.ppz.population,2060,UK,61786.042,persons_k,projection,ons_npp,NPP-2024based-2026-04-28,sourced,
people.npp.ppz.population,2061,UK,61393.925,persons_k,projection,ons_npp,NPP-2024based-2026-04-28,sourced,
people.npp.ppz.population,2062,UK,60996.921,persons_k,projection,ons_npp,NPP-2024based-2026-04-28,sourced,
people.npp.ppz.population,2063,UK,60595.91,persons_k,projection,ons_npp,NPP-2024based-2026-04-28,sourced,
people.npp.ppz.population,2064,UK,60191.547,persons_k,projection,ons_npp,NPP-2024based-2026-04-28,sourced,
people.npp.ppz.population,2065,UK,59784.5,persons_k,projection,ons_npp,NPP-2024based-2026-04-28,sourced,
people.npp.ppz.population,2066,UK,59375.328,persons_k,projection,ons_npp,NPP-2024based-2026-04-28,sourced,
people.npp.ppz.population,2067,UK,58964.334,persons_k,projection,ons_npp,NPP-2024based-2026-04-28,sourced,
people.npp.ppz.population,2068,UK,58551.687,persons_k,projection,ons_npp,NPP-2024based-2026-04-28,sourced,
people.npp.ppz.population,2069,UK,58137.315,persons_k,projection,ons_npp,NPP-2024based-2026-04-28,sourced,
people.npp.ppz.population,2070,UK,57720.935,persons_k,projection,ons_npp,NPP-2024based-2026-04-28,sourced,
people.npp.ppz.population,2071,UK,57302.231,persons_k,projection,ons_npp,NPP-2024based-2026-04-28,sourced,
people.npp.ppz.population,2072,UK,56880.811,persons_k,projection,ons_npp,NPP-2024based-2026-04-28,sourced,
people.npp.ppz.population,2073,UK,56456.233,persons_k,projection,ons_npp,NPP-2024based-2026-04-28,sourced,
people.npp.ppz.population,2074,UK,56028.095,persons_k,projection,ons_npp,NPP-2024based-2026-04-28,sourced,
people.npp.ppz.population,2075,UK,55596.06,persons_k,projection,ons_npp,NPP-2024based-2026-04-28,sourced,
people.npp.ppz.tfr,2025,UK,1.393636,children_per_woman,projection,ons_npp,NPP-2024based-2026-04-28,sourced,
people.npp.ppz.tfr,2026,UK,1.397422,children_per_woman,projection,ons_npp,NPP-2024based-2026-04-28,sourced,
people.npp.ppz.tfr,2027,UK,1.393147,children_per_woman,projection,ons_npp,NPP-2024based-2026-04-28,sourced,
people.npp.ppz.tfr,2028,UK,1.389089,children_per_woman,projection,ons_npp,NPP-2024based-2026-04-28,sourced,
people.npp.ppz.tfr,2029,UK,1.385246,children_per_woman,projection,ons_npp,NPP-2024based-2026-04-28,sourced,
people.npp.ppz.tfr,2030,UK,1.38338,children_per_woman,projection,ons_npp,NPP-2024based-2026-04-28,sourced,
people.npp.ppz.tfr,2031,UK,1.383337,children_per_woman,projection,ons_npp,NPP-2024based-2026-04-28,sourced,
people.npp.ppz.tfr,2032,UK,1.383431,children_per_woman,projection,ons_npp,NPP-2024based-2026-04-28,sourced,
people.npp.ppz.tfr,2033,UK,1.383707,children_per_woman,projection,ons_npp,NPP-2024based-2026-04-28,sourced,
people.npp.ppz.tfr,2034,UK,1.384114,children_per_woman,projection,ons_npp,NPP-2024based-2026-04-28,sourced,
people.npp.ppz.tfr,2035,UK,1.385164,children_per_woman,projection,ons_npp,NPP-2024based-2026-04-28,sourced,
people.npp.ppz.tfr,2036,UK,1.386847,children_per_woman,projection,ons_npp,NPP-2024based-2026-04-28,sourced,
people.npp.ppz.tfr,2037,UK,1.388711,children_per_woman,projection,ons_npp,NPP-2024based-2026-04-28,sourced,
people.npp.ppz.tfr,2038,UK,1.390726,children_per_woman,projection,ons_npp,NPP-2024based-2026-04-28,sourced,
people.npp.ppz.tfr,2039,UK,1.392875,children_per_woman,projection,ons_npp,NPP-2024based-2026-04-28,sourced,
people.npp.ppz.tfr,2040,UK,1.395472,children_per_woman,projection,ons_npp,NPP-2024based-2026-04-28,sourced,
people.npp.ppz.tfr,2041,UK,1.398523,children_per_woman,projection,ons_npp,NPP-2024based-2026-04-28,sourced,
people.npp.ppz.tfr,2042,UK,1.401687,children_per_woman,projection,ons_npp,NPP-2024based-2026-04-28,sourced,
people.npp.ppz.tfr,2043,UK,1.404961,children_per_woman,projection,ons_npp,NPP-2024based-2026-04-28,sourced,
people.npp.ppz.tfr,2044,UK,1.408372,children_per_woman,projection,ons_npp,NPP-2024based-2026-04-28,sourced,
people.npp.ppz.tfr,2045,UK,1.410975,children_per_woman,projection,ons_npp,NPP-2024based-2026-04-28,sourced,
people.npp.ppz.tfr,2046,UK,1.412769,children_per_woman,projection,ons_npp,NPP-2024based-2026-04-28,sourced,
people.npp.ppz.tfr,2047,UK,1.414706,children_per_woman,projection,ons_npp,NPP-2024based-2026-04-28,sourced,
people.npp.ppz.tfr,2048,UK,1.416742,children_per_woman,projection,ons_npp,NPP-2024based-2026-04-28,sourced,
people.npp.ppz.tfr,2049,UK,1.418897,children_per_woman,projection,ons_npp,NPP-2024based-2026-04-28,sourced,
people.npp.ppz.tfr,2050,UK,1.420076,children_per_woman,projection,ons_npp,NPP-2024based-2026-04-28,sourced,
people.npp.ppz.tfr,2051,UK,1.420102,children_per_woman,projection,ons_npp,NPP-2024based-2026-04-28,sourced,
people.npp.ppz.tfr,2052,UK,1.420142,children_per_woman,projection,ons_npp,NPP-2024based-2026-04-28,sourced,
people.npp.ppz.tfr,2053,UK,1.420202,children_per_woman,projection,ons_npp,NPP-2024based-2026-04-28,sourced,
people.npp.ppz.tfr,2054,UK,1.420231,children_per_woman,projection,ons_npp,NPP-2024based-2026-04-28,sourced,
people.npp.ppz.tfr,2055,UK,1.420272,children_per_woman,projection,ons_npp,NPP-2024based-2026-04-28,sourced,
people.npp.ppz.tfr,2056,UK,1.420321,children_per_woman,projection,ons_npp,NPP-2024based-2026-04-28,sourced,
people.npp.ppz.tfr,2057,UK,1.420377,children_per_woman,projection,ons_npp,NPP-2024based-2026-04-28,sourced,
people.npp.ppz.tfr,2058,UK,1.420428,children_per_woman,projection,ons_npp,NPP-2024based-2026-04-28,sourced,
people.npp.ppz.tfr,2059,UK,1.420473,children_per_woman,projection,ons_npp,NPP-2024based-2026-04-28,sourced,
people.npp.ppz.tfr,2060,UK,1.420531,children_per_woman,projection,ons_npp,NPP-2024based-2026-04-28,sourced,
people.npp.ppz.tfr,2061,UK,1.420611,children_per_woman,projection,ons_npp,NPP-2024based-2026-04-28,sourced,
people.npp.ppz.tfr,2062,UK,1.420655,children_per_woman,projection,ons_npp,NPP-2024based-2026-04-28,sourced,
people.npp.ppz.tfr,2063,UK,1.42075,children_per_woman,projection,ons_npp,NPP-2024based-2026-04-28,sourced,
people.npp.ppz.tfr,2064,UK,1.42081,children_per_woman,projection,ons_npp,NPP-2024based-2026-04-28,sourced,
people.npp.ppz.tfr,2065,UK,1.420888,children_per_woman,projection,ons_npp,NPP-2024based-2026-04-28,sourced,
people.npp.ppz.tfr,2066,UK,1.42096,children_per_woman,projection,ons_npp,NPP-2024based-2026-04-28,sourced,
people.npp.ppz.tfr,2067,UK,1.421036,children_per_woman,projection,ons_npp,NPP-2024based-2026-04-28,sourced,
people.npp.ppz.tfr,2068,UK,1.421143,children_per_woman,projection,ons_npp,NPP-2024based-2026-04-28,sourced,
people.npp.ppz.tfr,2069,UK,1.421216,children_per_woman,projection,ons_npp,NPP-2024based-2026-04-28,sourced,
people.npp.ppz.tfr,2070,UK,1.421312,children_per_woman,projection,ons_npp,NPP-2024based-2026-04-28,sourced,
people.npp.ppz.tfr,2071,UK,1.421389,children_per_woman,projection,ons_npp,NPP-2024based-2026-04-28,sourced,
people.npp.ppz.tfr,2072,UK,1.421519,children_per_woman,projection,ons_npp,NPP-2024based-2026-04-28,sourced,
people.npp.ppz.tfr,2073,UK,1.421617,children_per_woman,projection,ons_npp,NPP-2024based-2026-04-28,sourced,
people.npp.ppz.tfr,2074,UK,1.42171,children_per_woman,projection,ons_npp,NPP-2024based-2026-04-28,sourced,
people.npp.ppz.tfr,2075,UK,1.421808,children_per_woman,projection,ons_npp,NPP-2024based-2026-04-28,sourced,
people.npp.ppz.working_age,2024,UK,44296.4,persons_k,outturn,ons_npp,NPP-2024based-2026-04-28,sourced,"Base year of the 2024-based projections: ONS mid-2024 population estimate. ONS: Children under 16, working age, and pensionable age populations are based on State Pension Age (SPA) for a given year. Women's SPA increased to 65 between April 2016 and November 2018. From December 2018, the SPA for both sexes increased to 66 by October 2020 (Pensions Act 2011). Between 2026 and 2028, the SPA will increase from 66 to 67 years for both sexes (Pensions Act 2014), and will increase to 68 between 2044 and 2046 (Pensions Act 2007)."
people.npp.ppz.working_age,2025,UK,44262.43,persons_k,projection,ons_npp,NPP-2024based-2026-04-28,sourced,
people.npp.ppz.working_age,2026,UK,44335.082,persons_k,projection,ons_npp,NPP-2024based-2026-04-28,sourced,
people.npp.ppz.working_age,2027,UK,44677.138748,persons_k,projection,ons_npp,NPP-2024based-2026-04-28,sourced,
people.npp.ppz.working_age,2028,UK,44898.525,persons_k,projection,ons_npp,NPP-2024based-2026-04-28,sourced,
people.npp.ppz.working_age,2029,UK,44791.915,persons_k,projection,ons_npp,NPP-2024based-2026-04-28,sourced,
people.npp.ppz.working_age,2030,UK,44650.674,persons_k,projection,ons_npp,NPP-2024based-2026-04-28,sourced,
people.npp.ppz.working_age,2031,UK,44492.043,persons_k,projection,ons_npp,NPP-2024based-2026-04-28,sourced,
people.npp.ppz.working_age,2032,UK,44333.109,persons_k,projection,ons_npp,NPP-2024based-2026-04-28,sourced,
people.npp.ppz.working_age,2033,UK,44161.993,persons_k,projection,ons_npp,NPP-2024based-2026-04-28,sourced,
people.npp.ppz.working_age,2034,UK,43974.22,persons_k,projection,ons_npp,NPP-2024based-2026-04-28,sourced,
people.npp.ppz.working_age,2035,UK,43786.665,persons_k,projection,ons_npp,NPP-2024based-2026-04-28,sourced,
people.npp.ppz.working_age,2036,UK,43586.918,persons_k,projection,ons_npp,NPP-2024based-2026-04-28,sourced,
people.npp.ppz.working_age,2037,UK,43383.832,persons_k,projection,ons_npp,NPP-2024based-2026-04-28,sourced,
people.npp.ppz.working_age,2038,UK,43167.751,persons_k,projection,ons_npp,NPP-2024based-2026-04-28,sourced,
people.npp.ppz.working_age,2039,UK,42943.414,persons_k,projection,ons_npp,NPP-2024based-2026-04-28,sourced,
people.npp.ppz.working_age,2040,UK,42728.925,persons_k,projection,ons_npp,NPP-2024based-2026-04-28,sourced,
people.npp.ppz.working_age,2041,UK,42527.934,persons_k,projection,ons_npp,NPP-2024based-2026-04-28,sourced,
people.npp.ppz.working_age,2042,UK,42333.6,persons_k,projection,ons_npp,NPP-2024based-2026-04-28,sourced,
people.npp.ppz.working_age,2043,UK,42145.244,persons_k,projection,ons_npp,NPP-2024based-2026-04-28,sourced,
people.npp.ppz.working_age,2044,UK,42073.848858,persons_k,projection,ons_npp,NPP-2024based-2026-04-28,sourced,
people.npp.ppz.working_age,2045,UK,42233.756079,persons_k,projection,ons_npp,NPP-2024based-2026-04-28,sourced,
people.npp.ppz.working_age,2046,UK,42277.758,persons_k,projection,ons_npp,NPP-2024based-2026-04-28,sourced,
people.npp.ppz.working_age,2047,UK,42003.274,persons_k,projection,ons_npp,NPP-2024based-2026-04-28,sourced,
people.npp.ppz.working_age,2048,UK,41688.367,persons_k,projection,ons_npp,NPP-2024based-2026-04-28,sourced,
people.npp.ppz.working_age,2049,UK,41368.301,persons_k,projection,ons_npp,NPP-2024based-2026-04-28,sourced,
people.npp.ppz.working_age,2050,UK,41049.255,persons_k,projection,ons_npp,NPP-2024based-2026-04-28,sourced,
people.npp.ppz.working_age,2051,UK,40718.847,persons_k,projection,ons_npp,NPP-2024based-2026-04-28,sourced,
people.npp.ppz.working_age,2052,UK,40383.815,persons_k,projection,ons_npp,NPP-2024based-2026-04-28,sourced,
people.npp.ppz.working_age,2053,UK,40018.758,persons_k,projection,ons_npp,NPP-2024based-2026-04-28,sourced,
people.npp.ppz.working_age,2054,UK,39646.161,persons_k,projection,ons_npp,NPP-2024based-2026-04-28,sourced,
people.npp.ppz.working_age,2055,UK,39265.867,persons_k,projection,ons_npp,NPP-2024based-2026-04-28,sourced,
people.npp.ppz.working_age,2056,UK,38864.898,persons_k,projection,ons_npp,NPP-2024based-2026-04-28,sourced,
people.npp.ppz.working_age,2057,UK,38472.183,persons_k,projection,ons_npp,NPP-2024based-2026-04-28,sourced,
people.npp.ppz.working_age,2058,UK,38072.411,persons_k,projection,ons_npp,NPP-2024based-2026-04-28,sourced,
people.npp.ppz.working_age,2059,UK,37669.463,persons_k,projection,ons_npp,NPP-2024based-2026-04-28,sourced,
people.npp.ppz.working_age,2060,UK,37276.065,persons_k,projection,ons_npp,NPP-2024based-2026-04-28,sourced,
people.npp.ppz.working_age,2061,UK,36902.003,persons_k,projection,ons_npp,NPP-2024based-2026-04-28,sourced,
people.npp.ppz.working_age,2062,UK,36526.422,persons_k,projection,ons_npp,NPP-2024based-2026-04-28,sourced,
people.npp.ppz.working_age,2063,UK,36167.193,persons_k,projection,ons_npp,NPP-2024based-2026-04-28,sourced,
people.npp.ppz.working_age,2064,UK,35813.168,persons_k,projection,ons_npp,NPP-2024based-2026-04-28,sourced,
people.npp.ppz.working_age,2065,UK,35441.79,persons_k,projection,ons_npp,NPP-2024based-2026-04-28,sourced,
people.npp.ppz.working_age,2066,UK,35081.251,persons_k,projection,ons_npp,NPP-2024based-2026-04-28,sourced,
people.npp.ppz.working_age,2067,UK,34726.352,persons_k,projection,ons_npp,NPP-2024based-2026-04-28,sourced,
people.npp.ppz.working_age,2068,UK,34390.162,persons_k,projection,ons_npp,NPP-2024based-2026-04-28,sourced,
people.npp.ppz.working_age,2069,UK,34068.402,persons_k,projection,ons_npp,NPP-2024based-2026-04-28,sourced,
people.npp.ppz.working_age,2070,UK,33752.938,persons_k,projection,ons_npp,NPP-2024based-2026-04-28,sourced,
people.npp.ppz.working_age,2071,UK,33432.781,persons_k,projection,ons_npp,NPP-2024based-2026-04-28,sourced,
people.npp.ppz.working_age,2072,UK,33101.782,persons_k,projection,ons_npp,NPP-2024based-2026-04-28,sourced,
people.npp.ppz.working_age,2073,UK,32764.998,persons_k,projection,ons_npp,NPP-2024based-2026-04-28,sourced,
people.npp.ppz.working_age,2074,UK,32430.625,persons_k,projection,ons_npp,NPP-2024based-2026-04-28,sourced,
people.npp.ppz.working_age,2075,UK,32079.278,persons_k,projection,ons_npp,NPP-2024based-2026-04-28,sourced,
people.npp.rpp.births,2025,UK,651.889,persons_k,projection,ons_npp,NPP-2024based-2026-04-28,sourced,
people.npp.rpp.births,2026,UK,969.443,persons_k,projection,ons_npp,NPP-2024based-2026-04-28,sourced,
people.npp.rpp.births,2027,UK,965.144,persons_k,projection,ons_npp,NPP-2024based-2026-04-28,sourced,
people.npp.rpp.births,2028,UK,961.73,persons_k,projection,ons_npp,NPP-2024based-2026-04-28,sourced,
people.npp.rpp.births,2029,UK,958.108,persons_k,projection,ons_npp,NPP-2024based-2026-04-28,sourced,
people.npp.rpp.births,2030,UK,954.374,persons_k,projection,ons_npp,NPP-2024based-2026-04-28,sourced,
people.npp.rpp.births,2031,UK,950.7,persons_k,projection,ons_npp,NPP-2024based-2026-04-28,sourced,
people.npp.rpp.births,2032,UK,947.323,persons_k,projection,ons_npp,NPP-2024based-2026-04-28,sourced,
people.npp.rpp.births,2033,UK,944.509,persons_k,projection,ons_npp,NPP-2024based-2026-04-28,sourced,
people.npp.rpp.births,2034,UK,942.519,persons_k,projection,ons_npp,NPP-2024based-2026-04-28,sourced,
people.npp.rpp.births,2035,UK,941.491,persons_k,projection,ons_npp,NPP-2024based-2026-04-28,sourced,
people.npp.rpp.births,2036,UK,941.56,persons_k,projection,ons_npp,NPP-2024based-2026-04-28,sourced,
people.npp.rpp.births,2037,UK,942.742,persons_k,projection,ons_npp,NPP-2024based-2026-04-28,sourced,
people.npp.rpp.births,2038,UK,944.863,persons_k,projection,ons_npp,NPP-2024based-2026-04-28,sourced,
people.npp.rpp.births,2039,UK,947.527,persons_k,projection,ons_npp,NPP-2024based-2026-04-28,sourced,
people.npp.rpp.births,2040,UK,950.182,persons_k,projection,ons_npp,NPP-2024based-2026-04-28,sourced,
people.npp.rpp.births,2041,UK,952.532,persons_k,projection,ons_npp,NPP-2024based-2026-04-28,sourced,
people.npp.rpp.births,2042,UK,954.527,persons_k,projection,ons_npp,NPP-2024based-2026-04-28,sourced,
people.npp.rpp.births,2043,UK,956.063,persons_k,projection,ons_npp,NPP-2024based-2026-04-28,sourced,
people.npp.rpp.births,2044,UK,956.983,persons_k,projection,ons_npp,NPP-2024based-2026-04-28,sourced,
people.npp.rpp.births,2045,UK,957.575,persons_k,projection,ons_npp,NPP-2024based-2026-04-28,sourced,
people.npp.rpp.births,2046,UK,958.455,persons_k,projection,ons_npp,NPP-2024based-2026-04-28,sourced,
people.npp.rpp.births,2047,UK,959.462,persons_k,projection,ons_npp,NPP-2024based-2026-04-28,sourced,
people.npp.rpp.births,2048,UK,960.209,persons_k,projection,ons_npp,NPP-2024based-2026-04-28,sourced,
people.npp.rpp.births,2049,UK,960.707,persons_k,projection,ons_npp,NPP-2024based-2026-04-28,sourced,
people.npp.rpp.births,2050,UK,961.115,persons_k,projection,ons_npp,NPP-2024based-2026-04-28,sourced,
people.npp.rpp.births,2051,UK,962.144,persons_k,projection,ons_npp,NPP-2024based-2026-04-28,sourced,
people.npp.rpp.births,2052,UK,964.257,persons_k,projection,ons_npp,NPP-2024based-2026-04-28,sourced,
people.npp.rpp.births,2053,UK,967.162,persons_k,projection,ons_npp,NPP-2024based-2026-04-28,sourced,
people.npp.rpp.births,2054,UK,971.066,persons_k,projection,ons_npp,NPP-2024based-2026-04-28,sourced,
people.npp.rpp.births,2055,UK,976.341,persons_k,projection,ons_npp,NPP-2024based-2026-04-28,sourced,
people.npp.rpp.births,2056,UK,985.654,persons_k,projection,ons_npp,NPP-2024based-2026-04-28,sourced,
people.npp.rpp.births,2057,UK,999.506,persons_k,projection,ons_npp,NPP-2024based-2026-04-28,sourced,
people.npp.rpp.births,2058,UK,1014.535,persons_k,projection,ons_npp,NPP-2024based-2026-04-28,sourced,
people.npp.rpp.births,2059,UK,1029.453,persons_k,projection,ons_npp,NPP-2024based-2026-04-28,sourced,
people.npp.rpp.births,2060,UK,1044.001,persons_k,projection,ons_npp,NPP-2024based-2026-04-28,sourced,
people.npp.rpp.births,2061,UK,1058.461,persons_k,projection,ons_npp,NPP-2024based-2026-04-28,sourced,
people.npp.rpp.births,2062,UK,1072.065,persons_k,projection,ons_npp,NPP-2024based-2026-04-28,sourced,
people.npp.rpp.births,2063,UK,1083.278,persons_k,projection,ons_npp,NPP-2024based-2026-04-28,sourced,
people.npp.rpp.births,2064,UK,1092.092,persons_k,projection,ons_npp,NPP-2024based-2026-04-28,sourced,
people.npp.rpp.births,2065,UK,1099.137,persons_k,projection,ons_npp,NPP-2024based-2026-04-28,sourced,
people.npp.rpp.births,2066,UK,1106.635,persons_k,projection,ons_npp,NPP-2024based-2026-04-28,sourced,
people.npp.rpp.births,2067,UK,1114.016,persons_k,projection,ons_npp,NPP-2024based-2026-04-28,sourced,
people.npp.rpp.births,2068,UK,1119.249,persons_k,projection,ons_npp,NPP-2024based-2026-04-28,sourced,
people.npp.rpp.births,2069,UK,1122.785,persons_k,projection,ons_npp,NPP-2024based-2026-04-28,sourced,
people.npp.rpp.births,2070,UK,1125.064,persons_k,projection,ons_npp,NPP-2024based-2026-04-28,sourced,
people.npp.rpp.births,2071,UK,1126.776,persons_k,projection,ons_npp,NPP-2024based-2026-04-28,sourced,
people.npp.rpp.births,2072,UK,1128.834,persons_k,projection,ons_npp,NPP-2024based-2026-04-28,sourced,
people.npp.rpp.births,2073,UK,1130.661,persons_k,projection,ons_npp,NPP-2024based-2026-04-28,sourced,
people.npp.rpp.births,2074,UK,1131.814,persons_k,projection,ons_npp,NPP-2024based-2026-04-28,sourced,
people.npp.rpp.births,2075,UK,1133.168,persons_k,projection,ons_npp,NPP-2024based-2026-04-28,sourced,
people.npp.rpp.deaths,2025,UK,634.964,persons_k,projection,ons_npp,NPP-2024based-2026-04-28,sourced,
people.npp.rpp.deaths,2026,UK,666.598,persons_k,projection,ons_npp,NPP-2024based-2026-04-28,sourced,
people.npp.rpp.deaths,2027,UK,670.631,persons_k,projection,ons_npp,NPP-2024based-2026-04-28,sourced,
people.npp.rpp.deaths,2028,UK,675.835,persons_k,projection,ons_npp,NPP-2024based-2026-04-28,sourced,
people.npp.rpp.deaths,2029,UK,682.011,persons_k,projection,ons_npp,NPP-2024based-2026-04-28,sourced,
people.npp.rpp.deaths,2030,UK,688.994,persons_k,projection,ons_npp,NPP-2024based-2026-04-28,sourced,
people.npp.rpp.deaths,2031,UK,696.555,persons_k,projection,ons_npp,NPP-2024based-2026-04-28,sourced,
people.npp.rpp.deaths,2032,UK,704.599,persons_k,projection,ons_npp,NPP-2024based-2026-04-28,sourced,
people.npp.rpp.deaths,2033,UK,712.934,persons_k,projection,ons_npp,NPP-2024based-2026-04-28,sourced,
people.npp.rpp.deaths,2034,UK,721.433,persons_k,projection,ons_npp,NPP-2024based-2026-04-28,sourced,
people.npp.rpp.deaths,2035,UK,729.955,persons_k,projection,ons_npp,NPP-2024based-2026-04-28,sourced,
people.npp.rpp.deaths,2036,UK,738.369,persons_k,projection,ons_npp,NPP-2024based-2026-04-28,sourced,
people.npp.rpp.deaths,2037,UK,746.575,persons_k,projection,ons_npp,NPP-2024based-2026-04-28,sourced,
people.npp.rpp.deaths,2038,UK,754.487,persons_k,projection,ons_npp,NPP-2024based-2026-04-28,sourced,
people.npp.rpp.deaths,2039,UK,761.982,persons_k,projection,ons_npp,NPP-2024based-2026-04-28,sourced,
people.npp.rpp.deaths,2040,UK,768.968,persons_k,projection,ons_npp,NPP-2024based-2026-04-28,sourced,
people.npp.rpp.deaths,2041,UK,775.409,persons_k,projection,ons_npp,NPP-2024based-2026-04-28,sourced,
people.npp.rpp.deaths,2042,UK,781.344,persons_k,projection,ons_npp,NPP-2024based-2026-04-28,sourced,
people.npp.rpp.deaths,2043,UK,786.867,persons_k,projection,ons_npp,NPP-2024based-2026-04-28,sourced,
people.npp.rpp.deaths,2044,UK,792.015,persons_k,projection,ons_npp,NPP-2024based-2026-04-28,sourced,
people.npp.rpp.deaths,2045,UK,796.928,persons_k,projection,ons_npp,NPP-2024based-2026-04-28,sourced,
people.npp.rpp.deaths,2046,UK,801.709,persons_k,projection,ons_npp,NPP-2024based-2026-04-28,sourced,
people.npp.rpp.deaths,2047,UK,806.456,persons_k,projection,ons_npp,NPP-2024based-2026-04-28,sourced,
people.npp.rpp.deaths,2048,UK,811.303,persons_k,projection,ons_npp,NPP-2024based-2026-04-28,sourced,
people.npp.rpp.deaths,2049,UK,816.275,persons_k,projection,ons_npp,NPP-2024based-2026-04-28,sourced,
people.npp.rpp.deaths,2050,UK,821.354,persons_k,projection,ons_npp,NPP-2024based-2026-04-28,sourced,
people.npp.rpp.deaths,2051,UK,826.481,persons_k,projection,ons_npp,NPP-2024based-2026-04-28,sourced,
people.npp.rpp.deaths,2052,UK,831.576,persons_k,projection,ons_npp,NPP-2024based-2026-04-28,sourced,
people.npp.rpp.deaths,2053,UK,836.507,persons_k,projection,ons_npp,NPP-2024based-2026-04-28,sourced,
people.npp.rpp.deaths,2054,UK,841.153,persons_k,projection,ons_npp,NPP-2024based-2026-04-28,sourced,
people.npp.rpp.deaths,2055,UK,845.407,persons_k,projection,ons_npp,NPP-2024based-2026-04-28,sourced,
people.npp.rpp.deaths,2056,UK,849.103,persons_k,projection,ons_npp,NPP-2024based-2026-04-28,sourced,
people.npp.rpp.deaths,2057,UK,852.223,persons_k,projection,ons_npp,NPP-2024based-2026-04-28,sourced,
people.npp.rpp.deaths,2058,UK,854.638,persons_k,projection,ons_npp,NPP-2024based-2026-04-28,sourced,
people.npp.rpp.deaths,2059,UK,856.386,persons_k,projection,ons_npp,NPP-2024based-2026-04-28,sourced,
people.npp.rpp.deaths,2060,UK,857.502,persons_k,projection,ons_npp,NPP-2024based-2026-04-28,sourced,
people.npp.rpp.deaths,2061,UK,858.011,persons_k,projection,ons_npp,NPP-2024based-2026-04-28,sourced,
people.npp.rpp.deaths,2062,UK,858.077,persons_k,projection,ons_npp,NPP-2024based-2026-04-28,sourced,
people.npp.rpp.deaths,2063,UK,857.782,persons_k,projection,ons_npp,NPP-2024based-2026-04-28,sourced,
people.npp.rpp.deaths,2064,UK,857.301,persons_k,projection,ons_npp,NPP-2024based-2026-04-28,sourced,
people.npp.rpp.deaths,2065,UK,856.724,persons_k,projection,ons_npp,NPP-2024based-2026-04-28,sourced,
people.npp.rpp.deaths,2066,UK,856.284,persons_k,projection,ons_npp,NPP-2024based-2026-04-28,sourced,
people.npp.rpp.deaths,2067,UK,856.074,persons_k,projection,ons_npp,NPP-2024based-2026-04-28,sourced,
people.npp.rpp.deaths,2068,UK,856.271,persons_k,projection,ons_npp,NPP-2024based-2026-04-28,sourced,
people.npp.rpp.deaths,2069,UK,856.96,persons_k,projection,ons_npp,NPP-2024based-2026-04-28,sourced,
people.npp.rpp.deaths,2070,UK,858.289,persons_k,projection,ons_npp,NPP-2024based-2026-04-28,sourced,
people.npp.rpp.deaths,2071,UK,860.367,persons_k,projection,ons_npp,NPP-2024based-2026-04-28,sourced,
people.npp.rpp.deaths,2072,UK,863.174,persons_k,projection,ons_npp,NPP-2024based-2026-04-28,sourced,
people.npp.rpp.deaths,2073,UK,866.692,persons_k,projection,ons_npp,NPP-2024based-2026-04-28,sourced,
people.npp.rpp.deaths,2074,UK,870.788,persons_k,projection,ons_npp,NPP-2024based-2026-04-28,sourced,
people.npp.rpp.deaths,2075,UK,875.384,persons_k,projection,ons_npp,NPP-2024based-2026-04-28,sourced,
people.npp.rpp.life_expectancy_female,2025,UK,83.632114,years,projection,ons_npp,NPP-2024based-2026-04-28,sourced,
people.npp.rpp.life_expectancy_female,2026,UK,83.481722,years,projection,ons_npp,NPP-2024based-2026-04-28,sourced,
people.npp.rpp.life_expectancy_female,2027,UK,83.612121,years,projection,ons_npp,NPP-2024based-2026-04-28,sourced,
people.npp.rpp.life_expectancy_female,2028,UK,83.73756,years,projection,ons_npp,NPP-2024based-2026-04-28,sourced,
people.npp.rpp.life_expectancy_female,2029,UK,83.858482,years,projection,ons_npp,NPP-2024based-2026-04-28,sourced,
people.npp.rpp.life_expectancy_female,2030,UK,83.976653,years,projection,ons_npp,NPP-2024based-2026-04-28,sourced,
people.npp.rpp.life_expectancy_female,2031,UK,84.092764,years,projection,ons_npp,NPP-2024based-2026-04-28,sourced,
people.npp.rpp.life_expectancy_female,2032,UK,84.205158,years,projection,ons_npp,NPP-2024based-2026-04-28,sourced,
people.npp.rpp.life_expectancy_female,2033,UK,84.31375,years,projection,ons_npp,NPP-2024based-2026-04-28,sourced,
people.npp.rpp.life_expectancy_female,2034,UK,84.422567,years,projection,ons_npp,NPP-2024based-2026-04-28,sourced,
people.npp.rpp.life_expectancy_female,2035,UK,84.527298,years,projection,ons_npp,NPP-2024based-2026-04-28,sourced,
people.npp.rpp.life_expectancy_female,2036,UK,84.631883,years,projection,ons_npp,NPP-2024based-2026-04-28,sourced,
people.npp.rpp.life_expectancy_female,2037,UK,84.733997,years,projection,ons_npp,NPP-2024based-2026-04-28,sourced,
people.npp.rpp.life_expectancy_female,2038,UK,84.835559,years,projection,ons_npp,NPP-2024based-2026-04-28,sourced,
people.npp.rpp.life_expectancy_female,2039,UK,84.935479,years,projection,ons_npp,NPP-2024based-2026-04-28,sourced,
people.npp.rpp.life_expectancy_female,2040,UK,85.035455,years,projection,ons_npp,NPP-2024based-2026-04-28,sourced,
people.npp.rpp.life_expectancy_female,2041,UK,85.133055,years,projection,ons_npp,NPP-2024based-2026-04-28,sourced,
people.npp.rpp.life_expectancy_female,2042,UK,85.232665,years,projection,ons_npp,NPP-2024based-2026-04-28,sourced,
people.npp.rpp.life_expectancy_female,2043,UK,85.330167,years,projection,ons_npp,NPP-2024based-2026-04-28,sourced,
people.npp.rpp.life_expectancy_female,2044,UK,85.427792,years,projection,ons_npp,NPP-2024based-2026-04-28,sourced,
people.npp.rpp.life_expectancy_female,2045,UK,85.526033,years,projection,ons_npp,NPP-2024based-2026-04-28,sourced,
people.npp.rpp.life_expectancy_female,2046,UK,85.622486,years,projection,ons_npp,NPP-2024based-2026-04-28,sourced,
people.npp.rpp.life_expectancy_female,2047,UK,85.719306,years,projection,ons_npp,NPP-2024based-2026-04-28,sourced,
people.npp.rpp.life_expectancy_female,2048,UK,85.816367,years,projection,ons_npp,NPP-2024based-2026-04-28,sourced,
people.npp.rpp.life_expectancy_female,2049,UK,85.912151,years,projection,ons_npp,NPP-2024based-2026-04-28,sourced,
people.npp.rpp.life_expectancy_female,2050,UK,86.007848,years,projection,ons_npp,NPP-2024based-2026-04-28,sourced,
people.npp.rpp.life_expectancy_female,2051,UK,86.103695,years,projection,ons_npp,NPP-2024based-2026-04-28,sourced,
people.npp.rpp.life_expectancy_female,2052,UK,86.199458,years,projection,ons_npp,NPP-2024based-2026-04-28,sourced,
people.npp.rpp.life_expectancy_female,2053,UK,86.29433,years,projection,ons_npp,NPP-2024based-2026-04-28,sourced,
people.npp.rpp.life_expectancy_female,2054,UK,86.389353,years,projection,ons_npp,NPP-2024based-2026-04-28,sourced,
people.npp.rpp.life_expectancy_female,2055,UK,86.48406,years,projection,ons_npp,NPP-2024based-2026-04-28,sourced,
people.npp.rpp.life_expectancy_female,2056,UK,86.578963,years,projection,ons_npp,NPP-2024based-2026-04-28,sourced,
people.npp.rpp.life_expectancy_female,2057,UK,86.672727,years,projection,ons_npp,NPP-2024based-2026-04-28,sourced,
people.npp.rpp.life_expectancy_female,2058,UK,86.766939,years,projection,ons_npp,NPP-2024based-2026-04-28,sourced,
people.npp.rpp.life_expectancy_female,2059,UK,86.861167,years,projection,ons_npp,NPP-2024based-2026-04-28,sourced,
people.npp.rpp.life_expectancy_female,2060,UK,86.953679,years,projection,ons_npp,NPP-2024based-2026-04-28,sourced,
people.npp.rpp.life_expectancy_female,2061,UK,87.046635,years,projection,ons_npp,NPP-2024based-2026-04-28,sourced,
people.npp.rpp.life_expectancy_female,2062,UK,87.139481,years,projection,ons_npp,NPP-2024based-2026-04-28,sourced,
people.npp.rpp.life_expectancy_female,2063,UK,87.231474,years,projection,ons_npp,NPP-2024based-2026-04-28,sourced,
people.npp.rpp.life_expectancy_female,2064,UK,87.323294,years,projection,ons_npp,NPP-2024based-2026-04-28,sourced,
people.npp.rpp.life_expectancy_female,2065,UK,87.41528,years,projection,ons_npp,NPP-2024based-2026-04-28,sourced,
people.npp.rpp.life_expectancy_female,2066,UK,87.506025,years,projection,ons_npp,NPP-2024based-2026-04-28,sourced,
people.npp.rpp.life_expectancy_female,2067,UK,87.597702,years,projection,ons_npp,NPP-2024based-2026-04-28,sourced,
people.npp.rpp.life_expectancy_female,2068,UK,87.687972,years,projection,ons_npp,NPP-2024based-2026-04-28,sourced,
people.npp.rpp.life_expectancy_female,2069,UK,87.77855,years,projection,ons_npp,NPP-2024based-2026-04-28,sourced,
people.npp.rpp.life_expectancy_female,2070,UK,87.869507,years,projection,ons_npp,NPP-2024based-2026-04-28,sourced,
people.npp.rpp.life_expectancy_female,2071,UK,87.959307,years,projection,ons_npp,NPP-2024based-2026-04-28,sourced,
people.npp.rpp.life_expectancy_female,2072,UK,88.048453,years,projection,ons_npp,NPP-2024based-2026-04-28,sourced,
people.npp.rpp.life_expectancy_female,2073,UK,88.13779,years,projection,ons_npp,NPP-2024based-2026-04-28,sourced,
people.npp.rpp.life_expectancy_female,2074,UK,88.226288,years,projection,ons_npp,NPP-2024based-2026-04-28,sourced,
people.npp.rpp.life_expectancy_female,2075,UK,88.315136,years,projection,ons_npp,NPP-2024based-2026-04-28,sourced,
people.npp.rpp.life_expectancy_male,2025,UK,79.854344,years,projection,ons_npp,NPP-2024based-2026-04-28,sourced,
people.npp.rpp.life_expectancy_male,2026,UK,79.644185,years,projection,ons_npp,NPP-2024based-2026-04-28,sourced,
people.npp.rpp.life_expectancy_male,2027,UK,79.785188,years,projection,ons_npp,NPP-2024based-2026-04-28,sourced,
people.npp.rpp.life_expectancy_male,2028,UK,79.921578,years,projection,ons_npp,NPP-2024based-2026-04-28,sourced,
people.npp.rpp.life_expectancy_male,2029,UK,80.05478,years,projection,ons_npp,NPP-2024based-2026-04-28,sourced,
people.npp.rpp.life_expectancy_male,2030,UK,80.184683,years,projection,ons_npp,NPP-2024based-2026-04-28,sourced,
people.npp.rpp.life_expectancy_male,2031,UK,80.312632,years,projection,ons_npp,NPP-2024based-2026-04-28,sourced,
people.npp.rpp.life_expectancy_male,2032,UK,80.436101,years,projection,ons_npp,NPP-2024based-2026-04-28,sourced,
people.npp.rpp.life_expectancy_male,2033,UK,80.558738,years,projection,ons_npp,NPP-2024based-2026-04-28,sourced,
people.npp.rpp.life_expectancy_male,2034,UK,80.678555,years,projection,ons_npp,NPP-2024based-2026-04-28,sourced,
people.npp.rpp.life_expectancy_male,2035,UK,80.796568,years,projection,ons_npp,NPP-2024based-2026-04-28,sourced,
people.npp.rpp.life_expectancy_male,2036,UK,80.913854,years,projection,ons_npp,NPP-2024based-2026-04-28,sourced,
people.npp.rpp.life_expectancy_male,2037,UK,81.02906,years,projection,ons_npp,NPP-2024based-2026-04-28,sourced,
people.npp.rpp.life_expectancy_male,2038,UK,81.142752,years,projection,ons_npp,NPP-2024based-2026-04-28,sourced,
people.npp.rpp.life_expectancy_male,2039,UK,81.257144,years,projection,ons_npp,NPP-2024based-2026-04-28,sourced,
people.npp.rpp.life_expectancy_male,2040,UK,81.369158,years,projection,ons_npp,NPP-2024based-2026-04-28,sourced,
people.npp.rpp.life_expectancy_male,2041,UK,81.482929,years,projection,ons_npp,NPP-2024based-2026-04-28,sourced,
people.npp.rpp.life_expectancy_male,2042,UK,81.594405,years,projection,ons_npp,NPP-2024based-2026-04-28,sourced,
people.npp.rpp.life_expectancy_male,2043,UK,81.705115,years,projection,ons_npp,NPP-2024based-2026-04-28,sourced,
people.npp.rpp.life_expectancy_male,2044,UK,81.815812,years,projection,ons_npp,NPP-2024based-2026-04-28,sourced,
people.npp.rpp.life_expectancy_male,2045,UK,81.924909,years,projection,ons_npp,NPP-2024based-2026-04-28,sourced,
people.npp.rpp.life_expectancy_male,2046,UK,82.034621,years,projection,ons_npp,NPP-2024based-2026-04-28,sourced,
people.npp.rpp.life_expectancy_male,2047,UK,82.143384,years,projection,ons_npp,NPP-2024based-2026-04-28,sourced,
people.npp.rpp.life_expectancy_male,2048,UK,82.252368,years,projection,ons_npp,NPP-2024based-2026-04-28,sourced,
people.npp.rpp.life_expectancy_male,2049,UK,82.360595,years,projection,ons_npp,NPP-2024based-2026-04-28,sourced,
people.npp.rpp.life_expectancy_male,2050,UK,82.468821,years,projection,ons_npp,NPP-2024based-2026-04-28,sourced,
people.npp.rpp.life_expectancy_male,2051,UK,82.575872,years,projection,ons_npp,NPP-2024based-2026-04-28,sourced,
people.npp.rpp.life_expectancy_male,2052,UK,82.683085,years,projection,ons_npp,NPP-2024based-2026-04-28,sourced,
people.npp.rpp.life_expectancy_male,2053,UK,82.790273,years,projection,ons_npp,NPP-2024based-2026-04-28,sourced,
people.npp.rpp.life_expectancy_male,2054,UK,82.896647,years,projection,ons_npp,NPP-2024based-2026-04-28,sourced,
people.npp.rpp.life_expectancy_male,2055,UK,83.002141,years,projection,ons_npp,NPP-2024based-2026-04-28,sourced,
people.npp.rpp.life_expectancy_male,2056,UK,83.10995,years,projection,ons_npp,NPP-2024based-2026-04-28,sourced,
people.npp.rpp.life_expectancy_male,2057,UK,83.216277,years,projection,ons_npp,NPP-2024based-2026-04-28,sourced,
people.npp.rpp.life_expectancy_male,2058,UK,83.321835,years,projection,ons_npp,NPP-2024based-2026-04-28,sourced,
people.npp.rpp.life_expectancy_male,2059,UK,83.426331,years,projection,ons_npp,NPP-2024based-2026-04-28,sourced,
people.npp.rpp.life_expectancy_male,2060,UK,83.531024,years,projection,ons_npp,NPP-2024based-2026-04-28,sourced,
people.npp.rpp.life_expectancy_male,2061,UK,83.635999,years,projection,ons_npp,NPP-2024based-2026-04-28,sourced,
people.npp.rpp.life_expectancy_male,2062,UK,83.739998,years,projection,ons_npp,NPP-2024based-2026-04-28,sourced,
people.npp.rpp.life_expectancy_male,2063,UK,83.844812,years,projection,ons_npp,NPP-2024based-2026-04-28,sourced,
people.npp.rpp.life_expectancy_male,2064,UK,83.948018,years,projection,ons_npp,NPP-2024based-2026-04-28,sourced,
people.npp.rpp.life_expectancy_male,2065,UK,84.052198,years,projection,ons_npp,NPP-2024based-2026-04-28,sourced,
people.npp.rpp.life_expectancy_male,2066,UK,84.155648,years,projection,ons_npp,NPP-2024based-2026-04-28,sourced,
people.npp.rpp.life_expectancy_male,2067,UK,84.258701,years,projection,ons_npp,NPP-2024based-2026-04-28,sourced,
people.npp.rpp.life_expectancy_male,2068,UK,84.361835,years,projection,ons_npp,NPP-2024based-2026-04-28,sourced,
people.npp.rpp.life_expectancy_male,2069,UK,84.464523,years,projection,ons_npp,NPP-2024based-2026-04-28,sourced,
people.npp.rpp.life_expectancy_male,2070,UK,84.566842,years,projection,ons_npp,NPP-2024based-2026-04-28,sourced,
people.npp.rpp.life_expectancy_male,2071,UK,84.668772,years,projection,ons_npp,NPP-2024based-2026-04-28,sourced,
people.npp.rpp.life_expectancy_male,2072,UK,84.77085,years,projection,ons_npp,NPP-2024based-2026-04-28,sourced,
people.npp.rpp.life_expectancy_male,2073,UK,84.872308,years,projection,ons_npp,NPP-2024based-2026-04-28,sourced,
people.npp.rpp.life_expectancy_male,2074,UK,84.973993,years,projection,ons_npp,NPP-2024based-2026-04-28,sourced,
people.npp.rpp.life_expectancy_male,2075,UK,85.074947,years,projection,ons_npp,NPP-2024based-2026-04-28,sourced,
people.npp.rpp.net_migration,2025,UK,204.0,persons_k,projection,ons_npp,NPP-2024based-2026-04-28,sourced,
people.npp.rpp.net_migration,2026,UK,138.0,persons_k,projection,ons_npp,NPP-2024based-2026-04-28,sourced,
people.npp.rpp.net_migration,2027,UK,230.0,persons_k,projection,ons_npp,NPP-2024based-2026-04-28,sourced,
people.npp.rpp.net_migration,2028,UK,230.0,persons_k,projection,ons_npp,NPP-2024based-2026-04-28,sourced,
people.npp.rpp.net_migration,2029,UK,230.0,persons_k,projection,ons_npp,NPP-2024based-2026-04-28,sourced,
people.npp.rpp.net_migration,2030,UK,230.0,persons_k,projection,ons_npp,NPP-2024based-2026-04-28,sourced,
people.npp.rpp.net_migration,2031,UK,230.0,persons_k,projection,ons_npp,NPP-2024based-2026-04-28,sourced,
people.npp.rpp.net_migration,2032,UK,230.0,persons_k,projection,ons_npp,NPP-2024based-2026-04-28,sourced,
people.npp.rpp.net_migration,2033,UK,230.0,persons_k,projection,ons_npp,NPP-2024based-2026-04-28,sourced,
people.npp.rpp.net_migration,2034,UK,230.0,persons_k,projection,ons_npp,NPP-2024based-2026-04-28,sourced,
people.npp.rpp.net_migration,2035,UK,230.0,persons_k,projection,ons_npp,NPP-2024based-2026-04-28,sourced,
people.npp.rpp.net_migration,2036,UK,230.0,persons_k,projection,ons_npp,NPP-2024based-2026-04-28,sourced,
people.npp.rpp.net_migration,2037,UK,230.0,persons_k,projection,ons_npp,NPP-2024based-2026-04-28,sourced,
people.npp.rpp.net_migration,2038,UK,230.0,persons_k,projection,ons_npp,NPP-2024based-2026-04-28,sourced,
people.npp.rpp.net_migration,2039,UK,230.0,persons_k,projection,ons_npp,NPP-2024based-2026-04-28,sourced,
people.npp.rpp.net_migration,2040,UK,230.0,persons_k,projection,ons_npp,NPP-2024based-2026-04-28,sourced,
people.npp.rpp.net_migration,2041,UK,230.0,persons_k,projection,ons_npp,NPP-2024based-2026-04-28,sourced,
people.npp.rpp.net_migration,2042,UK,230.0,persons_k,projection,ons_npp,NPP-2024based-2026-04-28,sourced,
people.npp.rpp.net_migration,2043,UK,230.0,persons_k,projection,ons_npp,NPP-2024based-2026-04-28,sourced,
people.npp.rpp.net_migration,2044,UK,230.0,persons_k,projection,ons_npp,NPP-2024based-2026-04-28,sourced,
people.npp.rpp.net_migration,2045,UK,230.0,persons_k,projection,ons_npp,NPP-2024based-2026-04-28,sourced,
people.npp.rpp.net_migration,2046,UK,230.0,persons_k,projection,ons_npp,NPP-2024based-2026-04-28,sourced,
people.npp.rpp.net_migration,2047,UK,230.0,persons_k,projection,ons_npp,NPP-2024based-2026-04-28,sourced,
people.npp.rpp.net_migration,2048,UK,230.0,persons_k,projection,ons_npp,NPP-2024based-2026-04-28,sourced,
people.npp.rpp.net_migration,2049,UK,230.0,persons_k,projection,ons_npp,NPP-2024based-2026-04-28,sourced,
people.npp.rpp.net_migration,2050,UK,230.0,persons_k,projection,ons_npp,NPP-2024based-2026-04-28,sourced,
people.npp.rpp.net_migration,2051,UK,230.0,persons_k,projection,ons_npp,NPP-2024based-2026-04-28,sourced,
people.npp.rpp.net_migration,2052,UK,230.0,persons_k,projection,ons_npp,NPP-2024based-2026-04-28,sourced,
people.npp.rpp.net_migration,2053,UK,230.0,persons_k,projection,ons_npp,NPP-2024based-2026-04-28,sourced,
people.npp.rpp.net_migration,2054,UK,230.0,persons_k,projection,ons_npp,NPP-2024based-2026-04-28,sourced,
people.npp.rpp.net_migration,2055,UK,230.0,persons_k,projection,ons_npp,NPP-2024based-2026-04-28,sourced,
people.npp.rpp.net_migration,2056,UK,230.0,persons_k,projection,ons_npp,NPP-2024based-2026-04-28,sourced,
people.npp.rpp.net_migration,2057,UK,230.0,persons_k,projection,ons_npp,NPP-2024based-2026-04-28,sourced,
people.npp.rpp.net_migration,2058,UK,230.0,persons_k,projection,ons_npp,NPP-2024based-2026-04-28,sourced,
people.npp.rpp.net_migration,2059,UK,230.0,persons_k,projection,ons_npp,NPP-2024based-2026-04-28,sourced,
people.npp.rpp.net_migration,2060,UK,230.0,persons_k,projection,ons_npp,NPP-2024based-2026-04-28,sourced,
people.npp.rpp.net_migration,2061,UK,230.0,persons_k,projection,ons_npp,NPP-2024based-2026-04-28,sourced,
people.npp.rpp.net_migration,2062,UK,230.0,persons_k,projection,ons_npp,NPP-2024based-2026-04-28,sourced,
people.npp.rpp.net_migration,2063,UK,230.0,persons_k,projection,ons_npp,NPP-2024based-2026-04-28,sourced,
people.npp.rpp.net_migration,2064,UK,230.0,persons_k,projection,ons_npp,NPP-2024based-2026-04-28,sourced,
people.npp.rpp.net_migration,2065,UK,230.0,persons_k,projection,ons_npp,NPP-2024based-2026-04-28,sourced,
people.npp.rpp.net_migration,2066,UK,230.0,persons_k,projection,ons_npp,NPP-2024based-2026-04-28,sourced,
people.npp.rpp.net_migration,2067,UK,230.0,persons_k,projection,ons_npp,NPP-2024based-2026-04-28,sourced,
people.npp.rpp.net_migration,2068,UK,230.0,persons_k,projection,ons_npp,NPP-2024based-2026-04-28,sourced,
people.npp.rpp.net_migration,2069,UK,230.0,persons_k,projection,ons_npp,NPP-2024based-2026-04-28,sourced,
people.npp.rpp.net_migration,2070,UK,230.0,persons_k,projection,ons_npp,NPP-2024based-2026-04-28,sourced,
people.npp.rpp.net_migration,2071,UK,230.0,persons_k,projection,ons_npp,NPP-2024based-2026-04-28,sourced,
people.npp.rpp.net_migration,2072,UK,230.0,persons_k,projection,ons_npp,NPP-2024based-2026-04-28,sourced,
people.npp.rpp.net_migration,2073,UK,230.0,persons_k,projection,ons_npp,NPP-2024based-2026-04-28,sourced,
people.npp.rpp.net_migration,2074,UK,230.0,persons_k,projection,ons_npp,NPP-2024based-2026-04-28,sourced,
people.npp.rpp.net_migration,2075,UK,230.0,persons_k,projection,ons_npp,NPP-2024based-2026-04-28,sourced,
people.npp.rpp.oadr,2024,UK,279.682164,per_1000,outturn,ons_npp,NPP-2024based-2026-04-28,sourced,"Base year of the 2024-based projections: ONS mid-2024 population estimate. ONS: Children under 16, working age, and pensionable age populations are based on State Pension Age (SPA) for a given year. Women's SPA increased to 65 between April 2016 and November 2018. From December 2018, the SPA for both sexes increased to 66 by October 2020 (Pensions Act 2011). Between 2026 and 2028, the SPA will increase from 66 to 67 years for both sexes (Pensions Act 2014), and will increase to 68 between 2044 and 2046 (Pensions Act 2007)."
people.npp.rpp.oadr,2025,UK,284.391672,per_1000,projection,ons_npp,NPP-2024based-2026-04-28,sourced,
people.npp.rpp.oadr,2026,UK,285.726749,per_1000,projection,ons_npp,NPP-2024based-2026-04-28,sourced,
people.npp.rpp.oadr,2027,UK,279.029918,per_1000,projection,ons_npp,NPP-2024based-2026-04-28,sourced,
people.npp.rpp.oadr,2028,UK,275.748376,per_1000,projection,ons_npp,NPP-2024based-2026-04-28,sourced,
people.npp.rpp.oadr,2029,UK,281.112921,per_1000,projection,ons_npp,NPP-2024based-2026-04-28,sourced,
people.npp.rpp.oadr,2030,UK,286.871823,per_1000,projection,ons_npp,NPP-2024based-2026-04-28,sourced,
people.npp.rpp.oadr,2031,UK,292.873201,per_1000,projection,ons_npp,NPP-2024based-2026-04-28,sourced,
people.npp.rpp.oadr,2032,UK,298.822719,per_1000,projection,ons_npp,NPP-2024based-2026-04-28,sourced,
people.npp.rpp.oadr,2033,UK,304.448327,per_1000,projection,ons_npp,NPP-2024based-2026-04-28,sourced,
people.npp.rpp.oadr,2034,UK,309.964886,per_1000,projection,ons_npp,NPP-2024based-2026-04-28,sourced,
people.npp.rpp.oadr,2035,UK,315.082343,per_1000,projection,ons_npp,NPP-2024based-2026-04-28,sourced,
people.npp.rpp.oadr,2036,UK,320.040264,per_1000,projection,ons_npp,NPP-2024based-2026-04-28,sourced,
people.npp.rpp.oadr,2037,UK,324.332417,per_1000,projection,ons_npp,NPP-2024based-2026-04-28,sourced,
people.npp.rpp.oadr,2038,UK,328.916267,per_1000,projection,ons_npp,NPP-2024based-2026-04-28,sourced,
people.npp.rpp.oadr,2039,UK,332.636944,per_1000,projection,ons_npp,NPP-2024based-2026-04-28,sourced,
people.npp.rpp.oadr,2040,UK,335.424303,per_1000,projection,ons_npp,NPP-2024based-2026-04-28,sourced,
people.npp.rpp.oadr,2041,UK,337.310958,per_1000,projection,ons_npp,NPP-2024based-2026-04-28,sourced,
people.npp.rpp.oadr,2042,UK,336.469532,per_1000,projection,ons_npp,NPP-2024based-2026-04-28,sourced,
people.npp.rpp.oadr,2043,UK,335.172671,per_1000,projection,ons_npp,NPP-2024based-2026-04-28,sourced,
people.npp.rpp.oadr,2044,UK,330.236974,per_1000,projection,ons_npp,NPP-2024based-2026-04-28,sourced,
people.npp.rpp.oadr,2045,UK,318.572366,per_1000,projection,ons_npp,NPP-2024based-2026-04-28,sourced,
people.npp.rpp.oadr,2046,UK,310.148204,per_1000,projection,ons_npp,NPP-2024based-2026-04-28,sourced,
people.npp.rpp.oadr,2047,UK,310.342786,per_1000,projection,ons_npp,NPP-2024based-2026-04-28,sourced,
people.npp.rpp.oadr,2048,UK,311.397574,per_1000,projection,ons_npp,NPP-2024based-2026-04-28,sourced,
people.npp.rpp.oadr,2049,UK,312.369071,per_1000,projection,ons_npp,NPP-2024based-2026-04-28,sourced,
people.npp.rpp.oadr,2050,UK,313.104491,per_1000,projection,ons_npp,NPP-2024based-2026-04-28,sourced,
people.npp.rpp.oadr,2051,UK,313.954378,per_1000,projection,ons_npp,NPP-2024based-2026-04-28,sourced,
people.npp.rpp.oadr,2052,UK,314.765021,per_1000,projection,ons_npp,NPP-2024based-2026-04-28,sourced,
people.npp.rpp.oadr,2053,UK,316.23171,per_1000,projection,ons_npp,NPP-2024based-2026-04-28,sourced,
people.npp.rpp.oadr,2054,UK,317.787956,per_1000,projection,ons_npp,NPP-2024based-2026-04-28,sourced,
people.npp.rpp.oadr,2055,UK,319.467614,per_1000,projection,ons_npp,NPP-2024based-2026-04-28,sourced,
people.npp.rpp.oadr,2056,UK,321.645857,per_1000,projection,ons_npp,NPP-2024based-2026-04-28,sourced,
people.npp.rpp.oadr,2057,UK,323.598908,per_1000,projection,ons_npp,NPP-2024based-2026-04-28,sourced,
people.npp.rpp.oadr,2058,UK,325.75575,per_1000,projection,ons_npp,NPP-2024based-2026-04-28,sourced,
people.npp.rpp.oadr,2059,UK,328.032007,per_1000,projection,ons_npp,NPP-2024based-2026-04-28,sourced,
people.npp.rpp.oadr,2060,UK,330.105211,per_1000,projection,ons_npp,NPP-2024based-2026-04-28,sourced,
people.npp.rpp.oadr,2061,UK,331.741418,per_1000,projection,ons_npp,NPP-2024based-2026-04-28,sourced,
people.npp.rpp.oadr,2062,UK,333.488249,per_1000,projection,ons_npp,NPP-2024based-2026-04-28,sourced,
people.npp.rpp.oadr,2063,UK,334.877514,per_1000,projection,ons_npp,NPP-2024based-2026-04-28,sourced,
people.npp.rpp.oadr,2064,UK,336.193382,per_1000,projection,ons_npp,NPP-2024based-2026-04-28,sourced,
people.npp.rpp.oadr,2065,UK,338.002877,per_1000,projection,ons_npp,NPP-2024based-2026-04-28,sourced,
people.npp.rpp.oadr,2066,UK,339.524689,per_1000,projection,ons_npp,NPP-2024based-2026-04-28,sourced,
people.npp.rpp.oadr,2067,UK,340.761937,per_1000,projection,ons_npp,NPP-2024based-2026-04-28,sourced,
people.npp.rpp.oadr,2068,UK,341.222395,per_1000,projection,ons_npp,NPP-2024based-2026-04-28,sourced,
people.npp.rpp.oadr,2069,UK,341.178664,per_1000,projection,ons_npp,NPP-2024based-2026-04-28,sourced,
people.npp.rpp.oadr,2070,UK,341.035641,per_1000,projection,ons_npp,NPP-2024based-2026-04-28,sourced,
people.npp.rpp.oadr,2071,UK,341.015261,per_1000,projection,ons_npp,NPP-2024based-2026-04-28,sourced,
people.npp.rpp.oadr,2072,UK,341.297342,per_1000,projection,ons_npp,NPP-2024based-2026-04-28,sourced,
people.npp.rpp.oadr,2073,UK,341.787264,per_1000,projection,ons_npp,NPP-2024based-2026-04-28,sourced,
people.npp.rpp.oadr,2074,UK,342.131399,per_1000,projection,ons_npp,NPP-2024based-2026-04-28,sourced,
people.npp.rpp.oadr,2075,UK,342.664235,per_1000,projection,ons_npp,NPP-2024based-2026-04-28,sourced,
people.npp.rpp.pension_age,2024,UK,12388.913,persons_k,outturn,ons_npp,NPP-2024based-2026-04-28,sourced,"Base year of the 2024-based projections: ONS mid-2024 population estimate. ONS: Children under 16, working age, and pensionable age populations are based on State Pension Age (SPA) for a given year. Women's SPA increased to 65 between April 2016 and November 2018. From December 2018, the SPA for both sexes increased to 66 by October 2020 (Pensions Act 2011). Between 2026 and 2028, the SPA will increase from 66 to 67 years for both sexes (Pensions Act 2014), and will increase to 68 between 2044 and 2046 (Pensions Act 2007)."
people.npp.rpp.pension_age,2025,UK,12633.527,persons_k,projection,ons_npp,NPP-2024based-2026-04-28,sourced,
people.npp.rpp.pension_age,2026,UK,12745.038612,persons_k,projection,ons_npp,NPP-2024based-2026-04-28,sourced,
people.npp.rpp.pension_age,2027,UK,12595.184375,persons_k,projection,ons_npp,NPP-2024based-2026-04-28,sourced,
people.npp.rpp.pension_age,2028,UK,12561.321,persons_k,projection,ons_npp,NPP-2024based-2026-04-28,sourced,
people.npp.rpp.pension_age,2029,UK,12830.265,persons_k,projection,ons_npp,NPP-2024based-2026-04-28,sourced,
people.npp.rpp.pension_age,2030,UK,13108.688,persons_k,projection,ons_npp,NPP-2024based-2026-04-28,sourced,
people.npp.rpp.pension_age,2031,UK,13394.217,persons_k,projection,ons_npp,NPP-2024based-2026-04-28,sourced,
people.npp.rpp.pension_age,2032,UK,13678.197,persons_k,projection,ons_npp,NPP-2024based-2026-04-28,sourced,
people.npp.rpp.pension_age,2033,UK,13944.563,persons_k,projection,ons_npp,NPP-2024based-2026-04-28,sourced,
people.npp.rpp.pension_age,2034,UK,14201.584,persons_k,projection,ons_npp,NPP-2024based-2026-04-28,sourced,
people.npp.rpp.pension_age,2035,UK,14441.003,persons_k,projection,ons_npp,NPP-2024based-2026-04-28,sourced,
people.npp.rpp.pension_age,2036,UK,14669.788,persons_k,projection,ons_npp,NPP-2024based-2026-04-28,sourced,
people.npp.rpp.pension_age,2037,UK,14867.47,persons_k,projection,ons_npp,NPP-2024based-2026-04-28,sourced,
people.npp.rpp.pension_age,2038,UK,15074.942,persons_k,projection,ons_npp,NPP-2024based-2026-04-28,sourced,
people.npp.rpp.pension_age,2039,UK,15241.475,persons_k,projection,ons_npp,NPP-2024based-2026-04-28,sourced,
people.npp.rpp.pension_age,2040,UK,15369.641,persons_k,projection,ons_npp,NPP-2024based-2026-04-28,sourced,
people.npp.rpp.pension_age,2041,UK,15461.036,persons_k,projection,ons_npp,NPP-2024based-2026-04-28,sourced,
people.npp.rpp.pension_age,2042,UK,15537.128,persons_k,projection,ons_npp,NPP-2024based-2026-04-28,sourced,
people.npp.rpp.pension_age,2043,UK,15594.54,persons_k,projection,ons_npp,NPP-2024based-2026-04-28,sourced,
people.npp.rpp.pension_age,2044,UK,15520.936014,persons_k,projection,ons_npp,NPP-2024based-2026-04-28,sourced,
people.npp.rpp.pension_age,2045,UK,15199.489455,persons_k,projection,ons_npp,NPP-2024based-2026-04-28,sourced,
people.npp.rpp.pension_age,2046,UK,14983.131,persons_k,projection,ons_npp,NPP-2024based-2026-04-28,sourced,
people.npp.rpp.pension_age,2047,UK,15078.786,persons_k,projection,ons_npp,NPP-2024based-2026-04-28,sourced,
people.npp.rpp.pension_age,2048,UK,15204.638,persons_k,projection,ons_npp,NPP-2024based-2026-04-28,sourced,
people.npp.rpp.pension_age,2049,UK,15325.919,persons_k,projection,ons_npp,NPP-2024based-2026-04-28,sourced,
people.npp.rpp.pension_age,2050,UK,15437.007,persons_k,projection,ons_npp,NPP-2024based-2026-04-28,sourced,
people.npp.rpp.pension_age,2051,UK,15551.219,persons_k,projection,ons_npp,NPP-2024based-2026-04-28,sourced,
people.npp.rpp.pension_age,2052,UK,15663.048,persons_k,projection,ons_npp,NPP-2024based-2026-04-28,sourced,
people.npp.rpp.pension_age,2053,UK,15799.175,persons_k,projection,ons_npp,NPP-2024based-2026-04-28,sourced,
people.npp.rpp.pension_age,2054,UK,15938.551,persons_k,projection,ons_npp,NPP-2024based-2026-04-28,sourced,
people.npp.rpp.pension_age,2055,UK,16082.714,persons_k,projection,ons_npp,NPP-2024based-2026-04-28,sourced,
people.npp.rpp.pension_age,2056,UK,16246.165,persons_k,projection,ons_npp,NPP-2024based-2026-04-28,sourced,
people.npp.rpp.pension_age,2057,UK,16401.366,persons_k,projection,ons_npp,NPP-2024based-2026-04-28,sourced,
people.npp.rpp.pension_age,2058,UK,16564.805,persons_k,projection,ons_npp,NPP-2024based-2026-04-28,sourced,
people.npp.rpp.pension_age,2059,UK,16733.327,persons_k,projection,ons_npp,NPP-2024based-2026-04-28,sourced,
people.npp.rpp.pension_age,2060,UK,16894.549,persons_k,projection,ons_npp,NPP-2024based-2026-04-28,sourced,
people.npp.rpp.pension_age,2061,UK,17039.472,persons_k,projection,ons_npp,NPP-2024based-2026-04-28,sourced,
people.npp.rpp.pension_age,2062,UK,17189.334,persons_k,projection,ons_npp,NPP-2024based-2026-04-28,sourced,
people.npp.rpp.pension_age,2063,UK,17326.146,persons_k,projection,ons_npp,NPP-2024based-2026-04-28,sourced,
people.npp.rpp.pension_age,2064,UK,17460.832,persons_k,projection,ons_npp,NPP-2024based-2026-04-28,sourced,
people.npp.rpp.pension_age,2065,UK,17615.41,persons_k,projection,ons_npp,NPP-2024based-2026-04-28,sourced,
people.npp.rpp.pension_age,2066,UK,17759.467,persons_k,projection,ons_npp,NPP-2024based-2026-04-28,sourced,
people.npp.rpp.pension_age,2067,UK,17893.134,persons_k,projection,ons_npp,NPP-2024based-2026-04-28,sourced,
people.npp.rpp.pension_age,2068,UK,17997.132,persons_k,projection,ons_npp,NPP-2024based-2026-04-28,sourced,
people.npp.rpp.pension_age,2069,UK,18081.94,persons_k,projection,ons_npp,NPP-2024based-2026-04-28,sourced,
people.npp.rpp.pension_age,2070,UK,18163.444,persons_k,projection,ons_npp,NPP-2024based-2026-04-28,sourced,
people.npp.rpp.pension_age,2071,UK,18250.6,persons_k,projection,ons_npp,NPP-2024based-2026-04-28,sourced,
people.npp.rpp.pension_age,2072,UK,18351.525,persons_k,projection,ons_npp,NPP-2024based-2026-04-28,sourced,
people.npp.rpp.pension_age,2073,UK,18463.551,persons_k,projection,ons_npp,NPP-2024based-2026-04-28,sourced,
people.npp.rpp.pension_age,2074,UK,18572.643,persons_k,projection,ons_npp,NPP-2024based-2026-04-28,sourced,
people.npp.rpp.pension_age,2075,UK,18692.161,persons_k,projection,ons_npp,NPP-2024based-2026-04-28,sourced,
people.npp.rpp.population,2024,UK,69281.437,persons_k,outturn,ons_npp,NPP-2024based-2026-04-28,sourced,Base year of the 2024-based projections: ONS mid-2024 population estimate.
people.npp.rpp.population,2025,UK,69502.358,persons_k,projection,ons_npp,NPP-2024based-2026-04-28,sourced,
people.npp.rpp.population,2026,UK,69943.204,persons_k,projection,ons_npp,NPP-2024based-2026-04-28,sourced,
people.npp.rpp.population,2027,UK,70467.739,persons_k,projection,ons_npp,NPP-2024based-2026-04-28,sourced,
people.npp.rpp.population,2028,UK,70983.635,persons_k,projection,ons_npp,NPP-2024based-2026-04-28,sourced,
people.npp.rpp.population,2029,UK,71489.739,persons_k,projection,ons_npp,NPP-2024based-2026-04-28,sourced,
people.npp.rpp.population,2030,UK,71985.121,persons_k,projection,ons_npp,NPP-2024based-2026-04-28,sourced,
people.npp.rpp.population,2031,UK,72469.268,persons_k,projection,ons_npp,NPP-2024based-2026-04-28,sourced,
people.npp.rpp.population,2032,UK,72941.993,persons_k,projection,ons_npp,NPP-2024based-2026-04-28,sourced,
people.npp.rpp.population,2033,UK,73403.564,persons_k,projection,ons_npp,NPP-2024based-2026-04-28,sourced,
people.npp.rpp.population,2034,UK,73854.649,persons_k,projection,ons_npp,NPP-2024based-2026-04-28,sourced,
people.npp.rpp.population,2035,UK,74296.189,persons_k,projection,ons_npp,NPP-2024based-2026-04-28,sourced,
people.npp.rpp.population,2036,UK,74729.388,persons_k,projection,ons_npp,NPP-2024based-2026-04-28,sourced,
people.npp.rpp.population,2037,UK,75155.558,persons_k,projection,ons_npp,NPP-2024based-2026-04-28,sourced,
people.npp.rpp.population,2038,UK,75575.938,persons_k,projection,ons_npp,NPP-2024based-2026-04-28,sourced,
people.npp.rpp.population,2039,UK,75991.476,persons_k,projection,ons_npp,NPP-2024based-2026-04-28,sourced,
people.npp.rpp.population,2040,UK,76402.687,persons_k,projection,ons_npp,NPP-2024based-2026-04-28,sourced,
people.npp.rpp.population,2041,UK,76809.809,persons_k,projection,ons_npp,NPP-2024based-2026-04-28,sourced,
people.npp.rpp.population,2042,UK,77212.987,persons_k,projection,ons_npp,NPP-2024based-2026-04-28,sourced,
people.npp.rpp.population,2043,UK,77612.169,persons_k,projection,ons_npp,NPP-2024based-2026-04-28,sourced,
people.npp.rpp.population,2044,UK,78007.138,persons_k,projection,ons_npp,NPP-2024based-2026-04-28,sourced,
people.npp.rpp.population,2045,UK,78397.78,persons_k,projection,ons_npp,NPP-2024based-2026-04-28,sourced,
people.npp.rpp.population,2046,UK,78784.518,persons_k,projection,ons_npp,NPP-2024based-2026-04-28,sourced,
people.npp.rpp.population,2047,UK,79167.514,persons_k,projection,ons_npp,NPP-2024based-2026-04-28,sourced,
people.npp.rpp.population,2048,UK,79546.426,persons_k,projection,ons_npp,NPP-2024based-2026-04-28,sourced,
people.npp.rpp.population,2049,UK,79920.857,persons_k,projection,ons_npp,NPP-2024based-2026-04-28,sourced,
people.npp.rpp.population,2050,UK,80290.617,persons_k,projection,ons_npp,NPP-2024based-2026-04-28,sourced,
people.npp.rpp.population,2051,UK,80656.286,persons_k,projection,ons_npp,NPP-2024based-2026-04-28,sourced,
people.npp.rpp.population,2052,UK,81018.984,persons_k,projection,ons_npp,NPP-2024based-2026-04-28,sourced,
people.npp.rpp.population,2053,UK,81379.641,persons_k,projection,ons_npp,NPP-2024based-2026-04-28,sourced,
people.npp.rpp.population,2054,UK,81739.547,persons_k,projection,ons_npp,NPP-2024based-2026-04-28,sourced,
people.npp.rpp.population,2055,UK,82100.481,persons_k,projection,ons_npp,NPP-2024based-2026-04-28,sourced,
people.npp.rpp.population,2056,UK,82467.024,persons_k,projection,ons_npp,NPP-2024based-2026-04-28,sourced,
people.npp.rpp.population,2057,UK,82844.319,persons_k,projection,ons_npp,NPP-2024based-2026-04-28,sourced,
people.npp.rpp.population,2058,UK,83234.227,persons_k,projection,ons_npp,NPP-2024based-2026-04-28,sourced,
people.npp.rpp.population,2059,UK,83637.306,persons_k,projection,ons_npp,NPP-2024based-2026-04-28,sourced,
people.npp.rpp.population,2060,UK,84053.817,persons_k,projection,ons_npp,NPP-2024based-2026-04-28,sourced,
people.npp.rpp.population,2061,UK,84484.272,persons_k,projection,ons_npp,NPP-2024based-2026-04-28,sourced,
people.npp.rpp.population,2062,UK,84928.26,persons_k,projection,ons_npp,NPP-2024based-2026-04-28,sourced,
people.npp.rpp.population,2063,UK,85383.754,persons_k,projection,ons_npp,NPP-2024based-2026-04-28,sourced,
people.npp.rpp.population,2064,UK,85848.545,persons_k,projection,ons_npp,NPP-2024based-2026-04-28,sourced,
people.npp.rpp.population,2065,UK,86320.951,persons_k,projection,ons_npp,NPP-2024based-2026-04-28,sourced,
people.npp.rpp.population,2066,UK,86801.313,persons_k,projection,ons_npp,NPP-2024based-2026-04-28,sourced,
people.npp.rpp.population,2067,UK,87289.268,persons_k,projection,ons_npp,NPP-2024based-2026-04-28,sourced,
people.npp.rpp.population,2068,UK,87782.243,persons_k,projection,ons_npp,NPP-2024based-2026-04-28,sourced,
people.npp.rpp.population,2069,UK,88278.065,persons_k,projection,ons_npp,NPP-2024based-2026-04-28,sourced,
people.npp.rpp.population,2070,UK,88774.84,persons_k,projection,ons_npp,NPP-2024based-2026-04-28,sourced,
people.npp.rpp.population,2071,UK,89271.254,persons_k,projection,ons_npp,NPP-2024based-2026-04-28,sourced,
people.npp.rpp.population,2072,UK,89766.909,persons_k,projection,ons_npp,NPP-2024based-2026-04-28,sourced,
people.npp.rpp.population,2073,UK,90260.878,persons_k,projection,ons_npp,NPP-2024based-2026-04-28,sourced,
people.npp.rpp.population,2074,UK,90751.907,persons_k,projection,ons_npp,NPP-2024based-2026-04-28,sourced,
people.npp.rpp.population,2075,UK,91239.684,persons_k,projection,ons_npp,NPP-2024based-2026-04-28,sourced,
people.npp.rpp.tfr,2025,UK,1.389403,children_per_woman,projection,ons_npp,NPP-2024based-2026-04-28,sourced,
people.npp.rpp.tfr,2026,UK,2.07455,children_per_woman,projection,ons_npp,NPP-2024based-2026-04-28,sourced,
people.npp.rpp.tfr,2027,UK,2.074588,children_per_woman,projection,ons_npp,NPP-2024based-2026-04-28,sourced,
people.npp.rpp.tfr,2028,UK,2.074646,children_per_woman,projection,ons_npp,NPP-2024based-2026-04-28,sourced,
people.npp.rpp.tfr,2029,UK,2.07474,children_per_woman,projection,ons_npp,NPP-2024based-2026-04-28,sourced,
people.npp.rpp.tfr,2030,UK,2.074869,children_per_woman,projection,ons_npp,NPP-2024based-2026-04-28,sourced,
people.npp.rpp.tfr,2031,UK,2.074951,children_per_woman,projection,ons_npp,NPP-2024based-2026-04-28,sourced,
people.npp.rpp.tfr,2032,UK,2.074964,children_per_woman,projection,ons_npp,NPP-2024based-2026-04-28,sourced,
people.npp.rpp.tfr,2033,UK,2.074994,children_per_woman,projection,ons_npp,NPP-2024based-2026-04-28,sourced,
people.npp.rpp.tfr,2034,UK,2.075018,children_per_woman,projection,ons_npp,NPP-2024based-2026-04-28,sourced,
people.npp.rpp.tfr,2035,UK,2.075014,children_per_woman,projection,ons_npp,NPP-2024based-2026-04-28,sourced,
people.npp.rpp.tfr,2036,UK,2.075001,children_per_woman,projection,ons_npp,NPP-2024based-2026-04-28,sourced,
people.npp.rpp.tfr,2037,UK,2.07498,children_per_woman,projection,ons_npp,NPP-2024based-2026-04-28,sourced,
people.npp.rpp.tfr,2038,UK,2.074977,children_per_woman,projection,ons_npp,NPP-2024based-2026-04-28,sourced,
people.npp.rpp.tfr,2039,UK,2.074957,children_per_woman,projection,ons_npp,NPP-2024based-2026-04-28,sourced,
people.npp.rpp.tfr,2040,UK,2.074958,children_per_woman,projection,ons_npp,NPP-2024based-2026-04-28,sourced,
people.npp.rpp.tfr,2041,UK,2.074984,children_per_woman,projection,ons_npp,NPP-2024based-2026-04-28,sourced,
people.npp.rpp.tfr,2042,UK,2.074977,children_per_woman,projection,ons_npp,NPP-2024based-2026-04-28,sourced,
people.npp.rpp.tfr,2043,UK,2.074946,children_per_woman,projection,ons_npp,NPP-2024based-2026-04-28,sourced,
people.npp.rpp.tfr,2044,UK,2.074923,children_per_woman,projection,ons_npp,NPP-2024based-2026-04-28,sourced,
people.npp.rpp.tfr,2045,UK,2.074896,children_per_woman,projection,ons_npp,NPP-2024based-2026-04-28,sourced,
people.npp.rpp.tfr,2046,UK,2.074837,children_per_woman,projection,ons_npp,NPP-2024based-2026-04-28,sourced,
people.npp.rpp.tfr,2047,UK,2.07478,children_per_woman,projection,ons_npp,NPP-2024based-2026-04-28,sourced,
people.npp.rpp.tfr,2048,UK,2.074716,children_per_woman,projection,ons_npp,NPP-2024based-2026-04-28,sourced,
people.npp.rpp.tfr,2049,UK,2.074683,children_per_woman,projection,ons_npp,NPP-2024based-2026-04-28,sourced,
people.npp.rpp.tfr,2050,UK,2.074632,children_per_woman,projection,ons_npp,NPP-2024based-2026-04-28,sourced,
people.npp.rpp.tfr,2051,UK,2.074618,children_per_woman,projection,ons_npp,NPP-2024based-2026-04-28,sourced,
people.npp.rpp.tfr,2052,UK,2.074597,children_per_woman,projection,ons_npp,NPP-2024based-2026-04-28,sourced,
people.npp.rpp.tfr,2053,UK,2.074615,children_per_woman,projection,ons_npp,NPP-2024based-2026-04-28,sourced,
people.npp.rpp.tfr,2054,UK,2.07467,children_per_woman,projection,ons_npp,NPP-2024based-2026-04-28,sourced,
people.npp.rpp.tfr,2055,UK,2.074746,children_per_woman,projection,ons_npp,NPP-2024based-2026-04-28,sourced,
people.npp.rpp.tfr,2056,UK,2.074862,children_per_woman,projection,ons_npp,NPP-2024based-2026-04-28,sourced,
people.npp.rpp.tfr,2057,UK,2.07494,children_per_woman,projection,ons_npp,NPP-2024based-2026-04-28,sourced,
people.npp.rpp.tfr,2058,UK,2.075002,children_per_woman,projection,ons_npp,NPP-2024based-2026-04-28,sourced,
people.npp.rpp.tfr,2059,UK,2.075017,children_per_woman,projection,ons_npp,NPP-2024based-2026-04-28,sourced,
people.npp.rpp.tfr,2060,UK,2.075059,children_per_woman,projection,ons_npp,NPP-2024based-2026-04-28,sourced,
people.npp.rpp.tfr,2061,UK,2.075084,children_per_woman,projection,ons_npp,NPP-2024based-2026-04-28,sourced,
people.npp.rpp.tfr,2062,UK,2.075081,children_per_woman,projection,ons_npp,NPP-2024based-2026-04-28,sourced,
people.npp.rpp.tfr,2063,UK,2.075069,children_per_woman,projection,ons_npp,NPP-2024based-2026-04-28,sourced,
people.npp.rpp.tfr,2064,UK,2.07506,children_per_woman,projection,ons_npp,NPP-2024based-2026-04-28,sourced,
people.npp.rpp.tfr,2065,UK,2.075055,children_per_woman,projection,ons_npp,NPP-2024based-2026-04-28,sourced,
people.npp.rpp.tfr,2066,UK,2.075042,children_per_woman,projection,ons_npp,NPP-2024based-2026-04-28,sourced,
people.npp.rpp.tfr,2067,UK,2.075024,children_per_woman,projection,ons_npp,NPP-2024based-2026-04-28,sourced,
people.npp.rpp.tfr,2068,UK,2.07501,children_per_woman,projection,ons_npp,NPP-2024based-2026-04-28,sourced,
people.npp.rpp.tfr,2069,UK,2.074984,children_per_woman,projection,ons_npp,NPP-2024based-2026-04-28,sourced,
people.npp.rpp.tfr,2070,UK,2.074935,children_per_woman,projection,ons_npp,NPP-2024based-2026-04-28,sourced,
people.npp.rpp.tfr,2071,UK,2.074919,children_per_woman,projection,ons_npp,NPP-2024based-2026-04-28,sourced,
people.npp.rpp.tfr,2072,UK,2.074897,children_per_woman,projection,ons_npp,NPP-2024based-2026-04-28,sourced,
people.npp.rpp.tfr,2073,UK,2.074881,children_per_woman,projection,ons_npp,NPP-2024based-2026-04-28,sourced,
people.npp.rpp.tfr,2074,UK,2.074876,children_per_woman,projection,ons_npp,NPP-2024based-2026-04-28,sourced,
people.npp.rpp.tfr,2075,UK,2.07487,children_per_woman,projection,ons_npp,NPP-2024based-2026-04-28,sourced,
people.npp.rpp.working_age,2024,UK,44296.4,persons_k,outturn,ons_npp,NPP-2024based-2026-04-28,sourced,"Base year of the 2024-based projections: ONS mid-2024 population estimate. ONS: Children under 16, working age, and pensionable age populations are based on State Pension Age (SPA) for a given year. Women's SPA increased to 65 between April 2016 and November 2018. From December 2018, the SPA for both sexes increased to 66 by October 2020 (Pensions Act 2011). Between 2026 and 2028, the SPA will increase from 66 to 67 years for both sexes (Pensions Act 2014), and will increase to 68 between 2044 and 2046 (Pensions Act 2007)."
people.npp.rpp.working_age,2025,UK,44422.985,persons_k,projection,ons_npp,NPP-2024based-2026-04-28,sourced,
people.npp.rpp.working_age,2026,UK,44605.689388,persons_k,projection,ons_npp,NPP-2024based-2026-04-28,sourced,
people.npp.rpp.working_age,2027,UK,45139.189625,persons_k,projection,ons_npp,NPP-2024based-2026-04-28,sourced,
people.npp.rpp.working_age,2028,UK,45553.563,persons_k,projection,ons_npp,NPP-2024based-2026-04-28,sourced,
people.npp.rpp.working_age,2029,UK,45640.965,persons_k,projection,ons_npp,NPP-2024based-2026-04-28,sourced,
people.npp.rpp.working_age,2030,UK,45695.279,persons_k,projection,ons_npp,NPP-2024based-2026-04-28,sourced,
people.npp.rpp.working_age,2031,UK,45733.843,persons_k,projection,ons_npp,NPP-2024based-2026-04-28,sourced,
people.npp.rpp.working_age,2032,UK,45773.618,persons_k,projection,ons_npp,NPP-2024based-2026-04-28,sourced,
people.npp.rpp.working_age,2033,UK,45802.725,persons_k,projection,ons_npp,NPP-2024based-2026-04-28,sourced,
people.npp.rpp.working_age,2034,UK,45816.751,persons_k,projection,ons_npp,NPP-2024based-2026-04-28,sourced,
people.npp.rpp.working_age,2035,UK,45832.473,persons_k,projection,ons_npp,NPP-2024based-2026-04-28,sourced,
people.npp.rpp.working_age,2036,UK,45837.32,persons_k,projection,ons_npp,NPP-2024based-2026-04-28,sourced,
people.npp.rpp.working_age,2037,UK,45840.222,persons_k,projection,ons_npp,NPP-2024based-2026-04-28,sourced,
people.npp.rpp.working_age,2038,UK,45832.157,persons_k,projection,ons_npp,NPP-2024based-2026-04-28,sourced,
people.npp.rpp.working_age,2039,UK,45820.151,persons_k,projection,ons_npp,NPP-2024based-2026-04-28,sourced,
people.npp.rpp.working_age,2040,UK,45821.489,persons_k,projection,ons_npp,NPP-2024based-2026-04-28,sourced,
people.npp.rpp.working_age,2041,UK,45836.151,persons_k,projection,ons_npp,NPP-2024based-2026-04-28,sourced,
people.npp.rpp.working_age,2042,UK,46176.924,persons_k,projection,ons_npp,NPP-2024based-2026-04-28,sourced,
people.npp.rpp.working_age,2043,UK,46526.884,persons_k,projection,ons_npp,NPP-2024based-2026-04-28,sourced,
people.npp.rpp.working_age,2044,UK,46999.388986,persons_k,projection,ons_npp,NPP-2024based-2026-04-28,sourced,
people.npp.rpp.working_age,2045,UK,47711.261545,persons_k,projection,ons_npp,NPP-2024based-2026-04-28,sourced,
people.npp.rpp.working_age,2046,UK,48309.585,persons_k,projection,ons_npp,NPP-2024based-2026-04-28,sourced,
people.npp.rpp.working_age,2047,UK,48587.519,persons_k,projection,ons_npp,NPP-2024based-2026-04-28,sourced,
people.npp.rpp.working_age,2048,UK,48827.092,persons_k,projection,ons_npp,NPP-2024based-2026-04-28,sourced,
people.npp.rpp.working_age,2049,UK,49063.497,persons_k,projection,ons_npp,NPP-2024based-2026-04-28,sourced,
people.npp.rpp.working_age,2050,UK,49303.052,persons_k,projection,ons_npp,NPP-2024based-2026-04-28,sourced,
people.npp.rpp.working_age,2051,UK,49533.372,persons_k,projection,ons_npp,NPP-2024based-2026-04-28,sourced,
people.npp.rpp.working_age,2052,UK,49761.082,persons_k,projection,ons_npp,NPP-2024based-2026-04-28,sourced,
people.npp.rpp.working_age,2053,UK,49960.755,persons_k,projection,ons_npp,NPP-2024based-2026-04-28,sourced,
people.npp.rpp.working_age,2054,UK,50154.673,persons_k,projection,ons_npp,NPP-2024based-2026-04-28,sourced,
people.npp.rpp.working_age,2055,UK,50342.236,persons_k,projection,ons_npp,NPP-2024based-2026-04-28,sourced,
people.npp.rpp.working_age,2056,UK,50509.48,persons_k,projection,ons_npp,NPP-2024based-2026-04-28,sourced,
people.npp.rpp.working_age,2057,UK,50684.244,persons_k,projection,ons_npp,NPP-2024based-2026-04-28,sourced,
people.npp.rpp.working_age,2058,UK,50850.384,persons_k,projection,ons_npp,NPP-2024based-2026-04-28,sourced,
people.npp.rpp.working_age,2059,UK,51011.263,persons_k,projection,ons_npp,NPP-2024based-2026-04-28,sourced,
people.npp.rpp.working_age,2060,UK,51179.286,persons_k,projection,ons_npp,NPP-2024based-2026-04-28,sourced,
people.npp.rpp.working_age,2061,UK,51363.716,persons_k,projection,ons_npp,NPP-2024based-2026-04-28,sourced,
people.npp.rpp.working_age,2062,UK,51544.047,persons_k,projection,ons_npp,NPP-2024based-2026-04-28,sourced,
people.npp.rpp.working_age,2063,UK,51738.756,persons_k,projection,ons_npp,NPP-2024based-2026-04-28,sourced,
people.npp.rpp.working_age,2064,UK,51936.87,persons_k,projection,ons_npp,NPP-2024based-2026-04-28,sourced,
people.npp.rpp.working_age,2065,UK,52116.154,persons_k,projection,ons_npp,NPP-2024based-2026-04-28,sourced,
people.npp.rpp.working_age,2066,UK,52306.85,persons_k,projection,ons_npp,NPP-2024based-2026-04-28,sourced,
people.npp.rpp.working_age,2067,UK,52509.192,persons_k,projection,ons_npp,NPP-2024based-2026-04-28,sourced,
people.npp.rpp.working_age,2068,UK,52743.115,persons_k,projection,ons_npp,NPP-2024based-2026-04-28,sourced,
people.npp.rpp.working_age,2069,UK,52998.449,persons_k,projection,ons_npp,NPP-2024based-2026-04-28,sourced,
people.npp.rpp.working_age,2070,UK,53259.665,persons_k,projection,ons_npp,NPP-2024based-2026-04-28,sourced,
people.npp.rpp.working_age,2071,UK,53518.426,persons_k,projection,ons_npp,NPP-2024based-2026-04-28,sourced,
people.npp.rpp.working_age,2072,UK,53769.903,persons_k,projection,ons_npp,NPP-2024based-2026-04-28,sourced,
people.npp.rpp.working_age,2073,UK,54020.594,persons_k,projection,ons_npp,NPP-2024based-2026-04-28,sourced,
people.npp.rpp.working_age,2074,UK,54285.117,persons_k,projection,ons_npp,NPP-2024based-2026-04-28,sourced,
people.npp.rpp.working_age,2075,UK,54549.495,persons_k,projection,ons_npp,NPP-2024based-2026-04-28,sourced,
