series_id,period,geography,value,unit,kind,source_id,vintage,quality,method_note
fiscal.current_budget_deficit,2019-20,UK,15.883,gbp_bn,outturn,obr_databank,OBR-PFD-2026-09,sourced,
fiscal.current_budget_deficit,2020-21,UK,237.044,gbp_bn,outturn,obr_databank,OBR-PFD-2026-09,sourced,
fiscal.current_budget_deficit,2021-22,UK,66.74,gbp_bn,outturn,obr_databank,OBR-PFD-2026-09,sourced,
fiscal.current_budget_deficit,2022-23,UK,76.856,gbp_bn,outturn,obr_databank,OBR-PFD-2026-09,sourced,
fiscal.current_budget_deficit,2023-24,UK,64.811,gbp_bn,outturn,obr_databank,OBR-PFD-2026-09,sourced,
fiscal.current_budget_deficit,2024-25,UK,73.205,gbp_bn,outturn,obr_databank,OBR-PFD-2026-09,sourced,
fiscal.current_budget_deficit,2025-26,UK,47.392,gbp_bn,outturn,obr_databank,OBR-PFD-2026-09,sourced,
fiscal.current_budget_deficit,2026-27,UK,33.917536,gbp_bn,forecast,obr_databank,OBR-PFD-2026-09,sourced,"Forecast: OBR Economic and fiscal outlook forecast published March 2026, as carried in the databank."
fiscal.current_budget_deficit,2027-28,UK,4.559471,gbp_bn,forecast,obr_databank,OBR-PFD-2026-09,sourced,"Forecast: OBR Economic and fiscal outlook forecast published March 2026, as carried in the databank."
fiscal.current_budget_deficit,2028-29,UK,-3.288368,gbp_bn,forecast,obr_databank,OBR-PFD-2026-09,sourced,"Forecast: OBR Economic and fiscal outlook forecast published March 2026, as carried in the databank."
fiscal.current_budget_deficit,2029-30,UK,-23.563635,gbp_bn,forecast,obr_databank,OBR-PFD-2026-09,sourced,"Forecast: OBR Economic and fiscal outlook forecast published March 2026, as carried in the databank."
fiscal.current_budget_deficit,2030-31,UK,-30.293367,gbp_bn,forecast,obr_databank,OBR-PFD-2026-09,sourced,"Forecast: OBR Economic and fiscal outlook forecast published March 2026, as carried in the databank."
fiscal.psnb,2019-20,UK,58.763,gbp_bn,outturn,obr_databank,OBR-PFD-2026-09,sourced,
fiscal.psnb,2020-21,UK,310.834,gbp_bn,outturn,obr_databank,OBR-PFD-2026-09,sourced,
fiscal.psnb,2021-22,UK,115.978,gbp_bn,outturn,obr_databank,OBR-PFD-2026-09,sourced,
fiscal.psnb,2022-23,UK,123.816,gbp_bn,outturn,obr_databank,OBR-PFD-2026-09,sourced,
fiscal.psnb,2023-24,UK,135.234,gbp_bn,outturn,obr_databank,OBR-PFD-2026-09,sourced,
fiscal.psnb,2024-25,UK,149.769,gbp_bn,outturn,obr_databank,OBR-PFD-2026-09,sourced,
fiscal.psnb,2025-26,UK,134.286,gbp_bn,outturn,obr_databank,OBR-PFD-2026-09,sourced,
fiscal.psnb,2026-27,UK,115.461424,gbp_bn,forecast,obr_databank,OBR-PFD-2026-09,sourced,"Forecast: OBR Economic and fiscal outlook forecast published March 2026, as carried in the databank."
fiscal.psnb,2027-28,UK,96.467368,gbp_bn,forecast,obr_databank,OBR-PFD-2026-09,sourced,"Forecast: OBR Economic and fiscal outlook forecast published March 2026, as carried in the databank."
fiscal.psnb,2028-29,UK,86.015634,gbp_bn,forecast,obr_databank,OBR-PFD-2026-09,sourced,"Forecast: OBR Economic and fiscal outlook forecast published March 2026, as carried in the databank."
fiscal.psnb,2029-30,UK,63.403443,gbp_bn,forecast,obr_databank,OBR-PFD-2026-09,sourced,"Forecast: OBR Economic and fiscal outlook forecast published March 2026, as carried in the databank."
fiscal.psnb,2030-31,UK,59.019911,gbp_bn,forecast,obr_databank,OBR-PFD-2026-09,sourced,"Forecast: OBR Economic and fiscal outlook forecast published March 2026, as carried in the databank."
fiscal.psnd,2019-20,UK,1814.8,gbp_bn,outturn,obr_databank,OBR-PFD-2026-09,sourced,
fiscal.psnd,2020-21,UK,2157.7,gbp_bn,outturn,obr_databank,OBR-PFD-2026-09,sourced,
fiscal.psnd,2021-22,UK,2379.7,gbp_bn,outturn,obr_databank,OBR-PFD-2026-09,sourced,
fiscal.psnd,2022-23,UK,2542.7,gbp_bn,outturn,obr_databank,OBR-PFD-2026-09,sourced,
fiscal.psnd,2023-24,UK,2684.1,gbp_bn,outturn,obr_databank,OBR-PFD-2026-09,sourced,
fiscal.psnd,2024-25,UK,2806.7,gbp_bn,outturn,obr_databank,OBR-PFD-2026-09,sourced,
fiscal.psnd,2025-26,UK,2916.8,gbp_bn,outturn,obr_databank,OBR-PFD-2026-09,sourced,
fiscal.psnd,2026-27,UK,3053.062047,gbp_bn,forecast,obr_databank,OBR-PFD-2026-09,sourced,"Forecast: OBR Economic and fiscal outlook forecast published March 2026, as carried in the databank."
fiscal.psnd,2027-28,UK,3191.403919,gbp_bn,forecast,obr_databank,OBR-PFD-2026-09,sourced,"Forecast: OBR Economic and fiscal outlook forecast published March 2026, as carried in the databank."
fiscal.psnd,2028-29,UK,3319.409838,gbp_bn,forecast,obr_databank,OBR-PFD-2026-09,sourced,"Forecast: OBR Economic and fiscal outlook forecast published March 2026, as carried in the databank."
fiscal.psnd,2029-30,UK,3427.149365,gbp_bn,forecast,obr_databank,OBR-PFD-2026-09,sourced,"Forecast: OBR Economic and fiscal outlook forecast published March 2026, as carried in the databank."
fiscal.psnd,2030-31,UK,3513.696013,gbp_bn,forecast,obr_databank,OBR-PFD-2026-09,sourced,"Forecast: OBR Economic and fiscal outlook forecast published March 2026, as carried in the databank."
fiscal.psnd_ex_boe,2019-20,UK,1642.4,gbp_bn,outturn,obr_databank,OBR-PFD-2026-09,sourced,
fiscal.psnd_ex_boe,2020-21,UK,1932.8,gbp_bn,outturn,obr_databank,OBR-PFD-2026-09,sourced,
fiscal.psnd_ex_boe,2021-22,UK,2049.3,gbp_bn,outturn,obr_databank,OBR-PFD-2026-09,sourced,
fiscal.psnd_ex_boe,2022-23,UK,2250.0,gbp_bn,outturn,obr_databank,OBR-PFD-2026-09,sourced,
fiscal.psnd_ex_boe,2023-24,UK,2444.6,gbp_bn,outturn,obr_databank,OBR-PFD-2026-09,sourced,
fiscal.psnd_ex_boe,2024-25,UK,2641.1,gbp_bn,outturn,obr_databank,OBR-PFD-2026-09,sourced,
fiscal.psnd_ex_boe,2025-26,UK,2785.2,gbp_bn,outturn,obr_databank,OBR-PFD-2026-09,sourced,
fiscal.psnd_ex_boe,2026-27,UK,2970.884905,gbp_bn,forecast,obr_databank,OBR-PFD-2026-09,sourced,"Forecast: OBR Economic and fiscal outlook forecast published March 2026, as carried in the databank."
fiscal.psnd_ex_boe,2027-28,UK,3117.919689,gbp_bn,forecast,obr_databank,OBR-PFD-2026-09,sourced,"Forecast: OBR Economic and fiscal outlook forecast published March 2026, as carried in the databank."
fiscal.psnd_ex_boe,2028-29,UK,3256.847507,gbp_bn,forecast,obr_databank,OBR-PFD-2026-09,sourced,"Forecast: OBR Economic and fiscal outlook forecast published March 2026, as carried in the databank."
fiscal.psnd_ex_boe,2029-30,UK,3372.627882,gbp_bn,forecast,obr_databank,OBR-PFD-2026-09,sourced,"Forecast: OBR Economic and fiscal outlook forecast published March 2026, as carried in the databank."
fiscal.psnd_ex_boe,2030-31,UK,3485.894269,gbp_bn,forecast,obr_databank,OBR-PFD-2026-09,sourced,"Forecast: OBR Economic and fiscal outlook forecast published March 2026, as carried in the databank."
fiscal.psnd_ex_boe_pct_gdp,2019-20,UK,76.430477,pct_gdp,outturn,obr_databank,OBR-PFD-2026-09,sourced,
fiscal.psnd_ex_boe_pct_gdp,2020-21,UK,85.542412,pct_gdp,outturn,obr_databank,OBR-PFD-2026-09,sourced,
fiscal.psnd_ex_boe_pct_gdp,2021-22,UK,81.181744,pct_gdp,outturn,obr_databank,OBR-PFD-2026-09,sourced,
fiscal.psnd_ex_boe_pct_gdp,2022-23,UK,82.393196,pct_gdp,outturn,obr_databank,OBR-PFD-2026-09,sourced,
fiscal.psnd_ex_boe_pct_gdp,2023-24,UK,85.7,pct_gdp,outturn,obr_databank,OBR-PFD-2026-09,sourced,
fiscal.psnd_ex_boe_pct_gdp,2024-25,UK,87.9,pct_gdp,outturn,obr_databank,OBR-PFD-2026-09,sourced,
fiscal.psnd_ex_boe_pct_gdp,2025-26,UK,89.1,pct_gdp,outturn,obr_databank,OBR-PFD-2026-09,sourced,
fiscal.psnd_ex_boe_pct_gdp,2026-27,UK,92.262918,pct_gdp,forecast,obr_databank,OBR-PFD-2026-09,sourced,"Forecast: OBR Economic and fiscal outlook forecast published March 2026, as carried in the databank."
fiscal.psnd_ex_boe_pct_gdp,2027-28,UK,93.53426,pct_gdp,forecast,obr_databank,OBR-PFD-2026-09,sourced,"Forecast: OBR Economic and fiscal outlook forecast published March 2026, as carried in the databank."
fiscal.psnd_ex_boe_pct_gdp,2028-29,UK,94.466418,pct_gdp,forecast,obr_databank,OBR-PFD-2026-09,sourced,"Forecast: OBR Economic and fiscal outlook forecast published March 2026, as carried in the databank."
fiscal.psnd_ex_boe_pct_gdp,2029-30,UK,94.536821,pct_gdp,forecast,obr_databank,OBR-PFD-2026-09,sourced,"Forecast: OBR Economic and fiscal outlook forecast published March 2026, as carried in the databank."
fiscal.psnd_ex_boe_pct_gdp,2030-31,UK,94.298884,pct_gdp,forecast,obr_databank,OBR-PFD-2026-09,sourced,"Forecast: OBR Economic and fiscal outlook forecast published March 2026, as carried in the databank."
fiscal.psnd_pct_gdp,2019-20,UK,84.453257,pct_gdp,outturn,obr_databank,OBR-PFD-2026-09,sourced,
fiscal.psnd_pct_gdp,2020-21,UK,95.4961,pct_gdp,outturn,obr_databank,OBR-PFD-2026-09,sourced,
fiscal.psnd_pct_gdp,2021-22,UK,94.270335,pct_gdp,outturn,obr_databank,OBR-PFD-2026-09,sourced,
fiscal.psnd_pct_gdp,2022-23,UK,93.111636,pct_gdp,outturn,obr_databank,OBR-PFD-2026-09,sourced,
fiscal.psnd_pct_gdp,2023-24,UK,94.1,pct_gdp,outturn,obr_databank,OBR-PFD-2026-09,sourced,
fiscal.psnd_pct_gdp,2024-25,UK,93.4,pct_gdp,outturn,obr_databank,OBR-PFD-2026-09,sourced,
fiscal.psnd_pct_gdp,2025-26,UK,93.3,pct_gdp,outturn,obr_databank,OBR-PFD-2026-09,sourced,
fiscal.psnd_pct_gdp,2026-27,UK,94.814987,pct_gdp,forecast,obr_databank,OBR-PFD-2026-09,sourced,"Forecast: OBR Economic and fiscal outlook forecast published March 2026, as carried in the databank."
fiscal.psnd_pct_gdp,2027-28,UK,95.738708,pct_gdp,forecast,obr_databank,OBR-PFD-2026-09,sourced,"Forecast: OBR Economic and fiscal outlook forecast published March 2026, as carried in the databank."
fiscal.psnd_pct_gdp,2028-29,UK,96.281069,pct_gdp,forecast,obr_databank,OBR-PFD-2026-09,sourced,"Forecast: OBR Economic and fiscal outlook forecast published March 2026, as carried in the databank."
fiscal.psnd_pct_gdp,2029-30,UK,96.065091,pct_gdp,forecast,obr_databank,OBR-PFD-2026-09,sourced,"Forecast: OBR Economic and fiscal outlook forecast published March 2026, as carried in the databank."
fiscal.psnd_pct_gdp,2030-31,UK,95.050964,pct_gdp,forecast,obr_databank,OBR-PFD-2026-09,sourced,"Forecast: OBR Economic and fiscal outlook forecast published March 2026, as carried in the databank."
fiscal.psnfl,2019-20,UK,1560.038,gbp_bn,outturn,obr_databank,OBR-PFD-2026-09,sourced,
fiscal.psnfl,2020-21,UK,1811.564,gbp_bn,outturn,obr_databank,OBR-PFD-2026-09,sourced,
fiscal.psnfl,2021-22,UK,1958.942,gbp_bn,outturn,obr_databank,OBR-PFD-2026-09,sourced,
fiscal.psnfl,2022-23,UK,2132.775,gbp_bn,outturn,obr_databank,OBR-PFD-2026-09,sourced,
fiscal.psnfl,2023-24,UK,2245.879,gbp_bn,outturn,obr_databank,OBR-PFD-2026-09,sourced,
fiscal.psnfl,2024-25,UK,2409.045,gbp_bn,outturn,obr_databank,OBR-PFD-2026-09,sourced,
fiscal.psnfl,2025-26,UK,2548.363,gbp_bn,outturn,obr_databank,OBR-PFD-2026-09,sourced,
fiscal.psnfl,2026-27,UK,2661.168272,gbp_bn,forecast,obr_databank,OBR-PFD-2026-09,sourced,"Forecast: OBR Economic and fiscal outlook forecast published March 2026, as carried in the databank."
fiscal.psnfl,2027-28,UK,2764.980655,gbp_bn,forecast,obr_databank,OBR-PFD-2026-09,sourced,"Forecast: OBR Economic and fiscal outlook forecast published March 2026, as carried in the databank."
fiscal.psnfl,2028-29,UK,2859.154616,gbp_bn,forecast,obr_databank,OBR-PFD-2026-09,sourced,"Forecast: OBR Economic and fiscal outlook forecast published March 2026, as carried in the databank."
fiscal.psnfl,2029-30,UK,2931.532638,gbp_bn,forecast,obr_databank,OBR-PFD-2026-09,sourced,"Forecast: OBR Economic and fiscal outlook forecast published March 2026, as carried in the databank."
fiscal.psnfl,2030-31,UK,2999.226988,gbp_bn,forecast,obr_databank,OBR-PFD-2026-09,sourced,"Forecast: OBR Economic and fiscal outlook forecast published March 2026, as carried in the databank."
macro.nominal_gdp,2019-20,UK,2263.357,gbp_bn,outturn,obr_databank,OBR-PFD-2026-09,sourced,
macro.nominal_gdp,2020-21,UK,2109.996,gbp_bn,outturn,obr_databank,OBR-PFD-2026-09,sourced,
macro.nominal_gdp,2021-22,UK,2400.398,gbp_bn,outturn,obr_databank,OBR-PFD-2026-09,sourced,
macro.nominal_gdp,2022-23,UK,2634.336,gbp_bn,outturn,obr_databank,OBR-PFD-2026-09,sourced,
macro.nominal_gdp,2023-24,UK,2789.505,gbp_bn,outturn,obr_databank,OBR-PFD-2026-09,sourced,
macro.nominal_gdp,2024-25,UK,2933.954,gbp_bn,outturn,obr_databank,OBR-PFD-2026-09,sourced,
macro.nominal_gdp,2025-26,UK,3069.799,gbp_bn,outturn,obr_databank,OBR-PFD-2026-09,sourced,
macro.nominal_gdp,2026-27,UK,3164.074069,gbp_bn,forecast,obr_databank,OBR-PFD-2026-09,sourced,"Forecast: OBR Economic and fiscal outlook forecast published March 2026, as carried in the databank."
macro.nominal_gdp,2027-28,UK,3277.008494,gbp_bn,forecast,obr_databank,OBR-PFD-2026-09,sourced,"Forecast: OBR Economic and fiscal outlook forecast published March 2026, as carried in the databank."
macro.nominal_gdp,2028-29,UK,3390.825258,gbp_bn,forecast,obr_databank,OBR-PFD-2026-09,sourced,"Forecast: OBR Economic and fiscal outlook forecast published March 2026, as carried in the databank."
macro.nominal_gdp,2029-30,UK,3506.678576,gbp_bn,forecast,obr_databank,OBR-PFD-2026-09,sourced,"Forecast: OBR Economic and fiscal outlook forecast published March 2026, as carried in the databank."
macro.nominal_gdp,2030-31,UK,3631.831465,gbp_bn,forecast,obr_databank,OBR-PFD-2026-09,sourced,"Forecast: OBR Economic and fiscal outlook forecast published March 2026, as carried in the databank."
macro.nominal_gdp_centred,2019-20,UK,2148.881,gbp_bn,outturn,obr_databank,OBR-PFD-2026-09,sourced,
macro.nominal_gdp_centred,2020-21,UK,2259.464,gbp_bn,outturn,obr_databank,OBR-PFD-2026-09,sourced,
macro.nominal_gdp_centred,2021-22,UK,2524.336,gbp_bn,outturn,obr_databank,OBR-PFD-2026-09,sourced,
macro.nominal_gdp_centred,2022-23,UK,2730.808,gbp_bn,outturn,obr_databank,OBR-PFD-2026-09,sourced,
macro.nominal_gdp_centred,2023-24,UK,2852.298,gbp_bn,outturn,obr_databank,OBR-PFD-2026-09,sourced,
macro.nominal_gdp_centred,2024-25,UK,3003.51,gbp_bn,outturn,obr_databank,OBR-PFD-2026-09,sourced,
macro.nominal_gdp_centred,2025-26,UK,3098.62191,gbp_bn,outturn,obr_databank,OBR-PFD-2026-09,sourced,
macro.nominal_gdp_centred,2026-27,UK,3220.020545,gbp_bn,forecast,obr_databank,OBR-PFD-2026-09,sourced,"Forecast: OBR Economic and fiscal outlook forecast published March 2026, as carried in the databank."
macro.nominal_gdp_centred,2027-28,UK,3333.452043,gbp_bn,forecast,obr_databank,OBR-PFD-2026-09,sourced,"Forecast: OBR Economic and fiscal outlook forecast published March 2026, as carried in the databank."
macro.nominal_gdp_centred,2028-29,UK,3447.624631,gbp_bn,forecast,obr_databank,OBR-PFD-2026-09,sourced,"Forecast: OBR Economic and fiscal outlook forecast published March 2026, as carried in the databank."
macro.nominal_gdp_centred,2029-30,UK,3567.528358,gbp_bn,forecast,obr_databank,OBR-PFD-2026-09,sourced,"Forecast: OBR Economic and fiscal outlook forecast published March 2026, as carried in the databank."
macro.nominal_gdp_centred,2030-31,UK,3696.644257,gbp_bn,forecast,obr_databank,OBR-PFD-2026-09,sourced,"Forecast: OBR Economic and fiscal outlook forecast published March 2026, as carried in the databank."
receipts.detail.obr_databank.air_passenger_duty,2019-20,UK,3.546,gbp_bn,outturn,obr_databank,OBR-PFD-2026-09,sourced,OBR databank 'Receipts (£bn)' column 'Air passenger duty' [CWAA].
receipts.detail.obr_databank.air_passenger_duty,2020-21,UK,0.59,gbp_bn,outturn,obr_databank,OBR-PFD-2026-09,sourced,OBR databank 'Receipts (£bn)' column 'Air passenger duty' [CWAA].
receipts.detail.obr_databank.air_passenger_duty,2021-22,UK,1.199,gbp_bn,outturn,obr_databank,OBR-PFD-2026-09,sourced,OBR databank 'Receipts (£bn)' column 'Air passenger duty' [CWAA].
receipts.detail.obr_databank.air_passenger_duty,2022-23,UK,3.269,gbp_bn,outturn,obr_databank,OBR-PFD-2026-09,sourced,OBR databank 'Receipts (£bn)' column 'Air passenger duty' [CWAA].
receipts.detail.obr_databank.air_passenger_duty,2023-24,UK,3.846,gbp_bn,outturn,obr_databank,OBR-PFD-2026-09,sourced,OBR databank 'Receipts (£bn)' column 'Air passenger duty' [CWAA].
receipts.detail.obr_databank.air_passenger_duty,2024-25,UK,4.141,gbp_bn,outturn,obr_databank,OBR-PFD-2026-09,sourced,OBR databank 'Receipts (£bn)' column 'Air passenger duty' [CWAA].
receipts.detail.obr_databank.air_passenger_duty,2025-26,UK,4.616,gbp_bn,outturn,obr_databank,OBR-PFD-2026-09,sourced,OBR databank 'Receipts (£bn)' column 'Air passenger duty' [CWAA].
receipts.detail.obr_databank.air_passenger_duty,2026-27,UK,5.166416,gbp_bn,forecast,obr_databank,OBR-PFD-2026-09,sourced,"OBR databank 'Receipts (£bn)' column 'Air passenger duty' [CWAA]. Forecast: OBR Economic and fiscal outlook forecast published March 2026, as carried in the databank."
receipts.detail.obr_databank.air_passenger_duty,2027-28,UK,5.509317,gbp_bn,forecast,obr_databank,OBR-PFD-2026-09,sourced,"OBR databank 'Receipts (£bn)' column 'Air passenger duty' [CWAA]. Forecast: OBR Economic and fiscal outlook forecast published March 2026, as carried in the databank."
receipts.detail.obr_databank.air_passenger_duty,2028-29,UK,5.806519,gbp_bn,forecast,obr_databank,OBR-PFD-2026-09,sourced,"OBR databank 'Receipts (£bn)' column 'Air passenger duty' [CWAA]. Forecast: OBR Economic and fiscal outlook forecast published March 2026, as carried in the databank."
receipts.detail.obr_databank.air_passenger_duty,2029-30,UK,6.130929,gbp_bn,forecast,obr_databank,OBR-PFD-2026-09,sourced,"OBR databank 'Receipts (£bn)' column 'Air passenger duty' [CWAA]. Forecast: OBR Economic and fiscal outlook forecast published March 2026, as carried in the databank."
receipts.detail.obr_databank.air_passenger_duty,2030-31,UK,6.42934,gbp_bn,forecast,obr_databank,OBR-PFD-2026-09,sourced,"OBR databank 'Receipts (£bn)' column 'Air passenger duty' [CWAA]. Forecast: OBR Economic and fiscal outlook forecast published March 2026, as carried in the databank."
receipts.detail.obr_databank.alcohol_duties,2019-20,UK,12.024,gbp_bn,outturn,obr_databank,OBR-PFD-2026-09,sourced,OBR databank 'Receipts (£bn)' column 'Alcohol duties' [MF6V].
receipts.detail.obr_databank.alcohol_duties,2020-21,UK,12.156,gbp_bn,outturn,obr_databank,OBR-PFD-2026-09,sourced,OBR databank 'Receipts (£bn)' column 'Alcohol duties' [MF6V].
receipts.detail.obr_databank.alcohol_duties,2021-22,UK,13.179,gbp_bn,outturn,obr_databank,OBR-PFD-2026-09,sourced,OBR databank 'Receipts (£bn)' column 'Alcohol duties' [MF6V].
receipts.detail.obr_databank.alcohol_duties,2022-23,UK,12.384,gbp_bn,outturn,obr_databank,OBR-PFD-2026-09,sourced,OBR databank 'Receipts (£bn)' column 'Alcohol duties' [MF6V].
receipts.detail.obr_databank.alcohol_duties,2023-24,UK,12.515,gbp_bn,outturn,obr_databank,OBR-PFD-2026-09,sourced,OBR databank 'Receipts (£bn)' column 'Alcohol duties' [MF6V].
receipts.detail.obr_databank.alcohol_duties,2024-25,UK,12.545,gbp_bn,outturn,obr_databank,OBR-PFD-2026-09,sourced,OBR databank 'Receipts (£bn)' column 'Alcohol duties' [MF6V].
receipts.detail.obr_databank.alcohol_duties,2025-26,UK,12.432,gbp_bn,outturn,obr_databank,OBR-PFD-2026-09,sourced,OBR databank 'Receipts (£bn)' column 'Alcohol duties' [MF6V].
receipts.detail.obr_databank.alcohol_duties,2026-27,UK,12.685895,gbp_bn,forecast,obr_databank,OBR-PFD-2026-09,sourced,"OBR databank 'Receipts (£bn)' column 'Alcohol duties' [MF6V]. Forecast: OBR Economic and fiscal outlook forecast published March 2026, as carried in the databank."
receipts.detail.obr_databank.alcohol_duties,2027-28,UK,13.121343,gbp_bn,forecast,obr_databank,OBR-PFD-2026-09,sourced,"OBR databank 'Receipts (£bn)' column 'Alcohol duties' [MF6V]. Forecast: OBR Economic and fiscal outlook forecast published March 2026, as carried in the databank."
receipts.detail.obr_databank.alcohol_duties,2028-29,UK,13.605948,gbp_bn,forecast,obr_databank,OBR-PFD-2026-09,sourced,"OBR databank 'Receipts (£bn)' column 'Alcohol duties' [MF6V]. Forecast: OBR Economic and fiscal outlook forecast published March 2026, as carried in the databank."
receipts.detail.obr_databank.alcohol_duties,2029-30,UK,14.091977,gbp_bn,forecast,obr_databank,OBR-PFD-2026-09,sourced,"OBR databank 'Receipts (£bn)' column 'Alcohol duties' [MF6V]. Forecast: OBR Economic and fiscal outlook forecast published March 2026, as carried in the databank."
receipts.detail.obr_databank.alcohol_duties,2030-31,UK,14.518351,gbp_bn,forecast,obr_databank,OBR-PFD-2026-09,sourced,"OBR databank 'Receipts (£bn)' column 'Alcohol duties' [MF6V]. Forecast: OBR Economic and fiscal outlook forecast published March 2026, as carried in the databank."
receipts.detail.obr_databank.bank_levy,2019-20,UK,2.523,gbp_bn,outturn,obr_databank,OBR-PFD-2026-09,sourced,OBR databank 'Receipts (£bn)' column 'Bank levy' [KIH3].
receipts.detail.obr_databank.bank_levy,2020-21,UK,1.902,gbp_bn,outturn,obr_databank,OBR-PFD-2026-09,sourced,OBR databank 'Receipts (£bn)' column 'Bank levy' [KIH3].
receipts.detail.obr_databank.bank_levy,2021-22,UK,1.29,gbp_bn,outturn,obr_databank,OBR-PFD-2026-09,sourced,OBR databank 'Receipts (£bn)' column 'Bank levy' [KIH3].
receipts.detail.obr_databank.bank_levy,2022-23,UK,1.284,gbp_bn,outturn,obr_databank,OBR-PFD-2026-09,sourced,OBR databank 'Receipts (£bn)' column 'Bank levy' [KIH3].
receipts.detail.obr_databank.bank_levy,2023-24,UK,1.509,gbp_bn,outturn,obr_databank,OBR-PFD-2026-09,sourced,OBR databank 'Receipts (£bn)' column 'Bank levy' [KIH3].
receipts.detail.obr_databank.bank_levy,2024-25,UK,1.329,gbp_bn,outturn,obr_databank,OBR-PFD-2026-09,sourced,OBR databank 'Receipts (£bn)' column 'Bank levy' [KIH3].
receipts.detail.obr_databank.bank_levy,2025-26,UK,1.515,gbp_bn,outturn,obr_databank,OBR-PFD-2026-09,sourced,OBR databank 'Receipts (£bn)' column 'Bank levy' [KIH3].
receipts.detail.obr_databank.bank_levy,2026-27,UK,1.482889,gbp_bn,forecast,obr_databank,OBR-PFD-2026-09,sourced,"OBR databank 'Receipts (£bn)' column 'Bank levy' [KIH3]. Forecast: OBR Economic and fiscal outlook forecast published March 2026, as carried in the databank."
receipts.detail.obr_databank.bank_levy,2027-28,UK,1.47358,gbp_bn,forecast,obr_databank,OBR-PFD-2026-09,sourced,"OBR databank 'Receipts (£bn)' column 'Bank levy' [KIH3]. Forecast: OBR Economic and fiscal outlook forecast published March 2026, as carried in the databank."
receipts.detail.obr_databank.bank_levy,2028-29,UK,1.46427,gbp_bn,forecast,obr_databank,OBR-PFD-2026-09,sourced,"OBR databank 'Receipts (£bn)' column 'Bank levy' [KIH3]. Forecast: OBR Economic and fiscal outlook forecast published March 2026, as carried in the databank."
receipts.detail.obr_databank.bank_levy,2029-30,UK,1.454961,gbp_bn,forecast,obr_databank,OBR-PFD-2026-09,sourced,"OBR databank 'Receipts (£bn)' column 'Bank levy' [KIH3]. Forecast: OBR Economic and fiscal outlook forecast published March 2026, as carried in the databank."
receipts.detail.obr_databank.bank_levy,2030-31,UK,1.445652,gbp_bn,forecast,obr_databank,OBR-PFD-2026-09,sourced,"OBR databank 'Receipts (£bn)' column 'Bank levy' [KIH3]. Forecast: OBR Economic and fiscal outlook forecast published March 2026, as carried in the databank."
receipts.detail.obr_databank.capital_gains_tax,2019-20,UK,9.827,gbp_bn,outturn,obr_databank,OBR-PFD-2026-09,sourced,OBR databank 'Receipts (£bn)' column 'Capital gains tax' [MS62].
receipts.detail.obr_databank.capital_gains_tax,2020-21,UK,11.131,gbp_bn,outturn,obr_databank,OBR-PFD-2026-09,sourced,OBR databank 'Receipts (£bn)' column 'Capital gains tax' [MS62].
receipts.detail.obr_databank.capital_gains_tax,2021-22,UK,15.267,gbp_bn,outturn,obr_databank,OBR-PFD-2026-09,sourced,OBR databank 'Receipts (£bn)' column 'Capital gains tax' [MS62].
receipts.detail.obr_databank.capital_gains_tax,2022-23,UK,16.928,gbp_bn,outturn,obr_databank,OBR-PFD-2026-09,sourced,OBR databank 'Receipts (£bn)' column 'Capital gains tax' [MS62].
receipts.detail.obr_databank.capital_gains_tax,2023-24,UK,14.493,gbp_bn,outturn,obr_databank,OBR-PFD-2026-09,sourced,OBR databank 'Receipts (£bn)' column 'Capital gains tax' [MS62].
receipts.detail.obr_databank.capital_gains_tax,2024-25,UK,13.686,gbp_bn,outturn,obr_databank,OBR-PFD-2026-09,sourced,OBR databank 'Receipts (£bn)' column 'Capital gains tax' [MS62].
receipts.detail.obr_databank.capital_gains_tax,2025-26,UK,24.31,gbp_bn,outturn,obr_databank,OBR-PFD-2026-09,sourced,OBR databank 'Receipts (£bn)' column 'Capital gains tax' [MS62].
receipts.detail.obr_databank.capital_gains_tax,2026-27,UK,20.801165,gbp_bn,forecast,obr_databank,OBR-PFD-2026-09,sourced,"OBR databank 'Receipts (£bn)' column 'Capital gains tax' [MS62]. Forecast: OBR Economic and fiscal outlook forecast published March 2026, as carried in the databank."
receipts.detail.obr_databank.capital_gains_tax,2027-28,UK,25.469965,gbp_bn,forecast,obr_databank,OBR-PFD-2026-09,sourced,"OBR databank 'Receipts (£bn)' column 'Capital gains tax' [MS62]. Forecast: OBR Economic and fiscal outlook forecast published March 2026, as carried in the databank."
receipts.detail.obr_databank.capital_gains_tax,2028-29,UK,28.918403,gbp_bn,forecast,obr_databank,OBR-PFD-2026-09,sourced,"OBR databank 'Receipts (£bn)' column 'Capital gains tax' [MS62]. Forecast: OBR Economic and fiscal outlook forecast published March 2026, as carried in the databank."
receipts.detail.obr_databank.capital_gains_tax,2029-30,UK,31.956099,gbp_bn,forecast,obr_databank,OBR-PFD-2026-09,sourced,"OBR databank 'Receipts (£bn)' column 'Capital gains tax' [MS62]. Forecast: OBR Economic and fiscal outlook forecast published March 2026, as carried in the databank."
receipts.detail.obr_databank.capital_gains_tax,2030-31,UK,34.900715,gbp_bn,forecast,obr_databank,OBR-PFD-2026-09,sourced,"OBR databank 'Receipts (£bn)' column 'Capital gains tax' [MS62]. Forecast: OBR Economic and fiscal outlook forecast published March 2026, as carried in the databank."
receipts.detail.obr_databank.climate_change_levy_and_carbon_price_floor,2019-20,UK,2.001,gbp_bn,outturn,obr_databank,OBR-PFD-2026-09,sourced,OBR databank 'Receipts (£bn)' column 'Climate change levy and carbon price floor' [LSNT].
receipts.detail.obr_databank.climate_change_levy_and_carbon_price_floor,2020-21,UK,1.791,gbp_bn,outturn,obr_databank,OBR-PFD-2026-09,sourced,OBR databank 'Receipts (£bn)' column 'Climate change levy and carbon price floor' [LSNT].
receipts.detail.obr_databank.climate_change_levy_and_carbon_price_floor,2021-22,UK,1.947,gbp_bn,outturn,obr_databank,OBR-PFD-2026-09,sourced,OBR databank 'Receipts (£bn)' column 'Climate change levy and carbon price floor' [LSNT].
receipts.detail.obr_databank.climate_change_levy_and_carbon_price_floor,2022-23,UK,2.064,gbp_bn,outturn,obr_databank,OBR-PFD-2026-09,sourced,OBR databank 'Receipts (£bn)' column 'Climate change levy and carbon price floor' [LSNT].
receipts.detail.obr_databank.climate_change_levy_and_carbon_price_floor,2023-24,UK,1.857,gbp_bn,outturn,obr_databank,OBR-PFD-2026-09,sourced,OBR databank 'Receipts (£bn)' column 'Climate change levy and carbon price floor' [LSNT].
receipts.detail.obr_databank.climate_change_levy_and_carbon_price_floor,2024-25,UK,1.842,gbp_bn,outturn,obr_databank,OBR-PFD-2026-09,sourced,OBR databank 'Receipts (£bn)' column 'Climate change levy and carbon price floor' [LSNT].
receipts.detail.obr_databank.climate_change_levy_and_carbon_price_floor,2025-26,UK,1.74,gbp_bn,outturn,obr_databank,OBR-PFD-2026-09,sourced,OBR databank 'Receipts (£bn)' column 'Climate change levy and carbon price floor' [LSNT].
receipts.detail.obr_databank.climate_change_levy_and_carbon_price_floor,2026-27,UK,1.75927,gbp_bn,forecast,obr_databank,OBR-PFD-2026-09,sourced,"OBR databank 'Receipts (£bn)' column 'Climate change levy and carbon price floor' [LSNT]. Forecast: OBR Economic and fiscal outlook forecast published March 2026, as carried in the databank."
receipts.detail.obr_databank.climate_change_levy_and_carbon_price_floor,2027-28,UK,1.681919,gbp_bn,forecast,obr_databank,OBR-PFD-2026-09,sourced,"OBR databank 'Receipts (£bn)' column 'Climate change levy and carbon price floor' [LSNT]. Forecast: OBR Economic and fiscal outlook forecast published March 2026, as carried in the databank."
receipts.detail.obr_databank.climate_change_levy_and_carbon_price_floor,2028-29,UK,1.634323,gbp_bn,forecast,obr_databank,OBR-PFD-2026-09,sourced,"OBR databank 'Receipts (£bn)' column 'Climate change levy and carbon price floor' [LSNT]. Forecast: OBR Economic and fiscal outlook forecast published March 2026, as carried in the databank."
receipts.detail.obr_databank.climate_change_levy_and_carbon_price_floor,2029-30,UK,1.647467,gbp_bn,forecast,obr_databank,OBR-PFD-2026-09,sourced,"OBR databank 'Receipts (£bn)' column 'Climate change levy and carbon price floor' [LSNT]. Forecast: OBR Economic and fiscal outlook forecast published March 2026, as carried in the databank."
receipts.detail.obr_databank.climate_change_levy_and_carbon_price_floor,2030-31,UK,1.696379,gbp_bn,forecast,obr_databank,OBR-PFD-2026-09,sourced,"OBR databank 'Receipts (£bn)' column 'Climate change levy and carbon price floor' [LSNT]. Forecast: OBR Economic and fiscal outlook forecast published March 2026, as carried in the databank."
receipts.detail.obr_databank.council_tax,2019-20,UK,36.339,gbp_bn,outturn,obr_databank,OBR-PFD-2026-09,sourced,OBR databank 'Receipts (£bn)' column 'Council tax' [NMHM].
receipts.detail.obr_databank.council_tax,2020-21,UK,37.58,gbp_bn,outturn,obr_databank,OBR-PFD-2026-09,sourced,OBR databank 'Receipts (£bn)' column 'Council tax' [NMHM].
receipts.detail.obr_databank.council_tax,2021-22,UK,39.969,gbp_bn,outturn,obr_databank,OBR-PFD-2026-09,sourced,OBR databank 'Receipts (£bn)' column 'Council tax' [NMHM].
receipts.detail.obr_databank.council_tax,2022-23,UK,41.968,gbp_bn,outturn,obr_databank,OBR-PFD-2026-09,sourced,OBR databank 'Receipts (£bn)' column 'Council tax' [NMHM].
receipts.detail.obr_databank.council_tax,2023-24,UK,44.489,gbp_bn,outturn,obr_databank,OBR-PFD-2026-09,sourced,OBR databank 'Receipts (£bn)' column 'Council tax' [NMHM].
receipts.detail.obr_databank.council_tax,2024-25,UK,47.417,gbp_bn,outturn,obr_databank,OBR-PFD-2026-09,sourced,OBR databank 'Receipts (£bn)' column 'Council tax' [NMHM].
receipts.detail.obr_databank.council_tax,2025-26,UK,50.444,gbp_bn,outturn,obr_databank,OBR-PFD-2026-09,sourced,OBR databank 'Receipts (£bn)' column 'Council tax' [NMHM].
receipts.detail.obr_databank.council_tax,2026-27,UK,53.66733,gbp_bn,forecast,obr_databank,OBR-PFD-2026-09,sourced,"OBR databank 'Receipts (£bn)' column 'Council tax' [NMHM]. Forecast: OBR Economic and fiscal outlook forecast published March 2026, as carried in the databank."
receipts.detail.obr_databank.council_tax,2027-28,UK,56.846289,gbp_bn,forecast,obr_databank,OBR-PFD-2026-09,sourced,"OBR databank 'Receipts (£bn)' column 'Council tax' [NMHM]. Forecast: OBR Economic and fiscal outlook forecast published March 2026, as carried in the databank."
receipts.detail.obr_databank.council_tax,2028-29,UK,60.269369,gbp_bn,forecast,obr_databank,OBR-PFD-2026-09,sourced,"OBR databank 'Receipts (£bn)' column 'Council tax' [NMHM]. Forecast: OBR Economic and fiscal outlook forecast published March 2026, as carried in the databank."
receipts.detail.obr_databank.council_tax,2029-30,UK,63.620516,gbp_bn,forecast,obr_databank,OBR-PFD-2026-09,sourced,"OBR databank 'Receipts (£bn)' column 'Council tax' [NMHM]. Forecast: OBR Economic and fiscal outlook forecast published March 2026, as carried in the databank."
receipts.detail.obr_databank.council_tax,2030-31,UK,67.098324,gbp_bn,forecast,obr_databank,OBR-PFD-2026-09,sourced,"OBR databank 'Receipts (£bn)' column 'Council tax' [NMHM]. Forecast: OBR Economic and fiscal outlook forecast published March 2026, as carried in the databank."
receipts.detail.obr_databank.diverted_profits_tax,2019-20,UK,0.005,gbp_bn,outturn,obr_databank,OBR-PFD-2026-09,sourced,OBR databank 'Receipts (£bn)' column 'Diverted profits tax' [N43V].
receipts.detail.obr_databank.diverted_profits_tax,2020-21,UK,0.14,gbp_bn,outturn,obr_databank,OBR-PFD-2026-09,sourced,OBR databank 'Receipts (£bn)' column 'Diverted profits tax' [N43V].
receipts.detail.obr_databank.diverted_profits_tax,2021-22,UK,0.22,gbp_bn,outturn,obr_databank,OBR-PFD-2026-09,sourced,OBR databank 'Receipts (£bn)' column 'Diverted profits tax' [N43V].
receipts.detail.obr_databank.diverted_profits_tax,2022-23,UK,0.042,gbp_bn,outturn,obr_databank,OBR-PFD-2026-09,sourced,OBR databank 'Receipts (£bn)' column 'Diverted profits tax' [N43V].
receipts.detail.obr_databank.diverted_profits_tax,2023-24,UK,0.108,gbp_bn,outturn,obr_databank,OBR-PFD-2026-09,sourced,OBR databank 'Receipts (£bn)' column 'Diverted profits tax' [N43V].
receipts.detail.obr_databank.diverted_profits_tax,2024-25,UK,0.105,gbp_bn,outturn,obr_databank,OBR-PFD-2026-09,sourced,OBR databank 'Receipts (£bn)' column 'Diverted profits tax' [N43V].
receipts.detail.obr_databank.diverted_profits_tax,2025-26,UK,0.604,gbp_bn,outturn,obr_databank,OBR-PFD-2026-09,sourced,OBR databank 'Receipts (£bn)' column 'Diverted profits tax' [N43V].
receipts.detail.obr_databank.diverted_profits_tax,2026-27,UK,-0.05,gbp_bn,forecast,obr_databank,OBR-PFD-2026-09,sourced,"OBR databank 'Receipts (£bn)' column 'Diverted profits tax' [N43V]. Forecast: OBR Economic and fiscal outlook forecast published March 2026, as carried in the databank."
receipts.detail.obr_databank.diverted_profits_tax,2027-28,UK,-0.03,gbp_bn,forecast,obr_databank,OBR-PFD-2026-09,sourced,"OBR databank 'Receipts (£bn)' column 'Diverted profits tax' [N43V]. Forecast: OBR Economic and fiscal outlook forecast published March 2026, as carried in the databank."
receipts.detail.obr_databank.diverted_profits_tax,2028-29,UK,0.005,gbp_bn,forecast,obr_databank,OBR-PFD-2026-09,sourced,"OBR databank 'Receipts (£bn)' column 'Diverted profits tax' [N43V]. Forecast: OBR Economic and fiscal outlook forecast published March 2026, as carried in the databank."
receipts.detail.obr_databank.diverted_profits_tax,2029-30,UK,0.01,gbp_bn,forecast,obr_databank,OBR-PFD-2026-09,sourced,"OBR databank 'Receipts (£bn)' column 'Diverted profits tax' [N43V]. Forecast: OBR Economic and fiscal outlook forecast published March 2026, as carried in the databank."
receipts.detail.obr_databank.diverted_profits_tax,2030-31,UK,0.01,gbp_bn,forecast,obr_databank,OBR-PFD-2026-09,sourced,"OBR databank 'Receipts (£bn)' column 'Diverted profits tax' [N43V]. Forecast: OBR Economic and fiscal outlook forecast published March 2026, as carried in the databank."
receipts.detail.obr_databank.emissions_trading_scheme,2019-20,UK,1.581,gbp_bn,outturn,obr_databank,OBR-PFD-2026-09,sourced,OBR databank 'Receipts (£bn)' column 'Emissions trading scheme' [M98G].
receipts.detail.obr_databank.emissions_trading_scheme,2020-21,UK,1.284,gbp_bn,outturn,obr_databank,OBR-PFD-2026-09,sourced,OBR databank 'Receipts (£bn)' column 'Emissions trading scheme' [M98G].
receipts.detail.obr_databank.emissions_trading_scheme,2021-22,UK,1.036,gbp_bn,outturn,obr_databank,OBR-PFD-2026-09,sourced,OBR databank 'Receipts (£bn)' column 'Emissions trading scheme' [M98G].
receipts.detail.obr_databank.emissions_trading_scheme,2022-23,UK,5.755,gbp_bn,outturn,obr_databank,OBR-PFD-2026-09,sourced,OBR databank 'Receipts (£bn)' column 'Emissions trading scheme' [M98G].
receipts.detail.obr_databank.emissions_trading_scheme,2023-24,UK,6.049,gbp_bn,outturn,obr_databank,OBR-PFD-2026-09,sourced,OBR databank 'Receipts (£bn)' column 'Emissions trading scheme' [M98G].
receipts.detail.obr_databank.emissions_trading_scheme,2024-25,UK,3.406,gbp_bn,outturn,obr_databank,OBR-PFD-2026-09,sourced,OBR databank 'Receipts (£bn)' column 'Emissions trading scheme' [M98G].
receipts.detail.obr_databank.emissions_trading_scheme,2025-26,UK,2.122,gbp_bn,outturn,obr_databank,OBR-PFD-2026-09,sourced,OBR databank 'Receipts (£bn)' column 'Emissions trading scheme' [M98G].
receipts.detail.obr_databank.emissions_trading_scheme,2026-27,UK,3.043095,gbp_bn,forecast,obr_databank,OBR-PFD-2026-09,sourced,"OBR databank 'Receipts (£bn)' column 'Emissions trading scheme' [M98G]. Forecast: OBR Economic and fiscal outlook forecast published March 2026, as carried in the databank."
receipts.detail.obr_databank.emissions_trading_scheme,2027-28,UK,3.428298,gbp_bn,forecast,obr_databank,OBR-PFD-2026-09,sourced,"OBR databank 'Receipts (£bn)' column 'Emissions trading scheme' [M98G]. Forecast: OBR Economic and fiscal outlook forecast published March 2026, as carried in the databank."
receipts.detail.obr_databank.emissions_trading_scheme,2028-29,UK,3.232427,gbp_bn,forecast,obr_databank,OBR-PFD-2026-09,sourced,"OBR databank 'Receipts (£bn)' column 'Emissions trading scheme' [M98G]. Forecast: OBR Economic and fiscal outlook forecast published March 2026, as carried in the databank."
receipts.detail.obr_databank.emissions_trading_scheme,2029-30,UK,3.05497,gbp_bn,forecast,obr_databank,OBR-PFD-2026-09,sourced,"OBR databank 'Receipts (£bn)' column 'Emissions trading scheme' [M98G]. Forecast: OBR Economic and fiscal outlook forecast published March 2026, as carried in the databank."
receipts.detail.obr_databank.emissions_trading_scheme,2030-31,UK,2.900519,gbp_bn,forecast,obr_databank,OBR-PFD-2026-09,sourced,"OBR databank 'Receipts (£bn)' column 'Emissions trading scheme' [M98G]. Forecast: OBR Economic and fiscal outlook forecast published March 2026, as carried in the databank."
receipts.detail.obr_databank.energy_profits_levy,2019-20,UK,0.0,gbp_bn,outturn,obr_databank,OBR-PFD-2026-09,sourced,OBR databank 'Receipts (£bn)' column 'Energy profits levy' [JIS6].
receipts.detail.obr_databank.energy_profits_levy,2020-21,UK,0.0,gbp_bn,outturn,obr_databank,OBR-PFD-2026-09,sourced,OBR databank 'Receipts (£bn)' column 'Energy profits levy' [JIS6].
receipts.detail.obr_databank.energy_profits_levy,2021-22,UK,0.0,gbp_bn,outturn,obr_databank,OBR-PFD-2026-09,sourced,OBR databank 'Receipts (£bn)' column 'Energy profits levy' [JIS6].
receipts.detail.obr_databank.energy_profits_levy,2022-23,UK,4.256,gbp_bn,outturn,obr_databank,OBR-PFD-2026-09,sourced,OBR databank 'Receipts (£bn)' column 'Energy profits levy' [JIS6].
receipts.detail.obr_databank.energy_profits_levy,2023-24,UK,3.169,gbp_bn,outturn,obr_databank,OBR-PFD-2026-09,sourced,OBR databank 'Receipts (£bn)' column 'Energy profits levy' [JIS6].
receipts.detail.obr_databank.energy_profits_levy,2024-25,UK,2.548,gbp_bn,outturn,obr_databank,OBR-PFD-2026-09,sourced,OBR databank 'Receipts (£bn)' column 'Energy profits levy' [JIS6].
receipts.detail.obr_databank.energy_profits_levy,2025-26,UK,2.756,gbp_bn,outturn,obr_databank,OBR-PFD-2026-09,sourced,OBR databank 'Receipts (£bn)' column 'Energy profits levy' [JIS6].
receipts.detail.obr_databank.energy_profits_levy,2026-27,UK,1.671618,gbp_bn,forecast,obr_databank,OBR-PFD-2026-09,sourced,"OBR databank 'Receipts (£bn)' column 'Energy profits levy' [JIS6]. Forecast: OBR Economic and fiscal outlook forecast published March 2026, as carried in the databank."
receipts.detail.obr_databank.energy_profits_levy,2027-28,UK,0.852067,gbp_bn,forecast,obr_databank,OBR-PFD-2026-09,sourced,"OBR databank 'Receipts (£bn)' column 'Energy profits levy' [JIS6]. Forecast: OBR Economic and fiscal outlook forecast published March 2026, as carried in the databank."
receipts.detail.obr_databank.energy_profits_levy,2028-29,UK,0.0,gbp_bn,forecast,obr_databank,OBR-PFD-2026-09,sourced,"OBR databank 'Receipts (£bn)' column 'Energy profits levy' [JIS6]. Forecast: OBR Economic and fiscal outlook forecast published March 2026, as carried in the databank."
receipts.detail.obr_databank.energy_profits_levy,2029-30,UK,0.0,gbp_bn,forecast,obr_databank,OBR-PFD-2026-09,sourced,"OBR databank 'Receipts (£bn)' column 'Energy profits levy' [JIS6]. Forecast: OBR Economic and fiscal outlook forecast published March 2026, as carried in the databank."
receipts.detail.obr_databank.energy_profits_levy,2030-31,UK,0.0,gbp_bn,forecast,obr_databank,OBR-PFD-2026-09,sourced,"OBR databank 'Receipts (£bn)' column 'Energy profits levy' [JIS6]. Forecast: OBR Economic and fiscal outlook forecast published March 2026, as carried in the databank."
receipts.detail.obr_databank.environmental_levies,2019-20,UK,8.374,gbp_bn,outturn,obr_databank,OBR-PFD-2026-09,sourced,OBR databank 'Receipts (£bn)' column 'Environmental levies (Renewables Obligation and Contracts for Difference)2' [AHGP].
receipts.detail.obr_databank.environmental_levies,2020-21,UK,8.827,gbp_bn,outturn,obr_databank,OBR-PFD-2026-09,sourced,OBR databank 'Receipts (£bn)' column 'Environmental levies (Renewables Obligation and Contracts for Difference)2' [AHGP].
receipts.detail.obr_databank.environmental_levies,2021-22,UK,6.943,gbp_bn,outturn,obr_databank,OBR-PFD-2026-09,sourced,OBR databank 'Receipts (£bn)' column 'Environmental levies (Renewables Obligation and Contracts for Difference)2' [AHGP].
receipts.detail.obr_databank.environmental_levies,2022-23,UK,6.999,gbp_bn,outturn,obr_databank,OBR-PFD-2026-09,sourced,OBR databank 'Receipts (£bn)' column 'Environmental levies (Renewables Obligation and Contracts for Difference)2' [AHGP].
receipts.detail.obr_databank.environmental_levies,2023-24,UK,9.963,gbp_bn,outturn,obr_databank,OBR-PFD-2026-09,sourced,OBR databank 'Receipts (£bn)' column 'Environmental levies (Renewables Obligation and Contracts for Difference)2' [AHGP].
receipts.detail.obr_databank.environmental_levies,2024-25,UK,10.517,gbp_bn,outturn,obr_databank,OBR-PFD-2026-09,sourced,OBR databank 'Receipts (£bn)' column 'Environmental levies (Renewables Obligation and Contracts for Difference)2' [AHGP].
receipts.detail.obr_databank.environmental_levies,2025-26,UK,11.797,gbp_bn,outturn,obr_databank,OBR-PFD-2026-09,sourced,OBR databank 'Receipts (£bn)' column 'Environmental levies (Renewables Obligation and Contracts for Difference)2' [AHGP].
receipts.detail.obr_databank.environmental_levies,2026-27,UK,15.939066,gbp_bn,forecast,obr_databank,OBR-PFD-2026-09,sourced,"OBR databank 'Receipts (£bn)' column 'Environmental levies (Renewables Obligation and Contracts for Difference)2' [AHGP]. Forecast: OBR Economic and fiscal outlook forecast published March 2026, as carried in the databank."
receipts.detail.obr_databank.environmental_levies,2027-28,UK,15.364226,gbp_bn,forecast,obr_databank,OBR-PFD-2026-09,sourced,"OBR databank 'Receipts (£bn)' column 'Environmental levies (Renewables Obligation and Contracts for Difference)2' [AHGP]. Forecast: OBR Economic and fiscal outlook forecast published March 2026, as carried in the databank."
receipts.detail.obr_databank.environmental_levies,2028-29,UK,15.953343,gbp_bn,forecast,obr_databank,OBR-PFD-2026-09,sourced,"OBR databank 'Receipts (£bn)' column 'Environmental levies (Renewables Obligation and Contracts for Difference)2' [AHGP]. Forecast: OBR Economic and fiscal outlook forecast published March 2026, as carried in the databank."
receipts.detail.obr_databank.environmental_levies,2029-30,UK,16.737708,gbp_bn,forecast,obr_databank,OBR-PFD-2026-09,sourced,"OBR databank 'Receipts (£bn)' column 'Environmental levies (Renewables Obligation and Contracts for Difference)2' [AHGP]. Forecast: OBR Economic and fiscal outlook forecast published March 2026, as carried in the databank."
receipts.detail.obr_databank.environmental_levies,2030-31,UK,18.506722,gbp_bn,forecast,obr_databank,OBR-PFD-2026-09,sourced,"OBR databank 'Receipts (£bn)' column 'Environmental levies (Renewables Obligation and Contracts for Difference)2' [AHGP]. Forecast: OBR Economic and fiscal outlook forecast published March 2026, as carried in the databank."
receipts.detail.obr_databank.fuel_duties,2019-20,UK,27.502,gbp_bn,outturn,obr_databank,OBR-PFD-2026-09,sourced,OBR databank 'Receipts (£bn)' column 'Fuel duties' [CUDG].
receipts.detail.obr_databank.fuel_duties,2020-21,UK,21.175,gbp_bn,outturn,obr_databank,OBR-PFD-2026-09,sourced,OBR databank 'Receipts (£bn)' column 'Fuel duties' [CUDG].
receipts.detail.obr_databank.fuel_duties,2021-22,UK,25.972,gbp_bn,outturn,obr_databank,OBR-PFD-2026-09,sourced,OBR databank 'Receipts (£bn)' column 'Fuel duties' [CUDG].
receipts.detail.obr_databank.fuel_duties,2022-23,UK,25.105,gbp_bn,outturn,obr_databank,OBR-PFD-2026-09,sourced,OBR databank 'Receipts (£bn)' column 'Fuel duties' [CUDG].
receipts.detail.obr_databank.fuel_duties,2023-24,UK,24.922,gbp_bn,outturn,obr_databank,OBR-PFD-2026-09,sourced,OBR databank 'Receipts (£bn)' column 'Fuel duties' [CUDG].
receipts.detail.obr_databank.fuel_duties,2024-25,UK,24.359,gbp_bn,outturn,obr_databank,OBR-PFD-2026-09,sourced,OBR databank 'Receipts (£bn)' column 'Fuel duties' [CUDG].
receipts.detail.obr_databank.fuel_duties,2025-26,UK,24.559,gbp_bn,outturn,obr_databank,OBR-PFD-2026-09,sourced,OBR databank 'Receipts (£bn)' column 'Fuel duties' [CUDG].
receipts.detail.obr_databank.fuel_duties,2026-27,UK,24.628571,gbp_bn,forecast,obr_databank,OBR-PFD-2026-09,sourced,"OBR databank 'Receipts (£bn)' column 'Fuel duties' [CUDG]. Forecast: OBR Economic and fiscal outlook forecast published March 2026, as carried in the databank."
receipts.detail.obr_databank.fuel_duties,2027-28,UK,26.545622,gbp_bn,forecast,obr_databank,OBR-PFD-2026-09,sourced,"OBR databank 'Receipts (£bn)' column 'Fuel duties' [CUDG]. Forecast: OBR Economic and fiscal outlook forecast published March 2026, as carried in the databank."
receipts.detail.obr_databank.fuel_duties,2028-29,UK,26.635756,gbp_bn,forecast,obr_databank,OBR-PFD-2026-09,sourced,"OBR databank 'Receipts (£bn)' column 'Fuel duties' [CUDG]. Forecast: OBR Economic and fiscal outlook forecast published March 2026, as carried in the databank."
receipts.detail.obr_databank.fuel_duties,2029-30,UK,26.382077,gbp_bn,forecast,obr_databank,OBR-PFD-2026-09,sourced,"OBR databank 'Receipts (£bn)' column 'Fuel duties' [CUDG]. Forecast: OBR Economic and fiscal outlook forecast published March 2026, as carried in the databank."
receipts.detail.obr_databank.fuel_duties,2030-31,UK,25.740748,gbp_bn,forecast,obr_databank,OBR-PFD-2026-09,sourced,"OBR databank 'Receipts (£bn)' column 'Fuel duties' [CUDG]. Forecast: OBR Economic and fiscal outlook forecast published March 2026, as carried in the databank."
receipts.detail.obr_databank.inheritance_tax,2019-20,UK,5.122,gbp_bn,outturn,obr_databank,OBR-PFD-2026-09,sourced,OBR databank 'Receipts (£bn)' column 'Inheritance tax' [ACCH].
receipts.detail.obr_databank.inheritance_tax,2020-21,UK,5.327,gbp_bn,outturn,obr_databank,OBR-PFD-2026-09,sourced,OBR databank 'Receipts (£bn)' column 'Inheritance tax' [ACCH].
receipts.detail.obr_databank.inheritance_tax,2021-22,UK,6.056,gbp_bn,outturn,obr_databank,OBR-PFD-2026-09,sourced,OBR databank 'Receipts (£bn)' column 'Inheritance tax' [ACCH].
receipts.detail.obr_databank.inheritance_tax,2022-23,UK,7.086,gbp_bn,outturn,obr_databank,OBR-PFD-2026-09,sourced,OBR databank 'Receipts (£bn)' column 'Inheritance tax' [ACCH].
receipts.detail.obr_databank.inheritance_tax,2023-24,UK,7.499,gbp_bn,outturn,obr_databank,OBR-PFD-2026-09,sourced,OBR databank 'Receipts (£bn)' column 'Inheritance tax' [ACCH].
receipts.detail.obr_databank.inheritance_tax,2024-25,UK,8.25,gbp_bn,outturn,obr_databank,OBR-PFD-2026-09,sourced,OBR databank 'Receipts (£bn)' column 'Inheritance tax' [ACCH].
receipts.detail.obr_databank.inheritance_tax,2025-26,UK,8.466,gbp_bn,outturn,obr_databank,OBR-PFD-2026-09,sourced,OBR databank 'Receipts (£bn)' column 'Inheritance tax' [ACCH].
receipts.detail.obr_databank.inheritance_tax,2026-27,UK,9.498763,gbp_bn,forecast,obr_databank,OBR-PFD-2026-09,sourced,"OBR databank 'Receipts (£bn)' column 'Inheritance tax' [ACCH]. Forecast: OBR Economic and fiscal outlook forecast published March 2026, as carried in the databank."
receipts.detail.obr_databank.inheritance_tax,2027-28,UK,11.202354,gbp_bn,forecast,obr_databank,OBR-PFD-2026-09,sourced,"OBR databank 'Receipts (£bn)' column 'Inheritance tax' [ACCH]. Forecast: OBR Economic and fiscal outlook forecast published March 2026, as carried in the databank."
receipts.detail.obr_databank.inheritance_tax,2028-29,UK,12.794627,gbp_bn,forecast,obr_databank,OBR-PFD-2026-09,sourced,"OBR databank 'Receipts (£bn)' column 'Inheritance tax' [ACCH]. Forecast: OBR Economic and fiscal outlook forecast published March 2026, as carried in the databank."
receipts.detail.obr_databank.inheritance_tax,2029-30,UK,13.749447,gbp_bn,forecast,obr_databank,OBR-PFD-2026-09,sourced,"OBR databank 'Receipts (£bn)' column 'Inheritance tax' [ACCH]. Forecast: OBR Economic and fiscal outlook forecast published March 2026, as carried in the databank."
receipts.detail.obr_databank.inheritance_tax,2030-31,UK,14.705954,gbp_bn,forecast,obr_databank,OBR-PFD-2026-09,sourced,"OBR databank 'Receipts (£bn)' column 'Inheritance tax' [ACCH]. Forecast: OBR Economic and fiscal outlook forecast published March 2026, as carried in the databank."
receipts.detail.obr_databank.insurance_premium_tax,2019-20,UK,6.48,gbp_bn,outturn,obr_databank,OBR-PFD-2026-09,sourced,OBR databank 'Receipts (£bn)' column 'Insurance premium tax' [CWAD].
receipts.detail.obr_databank.insurance_premium_tax,2020-21,UK,6.306,gbp_bn,outturn,obr_databank,OBR-PFD-2026-09,sourced,OBR databank 'Receipts (£bn)' column 'Insurance premium tax' [CWAD].
receipts.detail.obr_databank.insurance_premium_tax,2021-22,UK,6.792,gbp_bn,outturn,obr_databank,OBR-PFD-2026-09,sourced,OBR databank 'Receipts (£bn)' column 'Insurance premium tax' [CWAD].
receipts.detail.obr_databank.insurance_premium_tax,2022-23,UK,7.455,gbp_bn,outturn,obr_databank,OBR-PFD-2026-09,sourced,OBR databank 'Receipts (£bn)' column 'Insurance premium tax' [CWAD].
receipts.detail.obr_databank.insurance_premium_tax,2023-24,UK,8.382,gbp_bn,outturn,obr_databank,OBR-PFD-2026-09,sourced,OBR databank 'Receipts (£bn)' column 'Insurance premium tax' [CWAD].
receipts.detail.obr_databank.insurance_premium_tax,2024-25,UK,8.94,gbp_bn,outturn,obr_databank,OBR-PFD-2026-09,sourced,OBR databank 'Receipts (£bn)' column 'Insurance premium tax' [CWAD].
receipts.detail.obr_databank.insurance_premium_tax,2025-26,UK,9.039,gbp_bn,outturn,obr_databank,OBR-PFD-2026-09,sourced,OBR databank 'Receipts (£bn)' column 'Insurance premium tax' [CWAD].
receipts.detail.obr_databank.insurance_premium_tax,2026-27,UK,9.272048,gbp_bn,forecast,obr_databank,OBR-PFD-2026-09,sourced,"OBR databank 'Receipts (£bn)' column 'Insurance premium tax' [CWAD]. Forecast: OBR Economic and fiscal outlook forecast published March 2026, as carried in the databank."
receipts.detail.obr_databank.insurance_premium_tax,2027-28,UK,9.498216,gbp_bn,forecast,obr_databank,OBR-PFD-2026-09,sourced,"OBR databank 'Receipts (£bn)' column 'Insurance premium tax' [CWAD]. Forecast: OBR Economic and fiscal outlook forecast published March 2026, as carried in the databank."
receipts.detail.obr_databank.insurance_premium_tax,2028-29,UK,9.744238,gbp_bn,forecast,obr_databank,OBR-PFD-2026-09,sourced,"OBR databank 'Receipts (£bn)' column 'Insurance premium tax' [CWAD]. Forecast: OBR Economic and fiscal outlook forecast published March 2026, as carried in the databank."
receipts.detail.obr_databank.insurance_premium_tax,2029-30,UK,9.988819,gbp_bn,forecast,obr_databank,OBR-PFD-2026-09,sourced,"OBR databank 'Receipts (£bn)' column 'Insurance premium tax' [CWAD]. Forecast: OBR Economic and fiscal outlook forecast published March 2026, as carried in the databank."
receipts.detail.obr_databank.insurance_premium_tax,2030-31,UK,10.202679,gbp_bn,forecast,obr_databank,OBR-PFD-2026-09,sourced,"OBR databank 'Receipts (£bn)' column 'Insurance premium tax' [CWAD]. Forecast: OBR Economic and fiscal outlook forecast published March 2026, as carried in the databank."
receipts.detail.obr_databank.licence_fee_receipts,2019-20,UK,3.259,gbp_bn,outturn,obr_databank,OBR-PFD-2026-09,sourced,OBR databank 'Receipts (£bn)' column 'Licence fee receipts' [DH7A].
receipts.detail.obr_databank.licence_fee_receipts,2020-21,UK,3.667,gbp_bn,outturn,obr_databank,OBR-PFD-2026-09,sourced,OBR databank 'Receipts (£bn)' column 'Licence fee receipts' [DH7A].
receipts.detail.obr_databank.licence_fee_receipts,2021-22,UK,3.832,gbp_bn,outturn,obr_databank,OBR-PFD-2026-09,sourced,OBR databank 'Receipts (£bn)' column 'Licence fee receipts' [DH7A].
receipts.detail.obr_databank.licence_fee_receipts,2022-23,UK,3.749,gbp_bn,outturn,obr_databank,OBR-PFD-2026-09,sourced,OBR databank 'Receipts (£bn)' column 'Licence fee receipts' [DH7A].
receipts.detail.obr_databank.licence_fee_receipts,2023-24,UK,3.666,gbp_bn,outturn,obr_databank,OBR-PFD-2026-09,sourced,OBR databank 'Receipts (£bn)' column 'Licence fee receipts' [DH7A].
receipts.detail.obr_databank.licence_fee_receipts,2024-25,UK,3.819,gbp_bn,outturn,obr_databank,OBR-PFD-2026-09,sourced,OBR databank 'Receipts (£bn)' column 'Licence fee receipts' [DH7A].
receipts.detail.obr_databank.licence_fee_receipts,2025-26,UK,3.91,gbp_bn,outturn,obr_databank,OBR-PFD-2026-09,sourced,OBR databank 'Receipts (£bn)' column 'Licence fee receipts' [DH7A].
receipts.detail.obr_databank.licence_fee_receipts,2026-27,UK,3.951,gbp_bn,forecast,obr_databank,OBR-PFD-2026-09,sourced,"OBR databank 'Receipts (£bn)' column 'Licence fee receipts' [DH7A]. Forecast: OBR Economic and fiscal outlook forecast published March 2026, as carried in the databank."
receipts.detail.obr_databank.licence_fee_receipts,2027-28,UK,3.982,gbp_bn,forecast,obr_databank,OBR-PFD-2026-09,sourced,"OBR databank 'Receipts (£bn)' column 'Licence fee receipts' [DH7A]. Forecast: OBR Economic and fiscal outlook forecast published March 2026, as carried in the databank."
receipts.detail.obr_databank.licence_fee_receipts,2028-29,UK,3.982,gbp_bn,forecast,obr_databank,OBR-PFD-2026-09,sourced,"OBR databank 'Receipts (£bn)' column 'Licence fee receipts' [DH7A]. Forecast: OBR Economic and fiscal outlook forecast published March 2026, as carried in the databank."
receipts.detail.obr_databank.licence_fee_receipts,2029-30,UK,3.982,gbp_bn,forecast,obr_databank,OBR-PFD-2026-09,sourced,"OBR databank 'Receipts (£bn)' column 'Licence fee receipts' [DH7A]. Forecast: OBR Economic and fiscal outlook forecast published March 2026, as carried in the databank."
receipts.detail.obr_databank.licence_fee_receipts,2030-31,UK,4.054032,gbp_bn,forecast,obr_databank,OBR-PFD-2026-09,sourced,"OBR databank 'Receipts (£bn)' column 'Licence fee receipts' [DH7A]. Forecast: OBR Economic and fiscal outlook forecast published March 2026, as carried in the databank."
receipts.detail.obr_databank.national_accounts_taxes,2019-20,UK,745.235,gbp_bn,outturn,obr_databank,OBR-PFD-2026-09,sourced,OBR databank 'Receipts (£bn)' column 'National accounts taxes' [GCSU].
receipts.detail.obr_databank.national_accounts_taxes,2020-21,UK,713.169,gbp_bn,outturn,obr_databank,OBR-PFD-2026-09,sourced,OBR databank 'Receipts (£bn)' column 'National accounts taxes' [GCSU].
receipts.detail.obr_databank.national_accounts_taxes,2021-22,UK,833.833,gbp_bn,outturn,obr_databank,OBR-PFD-2026-09,sourced,OBR databank 'Receipts (£bn)' column 'National accounts taxes' [GCSU].
receipts.detail.obr_databank.national_accounts_taxes,2022-23,UK,928.975,gbp_bn,outturn,obr_databank,OBR-PFD-2026-09,sourced,OBR databank 'Receipts (£bn)' column 'National accounts taxes' [GCSU].
receipts.detail.obr_databank.national_accounts_taxes,2023-24,UK,976.08,gbp_bn,outturn,obr_databank,OBR-PFD-2026-09,sourced,OBR databank 'Receipts (£bn)' column 'National accounts taxes' [GCSU].
receipts.detail.obr_databank.national_accounts_taxes,2024-25,UK,1014.849,gbp_bn,outturn,obr_databank,OBR-PFD-2026-09,sourced,OBR databank 'Receipts (£bn)' column 'National accounts taxes' [GCSU].
receipts.detail.obr_databank.national_accounts_taxes,2025-26,UK,1104.686,gbp_bn,outturn,obr_databank,OBR-PFD-2026-09,sourced,OBR databank 'Receipts (£bn)' column 'National accounts taxes' [GCSU].
receipts.detail.obr_databank.national_accounts_taxes,2026-27,UK,1170.575876,gbp_bn,forecast,obr_databank,OBR-PFD-2026-09,sourced,"OBR databank 'Receipts (£bn)' column 'National accounts taxes' [GCSU]. Forecast: OBR Economic and fiscal outlook forecast published March 2026, as carried in the databank."
receipts.detail.obr_databank.national_accounts_taxes,2027-28,UK,1236.16005,gbp_bn,forecast,obr_databank,OBR-PFD-2026-09,sourced,"OBR databank 'Receipts (£bn)' column 'National accounts taxes' [GCSU]. Forecast: OBR Economic and fiscal outlook forecast published March 2026, as carried in the databank."
receipts.detail.obr_databank.national_accounts_taxes,2028-29,UK,1283.286095,gbp_bn,forecast,obr_databank,OBR-PFD-2026-09,sourced,"OBR databank 'Receipts (£bn)' column 'National accounts taxes' [GCSU]. Forecast: OBR Economic and fiscal outlook forecast published March 2026, as carried in the databank."
receipts.detail.obr_databank.national_accounts_taxes,2029-30,UK,1342.686924,gbp_bn,forecast,obr_databank,OBR-PFD-2026-09,sourced,"OBR databank 'Receipts (£bn)' column 'National accounts taxes' [GCSU]. Forecast: OBR Economic and fiscal outlook forecast published March 2026, as carried in the databank."
receipts.detail.obr_databank.national_accounts_taxes,2030-31,UK,1396.890867,gbp_bn,forecast,obr_databank,OBR-PFD-2026-09,sourced,"OBR databank 'Receipts (£bn)' column 'National accounts taxes' [GCSU]. Forecast: OBR Economic and fiscal outlook forecast published March 2026, as carried in the databank."
receipts.detail.obr_databank.national_insurance_contributions,2019-20,UK,143.674,gbp_bn,outturn,obr_databank,OBR-PFD-2026-09,sourced,OBR databank 'Receipts (£bn)' column 'National insurance contributions (NICs)' [AIIH].
receipts.detail.obr_databank.national_insurance_contributions,2020-21,UK,144.213,gbp_bn,outturn,obr_databank,OBR-PFD-2026-09,sourced,OBR databank 'Receipts (£bn)' column 'National insurance contributions (NICs)' [AIIH].
receipts.detail.obr_databank.national_insurance_contributions,2021-22,UK,160.846,gbp_bn,outturn,obr_databank,OBR-PFD-2026-09,sourced,OBR databank 'Receipts (£bn)' column 'National insurance contributions (NICs)' [AIIH].
receipts.detail.obr_databank.national_insurance_contributions,2022-23,UK,179.368,gbp_bn,outturn,obr_databank,OBR-PFD-2026-09,sourced,OBR databank 'Receipts (£bn)' column 'National insurance contributions (NICs)' [AIIH].
receipts.detail.obr_databank.national_insurance_contributions,2023-24,UK,179.081,gbp_bn,outturn,obr_databank,OBR-PFD-2026-09,sourced,OBR databank 'Receipts (£bn)' column 'National insurance contributions (NICs)' [AIIH].
receipts.detail.obr_databank.national_insurance_contributions,2024-25,UK,171.402,gbp_bn,outturn,obr_databank,OBR-PFD-2026-09,sourced,OBR databank 'Receipts (£bn)' column 'National insurance contributions (NICs)' [AIIH].
receipts.detail.obr_databank.national_insurance_contributions,2025-26,UK,204.429,gbp_bn,outturn,obr_databank,OBR-PFD-2026-09,sourced,OBR databank 'Receipts (£bn)' column 'National insurance contributions (NICs)' [AIIH].
receipts.detail.obr_databank.national_insurance_contributions,2026-27,UK,211.594392,gbp_bn,forecast,obr_databank,OBR-PFD-2026-09,sourced,"OBR databank 'Receipts (£bn)' column 'National insurance contributions (NICs)' [AIIH]. Forecast: OBR Economic and fiscal outlook forecast published March 2026, as carried in the databank."
receipts.detail.obr_databank.national_insurance_contributions,2027-28,UK,218.890531,gbp_bn,forecast,obr_databank,OBR-PFD-2026-09,sourced,"OBR databank 'Receipts (£bn)' column 'National insurance contributions (NICs)' [AIIH]. Forecast: OBR Economic and fiscal outlook forecast published March 2026, as carried in the databank."
receipts.detail.obr_databank.national_insurance_contributions,2028-29,UK,226.535135,gbp_bn,forecast,obr_databank,OBR-PFD-2026-09,sourced,"OBR databank 'Receipts (£bn)' column 'National insurance contributions (NICs)' [AIIH]. Forecast: OBR Economic and fiscal outlook forecast published March 2026, as carried in the databank."
receipts.detail.obr_databank.national_insurance_contributions,2029-30,UK,237.604716,gbp_bn,forecast,obr_databank,OBR-PFD-2026-09,sourced,"OBR databank 'Receipts (£bn)' column 'National insurance contributions (NICs)' [AIIH]. Forecast: OBR Economic and fiscal outlook forecast published March 2026, as carried in the databank."
receipts.detail.obr_databank.national_insurance_contributions,2030-31,UK,245.753674,gbp_bn,forecast,obr_databank,OBR-PFD-2026-09,sourced,"OBR databank 'Receipts (£bn)' column 'National insurance contributions (NICs)' [AIIH]. Forecast: OBR Economic and fiscal outlook forecast published March 2026, as carried in the databank."
receipts.detail.obr_databank.offshore_corporation_tax,2019-20,UK,0.984,gbp_bn,outturn,obr_databank,OBR-PFD-2026-09,sourced,OBR databank 'Receipts (£bn)' column 'Offshore corporation tax' [CPSB].
receipts.detail.obr_databank.offshore_corporation_tax,2020-21,UK,0.691,gbp_bn,outturn,obr_databank,OBR-PFD-2026-09,sourced,OBR databank 'Receipts (£bn)' column 'Offshore corporation tax' [CPSB].
receipts.detail.obr_databank.offshore_corporation_tax,2021-22,UK,3.142,gbp_bn,outturn,obr_databank,OBR-PFD-2026-09,sourced,OBR databank 'Receipts (£bn)' column 'Offshore corporation tax' [CPSB].
receipts.detail.obr_databank.offshore_corporation_tax,2022-23,UK,5.834,gbp_bn,outturn,obr_databank,OBR-PFD-2026-09,sourced,OBR databank 'Receipts (£bn)' column 'Offshore corporation tax' [CPSB].
receipts.detail.obr_databank.offshore_corporation_tax,2023-24,UK,2.685,gbp_bn,outturn,obr_databank,OBR-PFD-2026-09,sourced,OBR databank 'Receipts (£bn)' column 'Offshore corporation tax' [CPSB].
receipts.detail.obr_databank.offshore_corporation_tax,2024-25,UK,2.233,gbp_bn,outturn,obr_databank,OBR-PFD-2026-09,sourced,OBR databank 'Receipts (£bn)' column 'Offshore corporation tax' [CPSB].
receipts.detail.obr_databank.offshore_corporation_tax,2025-26,UK,1.794,gbp_bn,outturn,obr_databank,OBR-PFD-2026-09,sourced,OBR databank 'Receipts (£bn)' column 'Offshore corporation tax' [CPSB].
receipts.detail.obr_databank.offshore_corporation_tax,2026-27,UK,1.031045,gbp_bn,forecast,obr_databank,OBR-PFD-2026-09,sourced,"OBR databank 'Receipts (£bn)' column 'Offshore corporation tax' [CPSB]. Forecast: OBR Economic and fiscal outlook forecast published March 2026, as carried in the databank."
receipts.detail.obr_databank.offshore_corporation_tax,2027-28,UK,0.569195,gbp_bn,forecast,obr_databank,OBR-PFD-2026-09,sourced,"OBR databank 'Receipts (£bn)' column 'Offshore corporation tax' [CPSB]. Forecast: OBR Economic and fiscal outlook forecast published March 2026, as carried in the databank."
receipts.detail.obr_databank.offshore_corporation_tax,2028-29,UK,0.318585,gbp_bn,forecast,obr_databank,OBR-PFD-2026-09,sourced,"OBR databank 'Receipts (£bn)' column 'Offshore corporation tax' [CPSB]. Forecast: OBR Economic and fiscal outlook forecast published March 2026, as carried in the databank."
receipts.detail.obr_databank.offshore_corporation_tax,2029-30,UK,0.183771,gbp_bn,forecast,obr_databank,OBR-PFD-2026-09,sourced,"OBR databank 'Receipts (£bn)' column 'Offshore corporation tax' [CPSB]. Forecast: OBR Economic and fiscal outlook forecast published March 2026, as carried in the databank."
receipts.detail.obr_databank.offshore_corporation_tax,2030-31,UK,0.15867,gbp_bn,forecast,obr_databank,OBR-PFD-2026-09,sourced,"OBR databank 'Receipts (£bn)' column 'Offshore corporation tax' [CPSB]. Forecast: OBR Economic and fiscal outlook forecast published March 2026, as carried in the databank."
receipts.detail.obr_databank.onshore_corporation_tax,2019-20,UK,50.148,gbp_bn,outturn,obr_databank,OBR-PFD-2026-09,sourced,OBR databank 'Receipts (£bn)' column 'Onshore corporation tax (includes Bank Surcharge and EGL)3' [CPSC].
receipts.detail.obr_databank.onshore_corporation_tax,2020-21,UK,54.36,gbp_bn,outturn,obr_databank,OBR-PFD-2026-09,sourced,OBR databank 'Receipts (£bn)' column 'Onshore corporation tax (includes Bank Surcharge and EGL)3' [CPSC].
receipts.detail.obr_databank.onshore_corporation_tax,2021-22,UK,68.699,gbp_bn,outturn,obr_databank,OBR-PFD-2026-09,sourced,OBR databank 'Receipts (£bn)' column 'Onshore corporation tax (includes Bank Surcharge and EGL)3' [CPSC].
receipts.detail.obr_databank.onshore_corporation_tax,2022-23,UK,74.784,gbp_bn,outturn,obr_databank,OBR-PFD-2026-09,sourced,OBR databank 'Receipts (£bn)' column 'Onshore corporation tax (includes Bank Surcharge and EGL)3' [CPSC].
receipts.detail.obr_databank.onshore_corporation_tax,2023-24,UK,89.503,gbp_bn,outturn,obr_databank,OBR-PFD-2026-09,sourced,OBR databank 'Receipts (£bn)' column 'Onshore corporation tax (includes Bank Surcharge and EGL)3' [CPSC].
receipts.detail.obr_databank.onshore_corporation_tax,2024-25,UK,92.672,gbp_bn,outturn,obr_databank,OBR-PFD-2026-09,sourced,OBR databank 'Receipts (£bn)' column 'Onshore corporation tax (includes Bank Surcharge and EGL)3' [CPSC].
receipts.detail.obr_databank.onshore_corporation_tax,2025-26,UK,97.798,gbp_bn,outturn,obr_databank,OBR-PFD-2026-09,sourced,OBR databank 'Receipts (£bn)' column 'Onshore corporation tax (includes Bank Surcharge and EGL)3' [CPSC].
receipts.detail.obr_databank.onshore_corporation_tax,2026-27,UK,102.667613,gbp_bn,forecast,obr_databank,OBR-PFD-2026-09,sourced,"OBR databank 'Receipts (£bn)' column 'Onshore corporation tax (includes Bank Surcharge and EGL)3' [CPSC]. Forecast: OBR Economic and fiscal outlook forecast published March 2026, as carried in the databank."
receipts.detail.obr_databank.onshore_corporation_tax,2027-28,UK,109.838462,gbp_bn,forecast,obr_databank,OBR-PFD-2026-09,sourced,"OBR databank 'Receipts (£bn)' column 'Onshore corporation tax (includes Bank Surcharge and EGL)3' [CPSC]. Forecast: OBR Economic and fiscal outlook forecast published March 2026, as carried in the databank."
receipts.detail.obr_databank.onshore_corporation_tax,2028-29,UK,114.502848,gbp_bn,forecast,obr_databank,OBR-PFD-2026-09,sourced,"OBR databank 'Receipts (£bn)' column 'Onshore corporation tax (includes Bank Surcharge and EGL)3' [CPSC]. Forecast: OBR Economic and fiscal outlook forecast published March 2026, as carried in the databank."
receipts.detail.obr_databank.onshore_corporation_tax,2029-30,UK,119.015348,gbp_bn,forecast,obr_databank,OBR-PFD-2026-09,sourced,"OBR databank 'Receipts (£bn)' column 'Onshore corporation tax (includes Bank Surcharge and EGL)3' [CPSC]. Forecast: OBR Economic and fiscal outlook forecast published March 2026, as carried in the databank."
receipts.detail.obr_databank.onshore_corporation_tax,2030-31,UK,124.49968,gbp_bn,forecast,obr_databank,OBR-PFD-2026-09,sourced,"OBR databank 'Receipts (£bn)' column 'Onshore corporation tax (includes Bank Surcharge and EGL)3' [CPSC]. Forecast: OBR Economic and fiscal outlook forecast published March 2026, as carried in the databank."
receipts.detail.obr_databank.other_income_tax,2019-20,UK,-3.676,gbp_bn,outturn,obr_databank,OBR-PFD-2026-09,sourced,OBR databank 'Receipts (£bn)' column 'Other income tax' [MF6X].
receipts.detail.obr_databank.other_income_tax,2020-21,UK,-4.16,gbp_bn,outturn,obr_databank,OBR-PFD-2026-09,sourced,OBR databank 'Receipts (£bn)' column 'Other income tax' [MF6X].
receipts.detail.obr_databank.other_income_tax,2021-22,UK,-4.803,gbp_bn,outturn,obr_databank,OBR-PFD-2026-09,sourced,OBR databank 'Receipts (£bn)' column 'Other income tax' [MF6X].
receipts.detail.obr_databank.other_income_tax,2022-23,UK,-5.766,gbp_bn,outturn,obr_databank,OBR-PFD-2026-09,sourced,OBR databank 'Receipts (£bn)' column 'Other income tax' [MF6X].
receipts.detail.obr_databank.other_income_tax,2023-24,UK,-4.227,gbp_bn,outturn,obr_databank,OBR-PFD-2026-09,sourced,OBR databank 'Receipts (£bn)' column 'Other income tax' [MF6X].
receipts.detail.obr_databank.other_income_tax,2024-25,UK,-4.391,gbp_bn,outturn,obr_databank,OBR-PFD-2026-09,sourced,OBR databank 'Receipts (£bn)' column 'Other income tax' [MF6X].
receipts.detail.obr_databank.other_income_tax,2025-26,UK,-5.246,gbp_bn,outturn,obr_databank,OBR-PFD-2026-09,sourced,OBR databank 'Receipts (£bn)' column 'Other income tax' [MF6X].
receipts.detail.obr_databank.other_income_tax,2026-27,UK,-1.046911,gbp_bn,forecast,obr_databank,OBR-PFD-2026-09,sourced,"OBR databank 'Receipts (£bn)' column 'Other income tax' [MF6X]. Forecast: OBR Economic and fiscal outlook forecast published March 2026, as carried in the databank."
receipts.detail.obr_databank.other_income_tax,2027-28,UK,3.355683,gbp_bn,forecast,obr_databank,OBR-PFD-2026-09,sourced,"OBR databank 'Receipts (£bn)' column 'Other income tax' [MF6X]. Forecast: OBR Economic and fiscal outlook forecast published March 2026, as carried in the databank."
receipts.detail.obr_databank.other_income_tax,2028-29,UK,-3.43024,gbp_bn,forecast,obr_databank,OBR-PFD-2026-09,sourced,"OBR databank 'Receipts (£bn)' column 'Other income tax' [MF6X]. Forecast: OBR Economic and fiscal outlook forecast published March 2026, as carried in the databank."
receipts.detail.obr_databank.other_income_tax,2029-30,UK,-6.011638,gbp_bn,forecast,obr_databank,OBR-PFD-2026-09,sourced,"OBR databank 'Receipts (£bn)' column 'Other income tax' [MF6X]. Forecast: OBR Economic and fiscal outlook forecast published March 2026, as carried in the databank."
receipts.detail.obr_databank.other_income_tax,2030-31,UK,-6.251357,gbp_bn,forecast,obr_databank,OBR-PFD-2026-09,sourced,"OBR databank 'Receipts (£bn)' column 'Other income tax' [MF6X]. Forecast: OBR Economic and fiscal outlook forecast published March 2026, as carried in the databank."
receipts.detail.obr_databank.other_public_sector_taxes_and_receipts,2019-20,UK,53.487,gbp_bn,outturn,obr_databank,OBR-PFD-2026-09,sourced,OBR databank 'Receipts (£bn)' column 'Other public sector taxes and receipts' [residual].
receipts.detail.obr_databank.other_public_sector_taxes_and_receipts,2020-21,UK,39.097,gbp_bn,outturn,obr_databank,OBR-PFD-2026-09,sourced,OBR databank 'Receipts (£bn)' column 'Other public sector taxes and receipts' [residual].
receipts.detail.obr_databank.other_public_sector_taxes_and_receipts,2021-22,UK,52.886,gbp_bn,outturn,obr_databank,OBR-PFD-2026-09,sourced,OBR databank 'Receipts (£bn)' column 'Other public sector taxes and receipts' [residual].
receipts.detail.obr_databank.other_public_sector_taxes_and_receipts,2022-23,UK,59.321,gbp_bn,outturn,obr_databank,OBR-PFD-2026-09,sourced,OBR databank 'Receipts (£bn)' column 'Other public sector taxes and receipts' [residual].
receipts.detail.obr_databank.other_public_sector_taxes_and_receipts,2023-24,UK,59.147,gbp_bn,outturn,obr_databank,OBR-PFD-2026-09,sourced,OBR databank 'Receipts (£bn)' column 'Other public sector taxes and receipts' [residual].
receipts.detail.obr_databank.other_public_sector_taxes_and_receipts,2024-25,UK,66.443,gbp_bn,outturn,obr_databank,OBR-PFD-2026-09,sourced,OBR databank 'Receipts (£bn)' column 'Other public sector taxes and receipts' [residual].
receipts.detail.obr_databank.other_public_sector_taxes_and_receipts,2025-26,UK,67.843,gbp_bn,outturn,obr_databank,OBR-PFD-2026-09,sourced,OBR databank 'Receipts (£bn)' column 'Other public sector taxes and receipts' [residual].
receipts.detail.obr_databank.other_public_sector_taxes_and_receipts,2026-27,UK,73.114566,gbp_bn,forecast,obr_databank,OBR-PFD-2026-09,sourced,"OBR databank 'Receipts (£bn)' column 'Other public sector taxes and receipts' [residual]. Forecast: OBR Economic and fiscal outlook forecast published March 2026, as carried in the databank."
receipts.detail.obr_databank.other_public_sector_taxes_and_receipts,2027-28,UK,75.414996,gbp_bn,forecast,obr_databank,OBR-PFD-2026-09,sourced,"OBR databank 'Receipts (£bn)' column 'Other public sector taxes and receipts' [residual]. Forecast: OBR Economic and fiscal outlook forecast published March 2026, as carried in the databank."
receipts.detail.obr_databank.other_public_sector_taxes_and_receipts,2028-29,UK,78.508043,gbp_bn,forecast,obr_databank,OBR-PFD-2026-09,sourced,"OBR databank 'Receipts (£bn)' column 'Other public sector taxes and receipts' [residual]. Forecast: OBR Economic and fiscal outlook forecast published March 2026, as carried in the databank."
receipts.detail.obr_databank.other_public_sector_taxes_and_receipts,2029-30,UK,83.317297,gbp_bn,forecast,obr_databank,OBR-PFD-2026-09,sourced,"OBR databank 'Receipts (£bn)' column 'Other public sector taxes and receipts' [residual]. Forecast: OBR Economic and fiscal outlook forecast published March 2026, as carried in the databank."
receipts.detail.obr_databank.other_public_sector_taxes_and_receipts,2030-31,UK,84.554969,gbp_bn,forecast,obr_databank,OBR-PFD-2026-09,sourced,"OBR databank 'Receipts (£bn)' column 'Other public sector taxes and receipts' [residual]. Forecast: OBR Economic and fiscal outlook forecast published March 2026, as carried in the databank."
receipts.detail.obr_databank.pay_as_your_earn_income_tax,2019-20,UK,164.204,gbp_bn,outturn,obr_databank,OBR-PFD-2026-09,sourced,OBR databank 'Receipts (£bn)' column 'Pay as your earn (PAYE) income tax' [MS6W].
receipts.detail.obr_databank.pay_as_your_earn_income_tax,2020-21,UK,168.235,gbp_bn,outturn,obr_databank,OBR-PFD-2026-09,sourced,OBR databank 'Receipts (£bn)' column 'Pay as your earn (PAYE) income tax' [MS6W].
receipts.detail.obr_databank.pay_as_your_earn_income_tax,2021-22,UK,192.554,gbp_bn,outturn,obr_databank,OBR-PFD-2026-09,sourced,OBR databank 'Receipts (£bn)' column 'Pay as your earn (PAYE) income tax' [MS6W].
receipts.detail.obr_databank.pay_as_your_earn_income_tax,2022-23,UK,214.814,gbp_bn,outturn,obr_databank,OBR-PFD-2026-09,sourced,OBR databank 'Receipts (£bn)' column 'Pay as your earn (PAYE) income tax' [MS6W].
receipts.detail.obr_databank.pay_as_your_earn_income_tax,2023-24,UK,238.968,gbp_bn,outturn,obr_databank,OBR-PFD-2026-09,sourced,OBR databank 'Receipts (£bn)' column 'Pay as your earn (PAYE) income tax' [MS6W].
receipts.detail.obr_databank.pay_as_your_earn_income_tax,2024-25,UK,262.131,gbp_bn,outturn,obr_databank,OBR-PFD-2026-09,sourced,OBR databank 'Receipts (£bn)' column 'Pay as your earn (PAYE) income tax' [MS6W].
receipts.detail.obr_databank.pay_as_your_earn_income_tax,2025-26,UK,280.513,gbp_bn,outturn,obr_databank,OBR-PFD-2026-09,sourced,OBR databank 'Receipts (£bn)' column 'Pay as your earn (PAYE) income tax' [MS6W].
receipts.detail.obr_databank.pay_as_your_earn_income_tax,2026-27,UK,296.293048,gbp_bn,forecast,obr_databank,OBR-PFD-2026-09,sourced,"OBR databank 'Receipts (£bn)' column 'Pay as your earn (PAYE) income tax' [MS6W]. Forecast: OBR Economic and fiscal outlook forecast published March 2026, as carried in the databank."
receipts.detail.obr_databank.pay_as_your_earn_income_tax,2027-28,UK,310.190059,gbp_bn,forecast,obr_databank,OBR-PFD-2026-09,sourced,"OBR databank 'Receipts (£bn)' column 'Pay as your earn (PAYE) income tax' [MS6W]. Forecast: OBR Economic and fiscal outlook forecast published March 2026, as carried in the databank."
receipts.detail.obr_databank.pay_as_your_earn_income_tax,2028-29,UK,324.308954,gbp_bn,forecast,obr_databank,OBR-PFD-2026-09,sourced,"OBR databank 'Receipts (£bn)' column 'Pay as your earn (PAYE) income tax' [MS6W]. Forecast: OBR Economic and fiscal outlook forecast published March 2026, as carried in the databank."
receipts.detail.obr_databank.pay_as_your_earn_income_tax,2029-30,UK,343.512078,gbp_bn,forecast,obr_databank,OBR-PFD-2026-09,sourced,"OBR databank 'Receipts (£bn)' column 'Pay as your earn (PAYE) income tax' [MS6W]. Forecast: OBR Economic and fiscal outlook forecast published March 2026, as carried in the databank."
receipts.detail.obr_databank.pay_as_your_earn_income_tax,2030-31,UK,360.116653,gbp_bn,forecast,obr_databank,OBR-PFD-2026-09,sourced,"OBR databank 'Receipts (£bn)' column 'Pay as your earn (PAYE) income tax' [MS6W]. Forecast: OBR Economic and fiscal outlook forecast published March 2026, as carried in the databank."
receipts.detail.obr_databank.petroleum_revenue_tax,2019-20,UK,-0.409,gbp_bn,outturn,obr_databank,OBR-PFD-2026-09,sourced,OBR databank 'Receipts (£bn)' column 'Petroleum revenue tax' [ACCJ].
receipts.detail.obr_databank.petroleum_revenue_tax,2020-21,UK,-0.241,gbp_bn,outturn,obr_databank,OBR-PFD-2026-09,sourced,OBR databank 'Receipts (£bn)' column 'Petroleum revenue tax' [ACCJ].
receipts.detail.obr_databank.petroleum_revenue_tax,2021-22,UK,-0.552,gbp_bn,outturn,obr_databank,OBR-PFD-2026-09,sourced,OBR databank 'Receipts (£bn)' column 'Petroleum revenue tax' [ACCJ].
receipts.detail.obr_databank.petroleum_revenue_tax,2022-23,UK,-0.234,gbp_bn,outturn,obr_databank,OBR-PFD-2026-09,sourced,OBR databank 'Receipts (£bn)' column 'Petroleum revenue tax' [ACCJ].
receipts.detail.obr_databank.petroleum_revenue_tax,2023-24,UK,-0.427,gbp_bn,outturn,obr_databank,OBR-PFD-2026-09,sourced,OBR databank 'Receipts (£bn)' column 'Petroleum revenue tax' [ACCJ].
receipts.detail.obr_databank.petroleum_revenue_tax,2024-25,UK,-0.35,gbp_bn,outturn,obr_databank,OBR-PFD-2026-09,sourced,OBR databank 'Receipts (£bn)' column 'Petroleum revenue tax' [ACCJ].
receipts.detail.obr_databank.petroleum_revenue_tax,2025-26,UK,-0.443,gbp_bn,outturn,obr_databank,OBR-PFD-2026-09,sourced,OBR databank 'Receipts (£bn)' column 'Petroleum revenue tax' [ACCJ].
receipts.detail.obr_databank.petroleum_revenue_tax,2026-27,UK,-0.190113,gbp_bn,forecast,obr_databank,OBR-PFD-2026-09,sourced,"OBR databank 'Receipts (£bn)' column 'Petroleum revenue tax' [ACCJ]. Forecast: OBR Economic and fiscal outlook forecast published March 2026, as carried in the databank."
receipts.detail.obr_databank.petroleum_revenue_tax,2027-28,UK,-0.173867,gbp_bn,forecast,obr_databank,OBR-PFD-2026-09,sourced,"OBR databank 'Receipts (£bn)' column 'Petroleum revenue tax' [ACCJ]. Forecast: OBR Economic and fiscal outlook forecast published March 2026, as carried in the databank."
receipts.detail.obr_databank.petroleum_revenue_tax,2028-29,UK,-0.130897,gbp_bn,forecast,obr_databank,OBR-PFD-2026-09,sourced,"OBR databank 'Receipts (£bn)' column 'Petroleum revenue tax' [ACCJ]. Forecast: OBR Economic and fiscal outlook forecast published March 2026, as carried in the databank."
receipts.detail.obr_databank.petroleum_revenue_tax,2029-30,UK,-0.071717,gbp_bn,forecast,obr_databank,OBR-PFD-2026-09,sourced,"OBR databank 'Receipts (£bn)' column 'Petroleum revenue tax' [ACCJ]. Forecast: OBR Economic and fiscal outlook forecast published March 2026, as carried in the databank."
receipts.detail.obr_databank.petroleum_revenue_tax,2030-31,UK,-0.089816,gbp_bn,forecast,obr_databank,OBR-PFD-2026-09,sourced,"OBR databank 'Receipts (£bn)' column 'Petroleum revenue tax' [ACCJ]. Forecast: OBR Economic and fiscal outlook forecast published March 2026, as carried in the databank."
receipts.detail.obr_databank.public_sector_current_receipts,2019-20,UK,828.075,gbp_bn,outturn,obr_databank,OBR-PFD-2026-09,sourced,OBR databank 'Receipts (£bn)' column 'Public sector current receipts' [JW2O].
receipts.detail.obr_databank.public_sector_current_receipts,2020-21,UK,792.959,gbp_bn,outturn,obr_databank,OBR-PFD-2026-09,sourced,OBR databank 'Receipts (£bn)' column 'Public sector current receipts' [JW2O].
receipts.detail.obr_databank.public_sector_current_receipts,2021-22,UK,922.217,gbp_bn,outturn,obr_databank,OBR-PFD-2026-09,sourced,OBR databank 'Receipts (£bn)' column 'Public sector current receipts' [JW2O].
receipts.detail.obr_databank.public_sector_current_receipts,2022-23,UK,1034.576,gbp_bn,outturn,obr_databank,OBR-PFD-2026-09,sourced,OBR databank 'Receipts (£bn)' column 'Public sector current receipts' [JW2O].
receipts.detail.obr_databank.public_sector_current_receipts,2023-24,UK,1096.559,gbp_bn,outturn,obr_databank,OBR-PFD-2026-09,sourced,OBR databank 'Receipts (£bn)' column 'Public sector current receipts' [JW2O].
receipts.detail.obr_databank.public_sector_current_receipts,2024-25,UK,1140.579,gbp_bn,outturn,obr_databank,OBR-PFD-2026-09,sourced,OBR databank 'Receipts (£bn)' column 'Public sector current receipts' [JW2O].
receipts.detail.obr_databank.public_sector_current_receipts,2025-26,UK,1231.312,gbp_bn,outturn,obr_databank,OBR-PFD-2026-09,sourced,OBR databank 'Receipts (£bn)' column 'Public sector current receipts' [JW2O].
receipts.detail.obr_databank.public_sector_current_receipts,2026-27,UK,1303.793452,gbp_bn,forecast,obr_databank,OBR-PFD-2026-09,sourced,"OBR databank 'Receipts (£bn)' column 'Public sector current receipts' [JW2O]. Forecast: OBR Economic and fiscal outlook forecast published March 2026, as carried in the databank."
receipts.detail.obr_databank.public_sector_current_receipts,2027-28,UK,1375.407548,gbp_bn,forecast,obr_databank,OBR-PFD-2026-09,sourced,"OBR databank 'Receipts (£bn)' column 'Public sector current receipts' [JW2O]. Forecast: OBR Economic and fiscal outlook forecast published March 2026, as carried in the databank."
receipts.detail.obr_databank.public_sector_current_receipts,2028-29,UK,1427.437605,gbp_bn,forecast,obr_databank,OBR-PFD-2026-09,sourced,"OBR databank 'Receipts (£bn)' column 'Public sector current receipts' [JW2O]. Forecast: OBR Economic and fiscal outlook forecast published March 2026, as carried in the databank."
receipts.detail.obr_databank.public_sector_current_receipts,2029-30,UK,1491.944415,gbp_bn,forecast,obr_databank,OBR-PFD-2026-09,sourced,"OBR databank 'Receipts (£bn)' column 'Public sector current receipts' [JW2O]. Forecast: OBR Economic and fiscal outlook forecast published March 2026, as carried in the databank."
receipts.detail.obr_databank.public_sector_current_receipts,2030-31,UK,1551.484554,gbp_bn,forecast,obr_databank,OBR-PFD-2026-09,sourced,"OBR databank 'Receipts (£bn)' column 'Public sector current receipts' [JW2O]. Forecast: OBR Economic and fiscal outlook forecast published March 2026, as carried in the databank."
receipts.detail.obr_databank.public_sector_gross_operating_surplus,2019-20,UK,57.995,gbp_bn,outturn,obr_databank,OBR-PFD-2026-09,sourced,OBR databank 'Receipts (£bn)' column 'Public sector gross operating surplus (GOS)' [JW2K].
receipts.detail.obr_databank.public_sector_gross_operating_surplus,2020-21,UK,58.704,gbp_bn,outturn,obr_databank,OBR-PFD-2026-09,sourced,OBR databank 'Receipts (£bn)' column 'Public sector gross operating surplus (GOS)' [JW2K].
receipts.detail.obr_databank.public_sector_gross_operating_surplus,2021-22,UK,60.763,gbp_bn,outturn,obr_databank,OBR-PFD-2026-09,sourced,OBR databank 'Receipts (£bn)' column 'Public sector gross operating surplus (GOS)' [JW2K].
receipts.detail.obr_databank.public_sector_gross_operating_surplus,2022-23,UK,69.037,gbp_bn,outturn,obr_databank,OBR-PFD-2026-09,sourced,OBR databank 'Receipts (£bn)' column 'Public sector gross operating surplus (GOS)' [JW2K].
receipts.detail.obr_databank.public_sector_gross_operating_surplus,2023-24,UK,74.662,gbp_bn,outturn,obr_databank,OBR-PFD-2026-09,sourced,OBR databank 'Receipts (£bn)' column 'Public sector gross operating surplus (GOS)' [JW2K].
receipts.detail.obr_databank.public_sector_gross_operating_surplus,2024-25,UK,77.87,gbp_bn,outturn,obr_databank,OBR-PFD-2026-09,sourced,OBR databank 'Receipts (£bn)' column 'Public sector gross operating surplus (GOS)' [JW2K].
receipts.detail.obr_databank.public_sector_gross_operating_surplus,2025-26,UK,82.91,gbp_bn,outturn,obr_databank,OBR-PFD-2026-09,sourced,OBR databank 'Receipts (£bn)' column 'Public sector gross operating surplus (GOS)' [JW2K].
receipts.detail.obr_databank.public_sector_gross_operating_surplus,2026-27,UK,87.328444,gbp_bn,forecast,obr_databank,OBR-PFD-2026-09,sourced,"OBR databank 'Receipts (£bn)' column 'Public sector gross operating surplus (GOS)' [JW2K]. Forecast: OBR Economic and fiscal outlook forecast published March 2026, as carried in the databank."
receipts.detail.obr_databank.public_sector_gross_operating_surplus,2027-28,UK,90.73703,gbp_bn,forecast,obr_databank,OBR-PFD-2026-09,sourced,"OBR databank 'Receipts (£bn)' column 'Public sector gross operating surplus (GOS)' [JW2K]. Forecast: OBR Economic and fiscal outlook forecast published March 2026, as carried in the databank."
receipts.detail.obr_databank.public_sector_gross_operating_surplus,2028-29,UK,93.960475,gbp_bn,forecast,obr_databank,OBR-PFD-2026-09,sourced,"OBR databank 'Receipts (£bn)' column 'Public sector gross operating surplus (GOS)' [JW2K]. Forecast: OBR Economic and fiscal outlook forecast published March 2026, as carried in the databank."
receipts.detail.obr_databank.public_sector_gross_operating_surplus,2029-30,UK,96.866296,gbp_bn,forecast,obr_databank,OBR-PFD-2026-09,sourced,"OBR databank 'Receipts (£bn)' column 'Public sector gross operating surplus (GOS)' [JW2K]. Forecast: OBR Economic and fiscal outlook forecast published March 2026, as carried in the databank."
receipts.detail.obr_databank.public_sector_gross_operating_surplus,2030-31,UK,100.023695,gbp_bn,forecast,obr_databank,OBR-PFD-2026-09,sourced,"OBR databank 'Receipts (£bn)' column 'Public sector gross operating surplus (GOS)' [JW2K]. Forecast: OBR Economic and fiscal outlook forecast published March 2026, as carried in the databank."
receipts.detail.obr_databank.public_sector_interest_and_dividend_receipts,2019-20,UK,24.262,gbp_bn,outturn,obr_databank,OBR-PFD-2026-09,sourced,OBR databank 'Receipts (£bn)' column 'Public sector interest and dividend receipts' [JW2L+JW2M].
receipts.detail.obr_databank.public_sector_interest_and_dividend_receipts,2020-21,UK,20.938,gbp_bn,outturn,obr_databank,OBR-PFD-2026-09,sourced,OBR databank 'Receipts (£bn)' column 'Public sector interest and dividend receipts' [JW2L+JW2M].
receipts.detail.obr_databank.public_sector_interest_and_dividend_receipts,2021-22,UK,24.203,gbp_bn,outturn,obr_databank,OBR-PFD-2026-09,sourced,OBR databank 'Receipts (£bn)' column 'Public sector interest and dividend receipts' [JW2L+JW2M].
receipts.detail.obr_databank.public_sector_interest_and_dividend_receipts,2022-23,UK,33.636,gbp_bn,outturn,obr_databank,OBR-PFD-2026-09,sourced,OBR databank 'Receipts (£bn)' column 'Public sector interest and dividend receipts' [JW2L+JW2M].
receipts.detail.obr_databank.public_sector_interest_and_dividend_receipts,2023-24,UK,43.253,gbp_bn,outturn,obr_databank,OBR-PFD-2026-09,sourced,OBR databank 'Receipts (£bn)' column 'Public sector interest and dividend receipts' [JW2L+JW2M].
receipts.detail.obr_databank.public_sector_interest_and_dividend_receipts,2024-25,UK,43.105,gbp_bn,outturn,obr_databank,OBR-PFD-2026-09,sourced,OBR databank 'Receipts (£bn)' column 'Public sector interest and dividend receipts' [JW2L+JW2M].
receipts.detail.obr_databank.public_sector_interest_and_dividend_receipts,2025-26,UK,40.646,gbp_bn,outturn,obr_databank,OBR-PFD-2026-09,sourced,OBR databank 'Receipts (£bn)' column 'Public sector interest and dividend receipts' [JW2L+JW2M].
receipts.detail.obr_databank.public_sector_interest_and_dividend_receipts,2026-27,UK,42.847671,gbp_bn,forecast,obr_databank,OBR-PFD-2026-09,sourced,"OBR databank 'Receipts (£bn)' column 'Public sector interest and dividend receipts' [JW2L+JW2M]. Forecast: OBR Economic and fiscal outlook forecast published March 2026, as carried in the databank."
receipts.detail.obr_databank.public_sector_interest_and_dividend_receipts,2027-28,UK,45.324692,gbp_bn,forecast,obr_databank,OBR-PFD-2026-09,sourced,"OBR databank 'Receipts (£bn)' column 'Public sector interest and dividend receipts' [JW2L+JW2M]. Forecast: OBR Economic and fiscal outlook forecast published March 2026, as carried in the databank."
receipts.detail.obr_databank.public_sector_interest_and_dividend_receipts,2028-29,UK,46.852908,gbp_bn,forecast,obr_databank,OBR-PFD-2026-09,sourced,"OBR databank 'Receipts (£bn)' column 'Public sector interest and dividend receipts' [JW2L+JW2M]. Forecast: OBR Economic and fiscal outlook forecast published March 2026, as carried in the databank."
receipts.detail.obr_databank.public_sector_interest_and_dividend_receipts,2029-30,UK,49.1074,gbp_bn,forecast,obr_databank,OBR-PFD-2026-09,sourced,"OBR databank 'Receipts (£bn)' column 'Public sector interest and dividend receipts' [JW2L+JW2M]. Forecast: OBR Economic and fiscal outlook forecast published March 2026, as carried in the databank."
receipts.detail.obr_databank.public_sector_interest_and_dividend_receipts,2030-31,UK,51.126313,gbp_bn,forecast,obr_databank,OBR-PFD-2026-09,sourced,"OBR databank 'Receipts (£bn)' column 'Public sector interest and dividend receipts' [JW2L+JW2M]. Forecast: OBR Economic and fiscal outlook forecast published March 2026, as carried in the databank."
receipts.detail.obr_databank.self_assessed_income_tax,2019-20,UK,32.009,gbp_bn,outturn,obr_databank,OBR-PFD-2026-09,sourced,OBR databank 'Receipts (£bn)' column 'Self assessed (SA) income tax' [LISB].
receipts.detail.obr_databank.self_assessed_income_tax,2020-21,UK,31.188,gbp_bn,outturn,obr_databank,OBR-PFD-2026-09,sourced,OBR databank 'Receipts (£bn)' column 'Self assessed (SA) income tax' [LISB].
receipts.detail.obr_databank.self_assessed_income_tax,2021-22,UK,37.028,gbp_bn,outturn,obr_databank,OBR-PFD-2026-09,sourced,OBR databank 'Receipts (£bn)' column 'Self assessed (SA) income tax' [LISB].
receipts.detail.obr_databank.self_assessed_income_tax,2022-23,UK,42.939,gbp_bn,outturn,obr_databank,OBR-PFD-2026-09,sourced,OBR databank 'Receipts (£bn)' column 'Self assessed (SA) income tax' [LISB].
receipts.detail.obr_databank.self_assessed_income_tax,2023-24,UK,42.257,gbp_bn,outturn,obr_databank,OBR-PFD-2026-09,sourced,OBR databank 'Receipts (£bn)' column 'Self assessed (SA) income tax' [LISB].
receipts.detail.obr_databank.self_assessed_income_tax,2024-25,UK,48.165,gbp_bn,outturn,obr_databank,OBR-PFD-2026-09,sourced,OBR databank 'Receipts (£bn)' column 'Self assessed (SA) income tax' [LISB].
receipts.detail.obr_databank.self_assessed_income_tax,2025-26,UK,54.071,gbp_bn,outturn,obr_databank,OBR-PFD-2026-09,sourced,OBR databank 'Receipts (£bn)' column 'Self assessed (SA) income tax' [LISB].
receipts.detail.obr_databank.self_assessed_income_tax,2026-27,UK,64.37273,gbp_bn,forecast,obr_databank,OBR-PFD-2026-09,sourced,"OBR databank 'Receipts (£bn)' column 'Self assessed (SA) income tax' [LISB]. Forecast: OBR Economic and fiscal outlook forecast published March 2026, as carried in the databank."
receipts.detail.obr_databank.self_assessed_income_tax,2027-28,UK,71.092043,gbp_bn,forecast,obr_databank,OBR-PFD-2026-09,sourced,"OBR databank 'Receipts (£bn)' column 'Self assessed (SA) income tax' [LISB]. Forecast: OBR Economic and fiscal outlook forecast published March 2026, as carried in the databank."
receipts.detail.obr_databank.self_assessed_income_tax,2028-29,UK,74.744382,gbp_bn,forecast,obr_databank,OBR-PFD-2026-09,sourced,"OBR databank 'Receipts (£bn)' column 'Self assessed (SA) income tax' [LISB]. Forecast: OBR Economic and fiscal outlook forecast published March 2026, as carried in the databank."
receipts.detail.obr_databank.self_assessed_income_tax,2029-30,UK,76.306124,gbp_bn,forecast,obr_databank,OBR-PFD-2026-09,sourced,"OBR databank 'Receipts (£bn)' column 'Self assessed (SA) income tax' [LISB]. Forecast: OBR Economic and fiscal outlook forecast published March 2026, as carried in the databank."
receipts.detail.obr_databank.self_assessed_income_tax,2030-31,UK,76.978292,gbp_bn,forecast,obr_databank,OBR-PFD-2026-09,sourced,"OBR databank 'Receipts (£bn)' column 'Self assessed (SA) income tax' [LISB]. Forecast: OBR Economic and fiscal outlook forecast published March 2026, as carried in the databank."
receipts.detail.obr_databank.stamp_duty_land_tax,2019-20,UK,12.549,gbp_bn,outturn,obr_databank,OBR-PFD-2026-09,sourced,OBR databank 'Receipts (£bn)' column 'Stamp duty land tax (includes Scottish LBTT and ATED)' [MM9F].
receipts.detail.obr_databank.stamp_duty_land_tax,2020-21,UK,9.525,gbp_bn,outturn,obr_databank,OBR-PFD-2026-09,sourced,OBR databank 'Receipts (£bn)' column 'Stamp duty land tax (includes Scottish LBTT and ATED)' [MM9F].
receipts.detail.obr_databank.stamp_duty_land_tax,2021-22,UK,15.417,gbp_bn,outturn,obr_databank,OBR-PFD-2026-09,sourced,OBR databank 'Receipts (£bn)' column 'Stamp duty land tax (includes Scottish LBTT and ATED)' [MM9F].
receipts.detail.obr_databank.stamp_duty_land_tax,2022-23,UK,16.695,gbp_bn,outturn,obr_databank,OBR-PFD-2026-09,sourced,OBR databank 'Receipts (£bn)' column 'Stamp duty land tax (includes Scottish LBTT and ATED)' [MM9F].
receipts.detail.obr_databank.stamp_duty_land_tax,2023-24,UK,12.799,gbp_bn,outturn,obr_databank,OBR-PFD-2026-09,sourced,OBR databank 'Receipts (£bn)' column 'Stamp duty land tax (includes Scottish LBTT and ATED)' [MM9F].
receipts.detail.obr_databank.stamp_duty_land_tax,2024-25,UK,15.227,gbp_bn,outturn,obr_databank,OBR-PFD-2026-09,sourced,OBR databank 'Receipts (£bn)' column 'Stamp duty land tax (includes Scottish LBTT and ATED)' [MM9F].
receipts.detail.obr_databank.stamp_duty_land_tax,2025-26,UK,16.627,gbp_bn,outturn,obr_databank,OBR-PFD-2026-09,sourced,OBR databank 'Receipts (£bn)' column 'Stamp duty land tax (includes Scottish LBTT and ATED)' [MM9F].
receipts.detail.obr_databank.stamp_duty_land_tax,2026-27,UK,19.709878,gbp_bn,forecast,obr_databank,OBR-PFD-2026-09,sourced,"OBR databank 'Receipts (£bn)' column 'Stamp duty land tax (includes Scottish LBTT and ATED)' [MM9F]. Forecast: OBR Economic and fiscal outlook forecast published March 2026, as carried in the databank."
receipts.detail.obr_databank.stamp_duty_land_tax,2027-28,UK,21.944607,gbp_bn,forecast,obr_databank,OBR-PFD-2026-09,sourced,"OBR databank 'Receipts (£bn)' column 'Stamp duty land tax (includes Scottish LBTT and ATED)' [MM9F]. Forecast: OBR Economic and fiscal outlook forecast published March 2026, as carried in the databank."
receipts.detail.obr_databank.stamp_duty_land_tax,2028-29,UK,24.299843,gbp_bn,forecast,obr_databank,OBR-PFD-2026-09,sourced,"OBR databank 'Receipts (£bn)' column 'Stamp duty land tax (includes Scottish LBTT and ATED)' [MM9F]. Forecast: OBR Economic and fiscal outlook forecast published March 2026, as carried in the databank."
receipts.detail.obr_databank.stamp_duty_land_tax,2029-30,UK,26.323982,gbp_bn,forecast,obr_databank,OBR-PFD-2026-09,sourced,"OBR databank 'Receipts (£bn)' column 'Stamp duty land tax (includes Scottish LBTT and ATED)' [MM9F]. Forecast: OBR Economic and fiscal outlook forecast published March 2026, as carried in the databank."
receipts.detail.obr_databank.stamp_duty_land_tax,2030-31,UK,28.08759,gbp_bn,forecast,obr_databank,OBR-PFD-2026-09,sourced,"OBR databank 'Receipts (£bn)' column 'Stamp duty land tax (includes Scottish LBTT and ATED)' [MM9F]. Forecast: OBR Economic and fiscal outlook forecast published March 2026, as carried in the databank."
receipts.detail.obr_databank.stamp_taxes_on_shares,2019-20,UK,3.617,gbp_bn,outturn,obr_databank,OBR-PFD-2026-09,sourced,OBR databank 'Receipts (£bn)' column 'Stamp taxes on shares' [BKST].
receipts.detail.obr_databank.stamp_taxes_on_shares,2020-21,UK,3.679,gbp_bn,outturn,obr_databank,OBR-PFD-2026-09,sourced,OBR databank 'Receipts (£bn)' column 'Stamp taxes on shares' [BKST].
receipts.detail.obr_databank.stamp_taxes_on_shares,2021-22,UK,4.371,gbp_bn,outturn,obr_databank,OBR-PFD-2026-09,sourced,OBR databank 'Receipts (£bn)' column 'Stamp taxes on shares' [BKST].
receipts.detail.obr_databank.stamp_taxes_on_shares,2022-23,UK,3.782,gbp_bn,outturn,obr_databank,OBR-PFD-2026-09,sourced,OBR databank 'Receipts (£bn)' column 'Stamp taxes on shares' [BKST].
receipts.detail.obr_databank.stamp_taxes_on_shares,2023-24,UK,3.197,gbp_bn,outturn,obr_databank,OBR-PFD-2026-09,sourced,OBR databank 'Receipts (£bn)' column 'Stamp taxes on shares' [BKST].
receipts.detail.obr_databank.stamp_taxes_on_shares,2024-25,UK,4.322,gbp_bn,outturn,obr_databank,OBR-PFD-2026-09,sourced,OBR databank 'Receipts (£bn)' column 'Stamp taxes on shares' [BKST].
receipts.detail.obr_databank.stamp_taxes_on_shares,2025-26,UK,4.735,gbp_bn,outturn,obr_databank,OBR-PFD-2026-09,sourced,OBR databank 'Receipts (£bn)' column 'Stamp taxes on shares' [BKST].
receipts.detail.obr_databank.stamp_taxes_on_shares,2026-27,UK,5.044926,gbp_bn,forecast,obr_databank,OBR-PFD-2026-09,sourced,"OBR databank 'Receipts (£bn)' column 'Stamp taxes on shares' [BKST]. Forecast: OBR Economic and fiscal outlook forecast published March 2026, as carried in the databank."
receipts.detail.obr_databank.stamp_taxes_on_shares,2027-28,UK,5.217098,gbp_bn,forecast,obr_databank,OBR-PFD-2026-09,sourced,"OBR databank 'Receipts (£bn)' column 'Stamp taxes on shares' [BKST]. Forecast: OBR Economic and fiscal outlook forecast published March 2026, as carried in the databank."
receipts.detail.obr_databank.stamp_taxes_on_shares,2028-29,UK,5.384541,gbp_bn,forecast,obr_databank,OBR-PFD-2026-09,sourced,"OBR databank 'Receipts (£bn)' column 'Stamp taxes on shares' [BKST]. Forecast: OBR Economic and fiscal outlook forecast published March 2026, as carried in the databank."
receipts.detail.obr_databank.stamp_taxes_on_shares,2029-30,UK,5.559986,gbp_bn,forecast,obr_databank,OBR-PFD-2026-09,sourced,"OBR databank 'Receipts (£bn)' column 'Stamp taxes on shares' [BKST]. Forecast: OBR Economic and fiscal outlook forecast published March 2026, as carried in the databank."
receipts.detail.obr_databank.stamp_taxes_on_shares,2030-31,UK,5.734776,gbp_bn,forecast,obr_databank,OBR-PFD-2026-09,sourced,"OBR databank 'Receipts (£bn)' column 'Stamp taxes on shares' [BKST]. Forecast: OBR Economic and fiscal outlook forecast published March 2026, as carried in the databank."
receipts.detail.obr_databank.tobacco_duties,2019-20,UK,9.693,gbp_bn,outturn,obr_databank,OBR-PFD-2026-09,sourced,OBR databank 'Receipts (£bn)' column 'Tobacco duties' [GTAO].
receipts.detail.obr_databank.tobacco_duties,2020-21,UK,9.788,gbp_bn,outturn,obr_databank,OBR-PFD-2026-09,sourced,OBR databank 'Receipts (£bn)' column 'Tobacco duties' [GTAO].
receipts.detail.obr_databank.tobacco_duties,2021-22,UK,10.191,gbp_bn,outturn,obr_databank,OBR-PFD-2026-09,sourced,OBR databank 'Receipts (£bn)' column 'Tobacco duties' [GTAO].
receipts.detail.obr_databank.tobacco_duties,2022-23,UK,9.375,gbp_bn,outturn,obr_databank,OBR-PFD-2026-09,sourced,OBR databank 'Receipts (£bn)' column 'Tobacco duties' [GTAO].
receipts.detail.obr_databank.tobacco_duties,2023-24,UK,8.969,gbp_bn,outturn,obr_databank,OBR-PFD-2026-09,sourced,OBR databank 'Receipts (£bn)' column 'Tobacco duties' [GTAO].
receipts.detail.obr_databank.tobacco_duties,2024-25,UK,7.909,gbp_bn,outturn,obr_databank,OBR-PFD-2026-09,sourced,OBR databank 'Receipts (£bn)' column 'Tobacco duties' [GTAO].
receipts.detail.obr_databank.tobacco_duties,2025-26,UK,7.468,gbp_bn,outturn,obr_databank,OBR-PFD-2026-09,sourced,OBR databank 'Receipts (£bn)' column 'Tobacco duties' [GTAO].
receipts.detail.obr_databank.tobacco_duties,2026-27,UK,7.4685,gbp_bn,forecast,obr_databank,OBR-PFD-2026-09,sourced,"OBR databank 'Receipts (£bn)' column 'Tobacco duties' [GTAO]. Forecast: OBR Economic and fiscal outlook forecast published March 2026, as carried in the databank."
receipts.detail.obr_databank.tobacco_duties,2027-28,UK,7.280075,gbp_bn,forecast,obr_databank,OBR-PFD-2026-09,sourced,"OBR databank 'Receipts (£bn)' column 'Tobacco duties' [GTAO]. Forecast: OBR Economic and fiscal outlook forecast published March 2026, as carried in the databank."
receipts.detail.obr_databank.tobacco_duties,2028-29,UK,7.038224,gbp_bn,forecast,obr_databank,OBR-PFD-2026-09,sourced,"OBR databank 'Receipts (£bn)' column 'Tobacco duties' [GTAO]. Forecast: OBR Economic and fiscal outlook forecast published March 2026, as carried in the databank."
receipts.detail.obr_databank.tobacco_duties,2029-30,UK,6.722186,gbp_bn,forecast,obr_databank,OBR-PFD-2026-09,sourced,"OBR databank 'Receipts (£bn)' column 'Tobacco duties' [GTAO]. Forecast: OBR Economic and fiscal outlook forecast published March 2026, as carried in the databank."
receipts.detail.obr_databank.tobacco_duties,2030-31,UK,6.585508,gbp_bn,forecast,obr_databank,OBR-PFD-2026-09,sourced,"OBR databank 'Receipts (£bn)' column 'Tobacco duties' [GTAO]. Forecast: OBR Economic and fiscal outlook forecast published March 2026, as carried in the databank."
receipts.detail.obr_databank.vat,2019-20,UK,134.743,gbp_bn,outturn,obr_databank,OBR-PFD-2026-09,sourced,OBR databank 'Receipts (£bn)' column 'VAT (net of VAT refunds)' [CTRU].
receipts.detail.obr_databank.vat,2020-21,UK,117.411,gbp_bn,outturn,obr_databank,OBR-PFD-2026-09,sourced,OBR databank 'Receipts (£bn)' column 'VAT (net of VAT refunds)' [CTRU].
receipts.detail.obr_databank.vat,2021-22,UK,143.394,gbp_bn,outturn,obr_databank,OBR-PFD-2026-09,sourced,OBR databank 'Receipts (£bn)' column 'VAT (net of VAT refunds)' [CTRU].
receipts.detail.obr_databank.vat,2022-23,UK,160.126,gbp_bn,outturn,obr_databank,OBR-PFD-2026-09,sourced,OBR databank 'Receipts (£bn)' column 'VAT (net of VAT refunds)' [CTRU].
receipts.detail.obr_databank.vat,2023-24,UK,168.305,gbp_bn,outturn,obr_databank,OBR-PFD-2026-09,sourced,OBR databank 'Receipts (£bn)' column 'VAT (net of VAT refunds)' [CTRU].
receipts.detail.obr_databank.vat,2024-25,UK,173.14,gbp_bn,outturn,obr_databank,OBR-PFD-2026-09,sourced,OBR databank 'Receipts (£bn)' column 'VAT (net of VAT refunds)' [CTRU].
receipts.detail.obr_databank.vat,2025-26,UK,180.326,gbp_bn,outturn,obr_databank,OBR-PFD-2026-09,sourced,OBR databank 'Receipts (£bn)' column 'VAT (net of VAT refunds)' [CTRU].
receipts.detail.obr_databank.vat,2026-27,UK,188.697082,gbp_bn,forecast,obr_databank,OBR-PFD-2026-09,sourced,"OBR databank 'Receipts (£bn)' column 'VAT (net of VAT refunds)' [CTRU]. Forecast: OBR Economic and fiscal outlook forecast published March 2026, as carried in the databank."
receipts.detail.obr_databank.vat,2027-28,UK,197.847029,gbp_bn,forecast,obr_databank,OBR-PFD-2026-09,sourced,"OBR databank 'Receipts (£bn)' column 'VAT (net of VAT refunds)' [CTRU]. Forecast: OBR Economic and fiscal outlook forecast published March 2026, as carried in the databank."
receipts.detail.obr_databank.vat,2028-29,UK,205.77803,gbp_bn,forecast,obr_databank,OBR-PFD-2026-09,sourced,"OBR databank 'Receipts (£bn)' column 'VAT (net of VAT refunds)' [CTRU]. Forecast: OBR Economic and fiscal outlook forecast published March 2026, as carried in the databank."
receipts.detail.obr_databank.vat,2029-30,UK,214.685842,gbp_bn,forecast,obr_databank,OBR-PFD-2026-09,sourced,"OBR databank 'Receipts (£bn)' column 'VAT (net of VAT refunds)' [CTRU]. Forecast: OBR Economic and fiscal outlook forecast published March 2026, as carried in the databank."
receipts.detail.obr_databank.vat,2030-31,UK,223.779047,gbp_bn,forecast,obr_databank,OBR-PFD-2026-09,sourced,"OBR databank 'Receipts (£bn)' column 'VAT (net of VAT refunds)' [CTRU]. Forecast: OBR Economic and fiscal outlook forecast published March 2026, as carried in the databank."
receipts.detail.obr_databank.vat_refunds,2019-20,UK,19.228,gbp_bn,outturn,obr_databank,OBR-PFD-2026-09,sourced,OBR databank 'Receipts (£bn)' column 'VAT refunds' [AHGO].
receipts.detail.obr_databank.vat_refunds,2020-21,UK,20.757,gbp_bn,outturn,obr_databank,OBR-PFD-2026-09,sourced,OBR databank 'Receipts (£bn)' column 'VAT refunds' [AHGO].
receipts.detail.obr_databank.vat_refunds,2021-22,UK,23.243,gbp_bn,outturn,obr_databank,OBR-PFD-2026-09,sourced,OBR databank 'Receipts (£bn)' column 'VAT refunds' [AHGO].
receipts.detail.obr_databank.vat_refunds,2022-23,UK,25.196,gbp_bn,outturn,obr_databank,OBR-PFD-2026-09,sourced,OBR databank 'Receipts (£bn)' column 'VAT refunds' [AHGO].
receipts.detail.obr_databank.vat_refunds,2023-24,UK,28.083,gbp_bn,outturn,obr_databank,OBR-PFD-2026-09,sourced,OBR databank 'Receipts (£bn)' column 'VAT refunds' [AHGO].
receipts.detail.obr_databank.vat_refunds,2024-25,UK,29.435,gbp_bn,outturn,obr_databank,OBR-PFD-2026-09,sourced,OBR databank 'Receipts (£bn)' column 'VAT refunds' [AHGO].
receipts.detail.obr_databank.vat_refunds,2025-26,UK,30.5,gbp_bn,outturn,obr_databank,OBR-PFD-2026-09,sourced,OBR databank 'Receipts (£bn)' column 'VAT refunds' [AHGO].
receipts.detail.obr_databank.vat_refunds,2026-27,UK,31.256339,gbp_bn,forecast,obr_databank,OBR-PFD-2026-09,sourced,"OBR databank 'Receipts (£bn)' column 'VAT refunds' [AHGO]. Forecast: OBR Economic and fiscal outlook forecast published March 2026, as carried in the databank."
receipts.detail.obr_databank.vat_refunds,2027-28,UK,32.423354,gbp_bn,forecast,obr_databank,OBR-PFD-2026-09,sourced,"OBR databank 'Receipts (£bn)' column 'VAT refunds' [AHGO]. Forecast: OBR Economic and fiscal outlook forecast published March 2026, as carried in the databank."
receipts.detail.obr_databank.vat_refunds,2028-29,UK,32.710972,gbp_bn,forecast,obr_databank,OBR-PFD-2026-09,sourced,"OBR databank 'Receipts (£bn)' column 'VAT refunds' [AHGO]. Forecast: OBR Economic and fiscal outlook forecast published March 2026, as carried in the databank."
receipts.detail.obr_databank.vat_refunds,2029-30,UK,33.297786,gbp_bn,forecast,obr_databank,OBR-PFD-2026-09,sourced,"OBR databank 'Receipts (£bn)' column 'VAT refunds' [AHGO]. Forecast: OBR Economic and fiscal outlook forecast published March 2026, as carried in the databank."
receipts.detail.obr_databank.vat_refunds,2030-31,UK,34.702962,gbp_bn,forecast,obr_databank,OBR-PFD-2026-09,sourced,"OBR databank 'Receipts (£bn)' column 'VAT refunds' [AHGO]. Forecast: OBR Economic and fiscal outlook forecast published March 2026, as carried in the databank."
receipts.detail.obr_databank.vehicle_excise_duties,2019-20,UK,6.984,gbp_bn,outturn,obr_databank,OBR-PFD-2026-09,sourced,OBR databank 'Receipts (£bn)' column 'Vehicle excise duties1' [EKED + CDDZ].
receipts.detail.obr_databank.vehicle_excise_duties,2020-21,UK,6.898,gbp_bn,outturn,obr_databank,OBR-PFD-2026-09,sourced,OBR databank 'Receipts (£bn)' column 'Vehicle excise duties1' [EKED + CDDZ].
receipts.detail.obr_databank.vehicle_excise_duties,2021-22,UK,7.133,gbp_bn,outturn,obr_databank,OBR-PFD-2026-09,sourced,OBR databank 'Receipts (£bn)' column 'Vehicle excise duties1' [EKED + CDDZ].
receipts.detail.obr_databank.vehicle_excise_duties,2022-23,UK,7.325,gbp_bn,outturn,obr_databank,OBR-PFD-2026-09,sourced,OBR databank 'Receipts (£bn)' column 'Vehicle excise duties1' [EKED + CDDZ].
receipts.detail.obr_databank.vehicle_excise_duties,2023-24,UK,7.837,gbp_bn,outturn,obr_databank,OBR-PFD-2026-09,sourced,OBR databank 'Receipts (£bn)' column 'Vehicle excise duties1' [EKED + CDDZ].
receipts.detail.obr_databank.vehicle_excise_duties,2024-25,UK,8.362,gbp_bn,outturn,obr_databank,OBR-PFD-2026-09,sourced,OBR databank 'Receipts (£bn)' column 'Vehicle excise duties1' [EKED + CDDZ].
receipts.detail.obr_databank.vehicle_excise_duties,2025-26,UK,9.031,gbp_bn,outturn,obr_databank,OBR-PFD-2026-09,sourced,OBR databank 'Receipts (£bn)' column 'Vehicle excise duties1' [EKED + CDDZ].
receipts.detail.obr_databank.vehicle_excise_duties,2026-27,UK,10.087113,gbp_bn,forecast,obr_databank,OBR-PFD-2026-09,sourced,"OBR databank 'Receipts (£bn)' column 'Vehicle excise duties1' [EKED + CDDZ]. Forecast: OBR Economic and fiscal outlook forecast published March 2026, as carried in the databank."
receipts.detail.obr_databank.vehicle_excise_duties,2027-28,UK,10.511363,gbp_bn,forecast,obr_databank,OBR-PFD-2026-09,sourced,"OBR databank 'Receipts (£bn)' column 'Vehicle excise duties1' [EKED + CDDZ]. Forecast: OBR Economic and fiscal outlook forecast published March 2026, as carried in the databank."
receipts.detail.obr_databank.vehicle_excise_duties,2028-29,UK,12.009582,gbp_bn,forecast,obr_databank,OBR-PFD-2026-09,sourced,"OBR databank 'Receipts (£bn)' column 'Vehicle excise duties1' [EKED + CDDZ]. Forecast: OBR Economic and fiscal outlook forecast published March 2026, as carried in the databank."
receipts.detail.obr_databank.vehicle_excise_duties,2029-30,UK,12.71799,gbp_bn,forecast,obr_databank,OBR-PFD-2026-09,sourced,"OBR databank 'Receipts (£bn)' column 'Vehicle excise duties1' [EKED + CDDZ]. Forecast: OBR Economic and fiscal outlook forecast published March 2026, as carried in the databank."
receipts.detail.obr_databank.vehicle_excise_duties,2030-31,UK,13.514485,gbp_bn,forecast,obr_databank,OBR-PFD-2026-09,sourced,"OBR databank 'Receipts (£bn)' column 'Vehicle excise duties1' [EKED + CDDZ]. Forecast: OBR Economic and fiscal outlook forecast published March 2026, as carried in the databank."
receipts.total,2019-20,UK,828.075,gbp_bn,outturn,obr_databank,OBR-PFD-2026-09,sourced,
receipts.total,2020-21,UK,792.959,gbp_bn,outturn,obr_databank,OBR-PFD-2026-09,sourced,
receipts.total,2021-22,UK,922.217,gbp_bn,outturn,obr_databank,OBR-PFD-2026-09,sourced,
receipts.total,2022-23,UK,1034.576,gbp_bn,outturn,obr_databank,OBR-PFD-2026-09,sourced,
receipts.total,2023-24,UK,1096.559,gbp_bn,outturn,obr_databank,OBR-PFD-2026-09,sourced,
receipts.total,2024-25,UK,1140.579,gbp_bn,outturn,obr_databank,OBR-PFD-2026-09,sourced,
receipts.total,2025-26,UK,1231.312,gbp_bn,outturn,obr_databank,OBR-PFD-2026-09,sourced,
receipts.total,2026-27,UK,1303.793452,gbp_bn,forecast,obr_databank,OBR-PFD-2026-09,sourced,"Forecast: OBR Economic and fiscal outlook forecast published March 2026, as carried in the databank."
receipts.total,2027-28,UK,1375.407548,gbp_bn,forecast,obr_databank,OBR-PFD-2026-09,sourced,"Forecast: OBR Economic and fiscal outlook forecast published March 2026, as carried in the databank."
receipts.total,2028-29,UK,1427.437605,gbp_bn,forecast,obr_databank,OBR-PFD-2026-09,sourced,"Forecast: OBR Economic and fiscal outlook forecast published March 2026, as carried in the databank."
receipts.total,2029-30,UK,1491.944415,gbp_bn,forecast,obr_databank,OBR-PFD-2026-09,sourced,"Forecast: OBR Economic and fiscal outlook forecast published March 2026, as carried in the databank."
receipts.total,2030-31,UK,1551.484554,gbp_bn,forecast,obr_databank,OBR-PFD-2026-09,sourced,"Forecast: OBR Economic and fiscal outlook forecast published March 2026, as carried in the databank."
spending.debt_interest,2019-20,UK,39.261,gbp_bn,outturn,obr_databank,OBR-PFD-2026-09,sourced,
spending.debt_interest,2020-21,UK,25.225,gbp_bn,outturn,obr_databank,OBR-PFD-2026-09,sourced,
spending.debt_interest,2021-22,UK,55.47,gbp_bn,outturn,obr_databank,OBR-PFD-2026-09,sourced,
spending.debt_interest,2022-23,UK,111.869,gbp_bn,outturn,obr_databank,OBR-PFD-2026-09,sourced,
spending.debt_interest,2023-24,UK,107.371,gbp_bn,outturn,obr_databank,OBR-PFD-2026-09,sourced,
spending.debt_interest,2024-25,UK,106.054,gbp_bn,outturn,obr_databank,OBR-PFD-2026-09,sourced,
spending.debt_interest,2025-26,UK,108.851,gbp_bn,outturn,obr_databank,OBR-PFD-2026-09,sourced,
spending.debt_interest,2026-27,UK,109.366036,gbp_bn,forecast,obr_databank,OBR-PFD-2026-09,sourced,"Forecast: OBR Economic and fiscal outlook forecast published March 2026, as carried in the databank."
spending.debt_interest,2027-28,UK,116.70904,gbp_bn,forecast,obr_databank,OBR-PFD-2026-09,sourced,"Forecast: OBR Economic and fiscal outlook forecast published March 2026, as carried in the databank."
spending.debt_interest,2028-29,UK,125.923112,gbp_bn,forecast,obr_databank,OBR-PFD-2026-09,sourced,"Forecast: OBR Economic and fiscal outlook forecast published March 2026, as carried in the databank."
spending.debt_interest,2029-30,UK,134.704204,gbp_bn,forecast,obr_databank,OBR-PFD-2026-09,sourced,"Forecast: OBR Economic and fiscal outlook forecast published March 2026, as carried in the databank."
spending.debt_interest,2030-31,UK,137.11141,gbp_bn,forecast,obr_databank,OBR-PFD-2026-09,sourced,"Forecast: OBR Economic and fiscal outlook forecast published March 2026, as carried in the databank."
spending.depreciation,2019-20,UK,51.782,gbp_bn,outturn,obr_databank,OBR-PFD-2026-09,sourced,
spending.depreciation,2020-21,UK,52.731,gbp_bn,outturn,obr_databank,OBR-PFD-2026-09,sourced,
spending.depreciation,2021-22,UK,54.456,gbp_bn,outturn,obr_databank,OBR-PFD-2026-09,sourced,
spending.depreciation,2022-23,UK,59.728,gbp_bn,outturn,obr_databank,OBR-PFD-2026-09,sourced,
spending.depreciation,2023-24,UK,64.094,gbp_bn,outturn,obr_databank,OBR-PFD-2026-09,sourced,
spending.depreciation,2024-25,UK,67.726,gbp_bn,outturn,obr_databank,OBR-PFD-2026-09,sourced,
spending.depreciation,2025-26,UK,72.33,gbp_bn,outturn,obr_databank,OBR-PFD-2026-09,sourced,
spending.depreciation,2026-27,UK,77.444929,gbp_bn,forecast,obr_databank,OBR-PFD-2026-09,sourced,"Forecast: OBR Economic and fiscal outlook forecast published March 2026, as carried in the databank."
spending.depreciation,2027-28,UK,80.787223,gbp_bn,forecast,obr_databank,OBR-PFD-2026-09,sourced,"Forecast: OBR Economic and fiscal outlook forecast published March 2026, as carried in the databank."
spending.depreciation,2028-29,UK,84.030679,gbp_bn,forecast,obr_databank,OBR-PFD-2026-09,sourced,"Forecast: OBR Economic and fiscal outlook forecast published March 2026, as carried in the databank."
spending.depreciation,2029-30,UK,86.977074,gbp_bn,forecast,obr_databank,OBR-PFD-2026-09,sourced,"Forecast: OBR Economic and fiscal outlook forecast published March 2026, as carried in the databank."
spending.depreciation,2030-31,UK,90.176553,gbp_bn,forecast,obr_databank,OBR-PFD-2026-09,sourced,"Forecast: OBR Economic and fiscal outlook forecast published March 2026, as carried in the databank."
spending.psce,2019-20,UK,792.176,gbp_bn,outturn,obr_databank,OBR-PFD-2026-09,sourced,
spending.psce,2020-21,UK,977.272,gbp_bn,outturn,obr_databank,OBR-PFD-2026-09,sourced,
spending.psce,2021-22,UK,934.501,gbp_bn,outturn,obr_databank,OBR-PFD-2026-09,sourced,
spending.psce,2022-23,UK,1051.704,gbp_bn,outturn,obr_databank,OBR-PFD-2026-09,sourced,
spending.psce,2023-24,UK,1097.276,gbp_bn,outturn,obr_databank,OBR-PFD-2026-09,sourced,
spending.psce,2024-25,UK,1146.058,gbp_bn,outturn,obr_databank,OBR-PFD-2026-09,sourced,
spending.psce,2025-26,UK,1206.374,gbp_bn,outturn,obr_databank,OBR-PFD-2026-09,sourced,
spending.psce,2026-27,UK,1260.266059,gbp_bn,forecast,obr_databank,OBR-PFD-2026-09,sourced,"Forecast: OBR Economic and fiscal outlook forecast published March 2026, as carried in the databank."
spending.psce,2027-28,UK,1299.179796,gbp_bn,forecast,obr_databank,OBR-PFD-2026-09,sourced,"Forecast: OBR Economic and fiscal outlook forecast published March 2026, as carried in the databank."
spending.psce,2028-29,UK,1340.118558,gbp_bn,forecast,obr_databank,OBR-PFD-2026-09,sourced,"Forecast: OBR Economic and fiscal outlook forecast published March 2026, as carried in the databank."
spending.psce,2029-30,UK,1381.403706,gbp_bn,forecast,obr_databank,OBR-PFD-2026-09,sourced,"Forecast: OBR Economic and fiscal outlook forecast published March 2026, as carried in the databank."
spending.psce,2030-31,UK,1431.014635,gbp_bn,forecast,obr_databank,OBR-PFD-2026-09,sourced,"Forecast: OBR Economic and fiscal outlook forecast published March 2026, as carried in the databank."
spending.psni,2019-20,UK,42.88,gbp_bn,outturn,obr_databank,OBR-PFD-2026-09,sourced,
spending.psni,2020-21,UK,73.79,gbp_bn,outturn,obr_databank,OBR-PFD-2026-09,sourced,
spending.psni,2021-22,UK,49.238,gbp_bn,outturn,obr_databank,OBR-PFD-2026-09,sourced,
spending.psni,2022-23,UK,46.96,gbp_bn,outturn,obr_databank,OBR-PFD-2026-09,sourced,
spending.psni,2023-24,UK,70.423,gbp_bn,outturn,obr_databank,OBR-PFD-2026-09,sourced,
spending.psni,2024-25,UK,76.564,gbp_bn,outturn,obr_databank,OBR-PFD-2026-09,sourced,
spending.psni,2025-26,UK,86.894,gbp_bn,outturn,obr_databank,OBR-PFD-2026-09,sourced,
spending.psni,2026-27,UK,81.543887,gbp_bn,forecast,obr_databank,OBR-PFD-2026-09,sourced,"Forecast: OBR Economic and fiscal outlook forecast published March 2026, as carried in the databank."
spending.psni,2027-28,UK,91.907897,gbp_bn,forecast,obr_databank,OBR-PFD-2026-09,sourced,"Forecast: OBR Economic and fiscal outlook forecast published March 2026, as carried in the databank."
spending.psni,2028-29,UK,89.304002,gbp_bn,forecast,obr_databank,OBR-PFD-2026-09,sourced,"Forecast: OBR Economic and fiscal outlook forecast published March 2026, as carried in the databank."
spending.psni,2029-30,UK,86.967079,gbp_bn,forecast,obr_databank,OBR-PFD-2026-09,sourced,"Forecast: OBR Economic and fiscal outlook forecast published March 2026, as carried in the databank."
spending.psni,2030-31,UK,89.313278,gbp_bn,forecast,obr_databank,OBR-PFD-2026-09,sourced,"Forecast: OBR Economic and fiscal outlook forecast published March 2026, as carried in the databank."
spending.tme,2019-20,UK,886.838,gbp_bn,outturn,obr_databank,OBR-PFD-2026-09,sourced,
spending.tme,2020-21,UK,1103.793,gbp_bn,outturn,obr_databank,OBR-PFD-2026-09,sourced,
spending.tme,2021-22,UK,1038.195,gbp_bn,outturn,obr_databank,OBR-PFD-2026-09,sourced,
spending.tme,2022-23,UK,1158.392,gbp_bn,outturn,obr_databank,OBR-PFD-2026-09,sourced,
spending.tme,2023-24,UK,1231.793,gbp_bn,outturn,obr_databank,OBR-PFD-2026-09,sourced,
spending.tme,2024-25,UK,1290.348,gbp_bn,outturn,obr_databank,OBR-PFD-2026-09,sourced,
spending.tme,2025-26,UK,1365.598,gbp_bn,outturn,obr_databank,OBR-PFD-2026-09,sourced,
spending.tme,2026-27,UK,1419.254876,gbp_bn,forecast,obr_databank,OBR-PFD-2026-09,sourced,"Forecast: OBR Economic and fiscal outlook forecast published March 2026, as carried in the databank."
spending.tme,2027-28,UK,1471.874916,gbp_bn,forecast,obr_databank,OBR-PFD-2026-09,sourced,"Forecast: OBR Economic and fiscal outlook forecast published March 2026, as carried in the databank."
spending.tme,2028-29,UK,1513.453239,gbp_bn,forecast,obr_databank,OBR-PFD-2026-09,sourced,"Forecast: OBR Economic and fiscal outlook forecast published March 2026, as carried in the databank."
spending.tme,2029-30,UK,1555.347859,gbp_bn,forecast,obr_databank,OBR-PFD-2026-09,sourced,"Forecast: OBR Economic and fiscal outlook forecast published March 2026, as carried in the databank."
spending.tme,2030-31,UK,1610.504465,gbp_bn,forecast,obr_databank,OBR-PFD-2026-09,sourced,"Forecast: OBR Economic and fiscal outlook forecast published March 2026, as carried in the databank."
